delay,freq,condition,thisN,thisTrialN,thisRepN,key_resp.keys,key_resp.rt,key_resp.duration,textbox.text,button.numClicks,button.timesOn,button.timesOff,trials_2.thisRepN,trials_2.thisTrialN,trials_2.thisN,trials_2.thisIndex,thisRow.t,notes,trial.started,polygon.started,polygon_2.started,key_resp.started,polygon.stopped,trial.stopped,trials_2.key_resp.keys,trials_2.key_resp.rt,trials_2.key_resp.duration,beep.started,sound_1.started,sound_1.stopped,beep.stopped,response.started,text.started,textbox.started,button.started,response.stopped,trials_2.textbox.text,trials_2.button.numClicks,trials_2.button.timesOn,trials_2.button.timesOff,participant,session,date,expName,expVersion,psychopyVersion,frameRate,expStart,
0.7,1000,exp,0,0,0,space,0.8924248330295086,None,400,1,[8.817431125033181],[8.817436665995046],0,0,0,8,0.04191341600380838,,0.033399750012904406,0.04191341600380838,0.9919590000063181,0.9919590000063181,1.0339113750378601,2.323006750026252,space,0.8924248330295086,None,2.3235700000077486,3.024024832706588,3.3462014160468243,3.3133743749931455,3.3164873750065453,3.3462014160468243,3.3462014160468243,3.3462014160468243,12.163962416001596,400,1,[8.817431125033181],[8.817436665995046],P1,001,2025-11-11_20h54.28.783,IntentionalBinding_NupurShah,,2025.1.1,120.24644457095427,2025-11-11 20h54.39.512828 +0530,
0.4,1000,exp,1,1,0,space,3.2991133329924196,None,100,1,[6.179772583011072],[6.179779333004262],0,1,1,7,12.169398291036487,,12.164252250047866,12.169398291036487,13.158368541044183,13.158368541044183,13.16752058302518,16.461137041042093,space,3.2991133329924196,None,16.463580333045684,16.868205749666473,17.17486737499712,17.15699475002475,17.158114000048954,17.17486737499712,17.17486737499712,17.17486737499712,23.35499154101126,100,1,[6.179772583011072],[6.179779333004262],P1,001,2025-11-11_20h54.28.783,IntentionalBinding_NupurShah,,2025.1.1,120.24644457095427,2025-11-11 20h54.39.512828 +0530,
0.4,400,unexp,2,2,0,space,0.8273267910117283,None,200,1,[4.009549833019264],[4.009555541037116],0,2,2,1,23.360768540995196,,23.355227833031677,23.360768540995196,24.351298583031166,24.351298583031166,24.358250958030112,25.18595070799347,space,0.8273267910117283,None,25.187627875013277,25.585029999671193,25.891823333047796,25.87360816600267,25.875445625046268,25.891823333047796,25.891823333047796,25.891823333047796,29.901663541037124,200,1,[4.009549833019264],[4.009555541037116],P1,001,2025-11-11_20h54.28.783,IntentionalBinding_NupurShah,,2025.1.1,120.24644457095427,2025-11-11 20h54.39.512828 +0530,
0.4,1000,exp,3,3,0,space,0.9020507070235908,None,200,1,[7.677366667019669],[7.677372874983121],0,3,3,4,29.906085458002053,,29.90187204099493,29.906085458002053,30.892506666015834,30.892506666015834,30.901130916026887,31.80291908304207,space,0.9020507070235908,None,31.804484083026182,32.208249957712056,32.511239290994126,32.49659295799211,32.49796883302042,32.511239290994126,32.511239290994126,32.511239290994126,40.18889824999496,200,1,[7.677366667019669],[7.677372874983121],P1,001,2025-11-11_20h54.28.783,IntentionalBinding_NupurShah,,2025.1.1,120.24644457095427,2025-11-11 20h54.39.512828 +0530,
0.1,1000,exp,4,4,0,space,1.1937562490347773,None,100,1,[2.0696541250217706],[2.0696596250054426],0,4,4,6,40.201705540996045,,40.18911208299687,40.201705540996045,41.18453833303647,41.18453833303647,41.190920207998715,42.38674795802217,space,1.1937562490347773,None,42.38787954102736,42.49099349970153,42.79885362501955,42.78081804100657,42.782372916000895,42.79885362501955,42.79885362501955,42.79885362501955,44.868791625020094,100,1,[2.0696541250217706],[2.0696596250054426],P1,001,2025-11-11_20h54.28.783,IntentionalBinding_NupurShah,,2025.1.1,120.24644457095427,2025-11-11 20h54.39.512828 +0530,
0.7,1000,exp,5,5,0,space,2.559453665977344,None,100,1,[5.7302458340418525],[5.730251375003718],0,5,5,11,44.88467366603436,,44.868995833036024,44.88467366603436,45.8588579579955,45.8588579579955,45.875170916027855,48.420130750047974,space,2.559453665977344,None,48.42153579101432,49.12496799970201,49.43164920801064,49.414268458029255,49.41589658299927,49.43164920801064,49.43164920801064,49.43164920801064,55.16218220803421,100,1,[5.7302458340418525],[5.730251375003718],P1,001,2025-11-11_20h54.28.783,IntentionalBinding_NupurShah,,2025.1.1,120.24644457095427,2025-11-11 20h54.39.512828 +0530,
0.7,1000,exp,6,6,0,space,0.7381855409475975,None,700,1,[2.321572458022274],[2.3215776670258492],0,6,6,5,55.16747829102678,,55.16241400002036,55.16747829102678,56.15907312504714,56.15907312504714,56.15907312504714,56.903658833005466,space,0.7381855409475975,None,56.90502787503647,57.60842462466486,57.91384441603441,57.89664604101563,57.89830720803002,57.91384441603441,57.91384441603441,57.91384441603441,60.235728041036054,700,1,[2.321572458022274],[2.3215776670258492],P1,001,2025-11-11_20h54.28.783,IntentionalBinding_NupurShah,,2025.1.1,120.24644457095427,2025-11-11 20h54.39.512828 +0530,
0.1,400,unexp,7,7,0,space,1.4102415410452522,None,400,1,[3.34126750001451],[3.341272542020306],0,7,7,0,60.25164712499827,,60.235920208040625,60.25164712499827,61.22590650001075,61.22590650001075,61.24181179102743,62.64345920801861,space,1.4102415410452522,None,62.64482045802288,62.75215162471092,63.06061037501786,63.04119233303936,63.04299337504199,63.06061037501786,63.06061037501786,63.06061037501786,66.40216208301717,400,1,[3.34126750001451],[3.341272542020306],P1,001,2025-11-11_20h54.28.783,IntentionalBinding_NupurShah,,2025.1.1,120.24644457095427,2025-11-11 20h54.39.512828 +0530,
0.1,1000,exp,8,8,0,space,1.1759624159894884,None,100,1,[1.6069612500141375],[1.6069669999997132],0,8,8,3,66.40707266604295,,66.4023699160316,66.40707266604295,67.39332112501143,67.39332112501143,67.40188704099273,68.57146237499546,space,1.1759624159894884,None,68.57323345803889,68.67491383268886,68.98081458301749,68.9634500000393,68.9648031660472,68.98081458301749,68.98081458301749,68.98081458301749,70.58807699999306,100,1,[1.6069612500141375],[1.6069669999997132],P1,001,2025-11-11_20h54.28.783,IntentionalBinding_NupurShah,,2025.1.1,120.24644457095427,2025-11-11 20h54.39.512828 +0530,
0.7,400,unexp,9,9,0,space,1.0318679159972817,None,100,1,[6.325149542011786],[6.325154874997679],0,9,9,2,70.59337104100268,,70.58827458304586,70.59337104100268,71.58534766599769,71.58534766599769,71.5917262500152,72.62030062504346,space,1.0318679159972817,None,72.62181362503907,73.32575791667138,73.63085975003196,73.61463208304485,73.61611483304296,73.63085975003196,73.63085975003196,73.63085975003196,79.95631625002716,100,1,[6.325149542011786],[6.325154874997679],P1,001,2025-11-11_20h54.28.783,IntentionalBinding_NupurShah,,2025.1.1,120.24644457095427,2025-11-11 20h54.39.512828 +0530,
0.4,1000,exp,10,10,0,space,1.0248472079983912,None,100 ,1,[3.079103208030574],[3.079109833051916],0,10,10,10,79.96873854100704,,79.95652537501883,79.96873854100704,80.95220620802138,80.95220620802138,80.95863295800518,81.98714016599115,space,1.0248472079983912,None,81.98846383299679,82.39208162471574,82.70020741602639,82.68114045803668,82.68293679103954,82.70020741602639,82.70020741602639,82.70020741602639,85.77960929099936,100 ,1,[3.079103208030574],[3.079109833051916],P1,001,2025-11-11_20h54.28.783,IntentionalBinding_NupurShah,,2025.1.1,120.24644457095427,2025-11-11 20h54.39.512828 +0530,
0.1,1000,exp,11,11,0,space,0.7628117079730146,None,100,1,[1.9854046249529347],[1.9854097499628551],0,11,11,9,85.78517820802517,,85.7798076250474,85.78517820802517,86.77627525001299,86.77627525001299,86.77627525001299,87.54394791601226,space,0.7628117079730146,None,87.54536112502683,87.65216245770377,87.95991120801773,87.94159962504636,87.94389670802047,87.95991120801773,87.95991120801773,87.95991120801773,89.94561420800164,100,1,[1.9854046249529347],[1.9854097499628551],P1,001,2025-11-11_20h54.28.783,IntentionalBinding_NupurShah,,2025.1.1,120.24644457095427,2025-11-11 20h54.39.512828 +0530,
0.1,400,unexp,12,0,1,space,0.5199982909834944,None,400,1,[2.094945166958496],[2.0949504589661956],1,0,12,0,89.95133883302333,,89.9458307500463,89.95133883302333,90.94223229103955,90.94223229103955,90.94223229103955,91.47154437500285,space,0.5199982909834944,None,91.47333341604099,91.57513399969709,91.88369966601022,91.86507562501356,91.8667207499966,91.88369966601022,91.88369966601022,91.88369966601022,93.97896691603819,400,1,[2.094945166958496],[2.0949504589661956],P1,001,2025-11-11_20h54.28.783,IntentionalBinding_NupurShah,,2025.1.1,120.24644457095427,2025-11-11 20h54.39.512828 +0530,
0.1,1000,exp,13,1,1,space,0.9478364160167985,None,500,1,[9.837850625044666],[9.837857083010022],1,1,13,9,93.98477937502321,,93.97918150003534,93.98477937502321,94.97529775003204,94.97529775003204,94.97529775003204,95.92709000001196,space,0.9478364160167985,None,95.92848520801635,96.02851274970841,96.34111195802689,96.32438737503253,96.32617625000421,96.34111195802689,96.34111195802689,96.34111195802689,106.17926429101499,500,1,[9.837850625044666],[9.837857083010022],P1,001,2025-11-11_20h54.28.783,IntentionalBinding_NupurShah,,2025.1.1,120.24644457095427,2025-11-11 20h54.39.512828 +0530,
0.7,1000,exp,14,2,1,space,1.1860464159981348,None,700,1,[1.9698898330098018],[1.9698950829915702],1,2,14,8,106.18553670804249,,106.17949212499661,106.18553670804249,107.17613858304685,107.17613858304685,107.17613858304685,108.37147266604006,space,1.1860464159981348,None,108.3728241660283,109.07601058268143,109.38285241601989,109.3656235410017,109.3671118330094,109.38285241601989,109.38285241601989,109.38285241601989,111.35302500001853,700,1,[1.9698898330098018],[1.9698950829915702],P1,001,2025-11-11_20h54.28.783,IntentionalBinding_NupurShah,,2025.1.1,120.24644457095427,2025-11-11 20h54.39.512828 +0530,
0.1,1000,exp,15,3,1,space,0.8798476239899173,None,100,1,[1.7859039169852622],[1.7859096669708379],1,3,15,3,111.35813391604461,,111.35322529100813,111.35813391604461,112.34343954100041,112.34343954100041,112.35271858301712,113.22807675000513,space,0.8798476239899173,None,113.22970075003104,113.33672983269595,113.64245333301369,113.62504204100696,113.62669116602046,113.64245333301369,113.64245333301369,113.64245333301369,115.42865733301733,100,1,[1.7859039169852622],[1.7859096669708379],P1,001,2025-11-11_20h54.28.783,IntentionalBinding_NupurShah,,2025.1.1,120.24644457095427,2025-11-11 20h54.39.512828 +0530,
0.4,1000,exp,16,4,1,space,0.42902970797149464,None,100,1,[1.4872325419564731],[1.4872389590018429],1,4,16,4,115.43504225002835,,115.42887191602495,115.43504225002835,116.42608624999411,116.42608624999411,116.42608624999411,116.86106212501181,space,0.42902970797149464,None,116.8624065410113,117.26977762469711,117.57538912503514,117.55880362499738,117.56060787499882,117.57538912503514,117.57538912503514,117.57538912503514,119.06292554101674,100,1,[1.4872325419564731],[1.4872389590018429],P1,001,2025-11-11_20h54.28.783,IntentionalBinding_NupurShah,,2025.1.1,120.24644457095427,2025-11-11 20h54.39.512828 +0530,
0.7,400,unexp,17,5,1,space,0.9715483330073766,None,700,1,[2.2077627920079976],[2.207768667023629],1,5,17,2,119.06850774999475,,119.0631242080126,119.06850774999475,120.05959029099904,120.05959029099904,120.05959029099904,121.03808900003787,space,0.9715483330073766,None,121.04025608301163,121.74246937467639,122.04858008300653,122.03185212501558,122.03353616601089,122.04858008300653,122.04858008300653,122.04858008300653,124.25662416603882,700,1,[2.2077627920079976],[2.207768667023629],P1,001,2025-11-11_20h54.28.783,IntentionalBinding_NupurShah,,2025.1.1,120.24644457095427,2025-11-11 20h54.39.512828 +0530,
0.4,1000,exp,18,6,1,space,0.9919779160409234,None,400,1,[2.868672708980739],[2.868678250000812],1,6,18,10,124.26934954099124,,124.25681820802856,124.26934954099124,125.25306379102403,125.25306379102403,125.25981679104734,126.25509466603398,space,0.9919779160409234,None,126.2565619579982,126.65995087469152,126.9678338750382,126.94905675004702,126.95071016601287,126.9678338750382,126.9678338750382,126.9678338750382,129.83678400004283,400,1,[2.868672708980739],[2.868678250000812],P1,001,2025-11-11_20h54.28.783,IntentionalBinding_NupurShah,,2025.1.1,120.24644457095427,2025-11-11 20h54.39.512828 +0530,
0.7,1000,exp,19,7,1,space,1.2292763330042362,None,100,1,[1.8127974160015583],[1.8128032910171896],1,7,19,11,129.84192325000186,,129.8369866250432,129.84192325000186,130.826898875006,130.826898875006,130.83646341599524,132.06116687500617,space,1.2292763330042362,None,132.06247470801463,132.77004879166296,133.0760233750334,133.05866420804523,133.06042008299846,133.0760233750334,133.0760233750334,133.0760233750334,134.889115708007,100,1,[1.8127974160015583],[1.8128032910171896],P1,001,2025-11-11_20h54.28.783,IntentionalBinding_NupurShah,,2025.1.1,120.24644457095427,2025-11-11 20h54.39.512828 +0530,
0.4,400,unexp,20,8,1,space,1.7088806659448892,None,400,1,[2.1050520410062745],[2.105057166016195],1,8,20,1,134.89427120803157,,134.88930999999866,134.89427120803157,135.88604083302198,135.88604083302198,135.88604083302198,137.60494004102657,space,1.7088806659448892,None,137.60645254101837,138.00939704169676,138.31482525001047,138.29844204103574,138.30028000002494,138.31482525001047,138.31482525001047,138.31482525001047,140.4201925410307,400,1,[2.1050520410062745],[2.105057166016195],P1,001,2025-11-11_20h54.28.783,IntentionalBinding_NupurShah,,2025.1.1,120.24644457095427,2025-11-11 20h54.39.512828 +0530,
0.1,1000,exp,21,9,1,space,0.823479957995005,None,100,1,[2.410026583005674],[2.410032667045016],1,9,21,6,140.42526629101485,,140.4204050830449,140.42526629101485,141.4106010000105,141.4106010000105,141.41948300000513,142.23815058299806,space,0.823479957995005,None,142.23941729101352,142.3419597497016,142.64560558303492,142.6314679160132,142.63303300004918,142.64560558303492,142.64560558303492,142.64560558303492,145.05594320804812,100,1,[2.410026583005674],[2.410032667045016],P1,001,2025-11-11_20h54.28.783,IntentionalBinding_NupurShah,,2025.1.1,120.24644457095427,2025-11-11 20h54.39.512828 +0530,
0.4,1000,exp,22,10,1,space,0.5595940410275944,None,100,1,[1.273037166974973],[1.273043749970384],1,10,22,7,145.0609994160477,,145.05618483299622,145.0609994160477,146.05335425003432,146.05335425003432,146.05335425003432,146.6215801660437,space,0.5595940410275944,None,146.6229129160056,147.02632041665882,147.44047737499932,147.31431849999353,147.3157433750457,147.44047737499932,147.44047737499932,147.44047737499932,148.7138398750103,100,1,[1.273037166974973],[1.273043749970384],P1,001,2025-11-11_20h54.28.783,IntentionalBinding_NupurShah,,2025.1.1,120.24644457095427,2025-11-11 20h54.39.512828 +0530,
0.7,1000,exp,23,11,1,space,0.9283687910065055,None,700,1,[1.9619000420207158],[1.9619067080202512],1,11,23,5,148.71902312501334,,148.71404104103567,148.71902312501334,149.71056425001007,149.71056425001007,149.71056425001007,150.64636825001799,space,0.9283687910065055,None,150.64859895803966,151.3545805416691,151.6593214580207,151.64232095802436,151.64427666604752,151.6593214580207,151.6593214580207,151.6593214580207,153.62155937502393,700,1,[1.9619000420207158],[1.9619067080202512],P1,001,2025-11-11_20h54.28.783,IntentionalBinding_NupurShah,,2025.1.1,120.24644457095427,2025-11-11 20h54.39.512828 +0530,
0.1,1000,exp,24,0,2,space,0.6000184990116395,None,100,1,[1.4463601669995114],[1.4463656670413911],2,0,24,9,153.6366300410009,,153.6219934160472,153.6366300410009,154.62007379101124,154.62007379101124,154.62656779104145,155.22306533303345,space,0.6000184990116395,None,155.22570916602854,155.32501941669423,155.63467804103857,155.61674262501765,155.61889112502104,155.63467804103857,155.63467804103857,155.63467804103857,157.0813427499961,100,1,[1.4463601669995114],[1.4463656670413911],P1,001,2025-11-11_20h54.28.783,IntentionalBinding_NupurShah,,2025.1.1,120.24644457095427,2025-11-11 20h54.39.512828 +0530,
0.4,1000,exp,25,1,2,space,0.7765212079975754,None,100,1,[1.7767730839550495],[1.7767828339710832],2,1,25,7,157.08716400002595,,157.08162945799995,157.08716400002595,158.07638079102617,158.07638079102617,158.07638079102617,158.855551708024,space,0.7765212079975754,None,158.8571657499997,159.25961499970097,159.5666648329934,159.54982170800213,159.55167504103156,159.5666648329934,159.5666648329934,159.5666648329934,161.34388204099378,100,1,[1.7767730839550495],[1.7767828339710832],P1,001,2025-11-11_20h54.28.783,IntentionalBinding_NupurShah,,2025.1.1,120.24644457095427,2025-11-11 20h54.39.512828 +0530,
0.1,1000,exp,26,2,2,space,1.0321921239956282,None,100,1,[1.138041709025856],[1.13804870902095],2,2,26,6,161.35411491600098,,161.3441606250126,161.35411491600098,162.34260820801137,162.34260820801137,162.34260820801137,163.37802229099907,space,1.0321921239956282,None,163.37967950000893,163.47836420766933,163.79428695800016,163.77584233303787,163.777302625007,163.79428695800016,163.79428695800016,163.79428695800016,164.93273333302932,100,1,[1.138041709025856],[1.13804870902095],P1,001,2025-11-11_20h54.28.783,IntentionalBinding_NupurShah,,2025.1.1,120.24644457095427,2025-11-11 20h54.39.512828 +0530,
0.7,1000,exp,27,3,2,space,1.683841081976425,None,700,1,[2.003748874994926],[2.003753916011192],2,3,27,8,164.9531578750466,,164.93298766604858,164.9531578750466,165.92787045799196,165.92787045799196,165.94363887503278,167.6228383750422,space,1.683841081976425,None,167.62470670801122,168.32743616670294,168.64369862503372,168.62682170799235,168.62835187499877,168.64369862503372,168.64369862503372,168.64369862503372,170.6477269580355,700,1,[2.003748874994926],[2.003753916011192],P1,001,2025-11-11_20h54.28.783,IntentionalBinding_NupurShah,,2025.1.1,120.24644457095427,2025-11-11 20h54.39.512828 +0530,
0.4,1000,exp,28,4,2,space,0.9596068329992704,None,400,1,[2.438558208057657],[2.4385637920349836],2,4,28,4,170.65426804102026,,170.64814745803596,170.65426804102026,171.64417533302912,171.64417533302912,171.64417533302912,172.60568370803958,space,0.9596068329992704,None,172.607288875035,173.01100145769695,173.31574512500083,173.29917383304564,173.3007677080459,173.31574512500083,173.31574512500083,173.31574512500083,175.7545945410384,400,1,[2.438558208057657],[2.4385637920349836],P1,001,2025-11-11_20h54.28.783,IntentionalBinding_NupurShah,,2025.1.1,120.24644457095427,2025-11-11 20h54.39.512828 +0530,
0.1,400,unexp,29,5,2,space,1.007018040982075,None,200,1,[3.2233284169924445],[3.2233333340263925],2,5,29,0,175.7704519580002,,175.7547907080152,175.7704519580002,176.74368945800234,176.74368945800234,176.7605443749926,177.75526779104257,space,1.007018040982075,None,177.75746125000296,177.8598515417,178.17321150004864,178.14871820801636,178.14975745801348,178.17321150004864,178.17321150004864,178.17321150004864,181.3968929160037,200,1,[3.2233284169924445],[3.2233333340263925],P1,001,2025-11-11_20h54.28.783,IntentionalBinding_NupurShah,,2025.1.1,120.24644457095427,2025-11-11 20h54.39.512828 +0530,
0.7,1000,exp,30,6,2,space,1.1050494990195148,None,100,1,[3.10541000001831],[3.1054151250282302],2,6,30,5,181.4028252499993,,181.3970872500213,181.4028252499993,182.39461583300726,182.39461583300726,182.39461583300726,183.505544500018,space,1.1050494990195148,None,183.50753679103218,184.21073162468772,184.51454433304025,184.4987085830071,184.4999305829988,184.51454433304025,184.51454433304025,184.51454433304025,187.62024583300808,100,1,[3.10541000001831],[3.1054151250282302],P1,001,2025-11-11_20h54.28.783,IntentionalBinding_NupurShah,,2025.1.1,120.24644457095427,2025-11-11 20h54.39.512828 +0530,
0.7,1000,exp,31,7,2,space,0.31905658199684694,None,700,1,[1.948444916983135],[1.94845033303136],2,7,31,11,187.6251243330189,,187.62043833301868,187.6251243330189,188.6115069160005,188.6115069160005,188.62032550002914,188.93937679100782,space,0.31905658199684694,None,188.94122162502026,189.6443149166919,189.9493489160086,189.9333789999946,189.93456154101295,189.9493489160086,189.9493489160086,189.9493489160086,191.89811504102545,700,1,[1.948444916983135],[1.94845033303136],P1,001,2025-11-11_20h54.28.783,IntentionalBinding_NupurShah,,2025.1.1,120.24644457095427,2025-11-11 20h54.39.512828 +0530,
0.1,1000,exp,32,8,2,space,0.7111210829461925,None,100,1,[2.484395250037778],[2.484400250017643],2,8,32,3,191.90357245801715,,191.8983156660106,191.90357245801715,192.89447216602275,192.89447216602275,192.89447216602275,193.61333754099905,space,0.7111210829461925,None,193.61509400000796,193.7212125826666,194.02934516599635,194.01025325001683,194.01207287504803,194.02934516599635,194.02934516599635,194.02934516599635,196.51405116601381,100,1,[2.484395250037778],[2.484400250017643],P1,001,2025-11-11_20h54.28.783,IntentionalBinding_NupurShah,,2025.1.1,120.24644457095427,2025-11-11 20h54.39.512828 +0530,
0.4,1000,exp,33,9,2,space,0.906524873978924,None,200,1,[2.706907708023209],[2.706913167028688],2,9,33,10,196.51973495801212,,196.51425445801578,196.51973495801212,197.51100187504198,197.51100187504198,197.51100187504198,198.42217483301647,space,0.906524873978924,None,198.42383533302927,198.82768049970426,199.13055608299328,199.11523275001673,199.11662500002421,199.13055608299328,199.13055608299328,199.13055608299328,201.83775529102422,200,1,[2.706907708023209],[2.706913167028688],P1,001,2025-11-11_20h54.28.783,IntentionalBinding_NupurShah,,2025.1.1,120.24644457095427,2025-11-11 20h54.39.512828 +0530,
0.7,400,unexp,34,10,2,space,1.8721336660091765,None,700,1,[1.6903210839955136],[1.690327083982993],2,10,34,2,201.84276875003707,,201.8379525000346,201.84276875003707,202.82738641602919,202.82738641602919,202.83731683302904,204.7059260000242,space,1.8721336660091765,None,204.70767945802072,205.41022999969235,205.7161069160211,205.69990941602737,205.7012427500449,205.7161069160211,205.7161069160211,205.7161069160211,207.4067087500007,700,1,[1.6903210839955136],[1.690327083982993],P1,001,2025-11-11_20h54.28.783,IntentionalBinding_NupurShah,,2025.1.1,120.24644457095427,2025-11-11 20h54.39.512828 +0530,
0.4,400,unexp,35,11,2,space,0.8767442909884267,None,400,1,[5.049195499974303],[5.0492009579902515],2,11,35,1,207.41177704103757,,207.40690366603667,207.41177704103757,208.40369000000646,208.40369000000646,208.41051166603575,209.28937729104655,space,0.8767442909884267,None,209.2909162910073,209.69383220770786,209.9984365410055,209.98228120803833,209.9840345410048,209.9984365410055,209.9984365410055,209.9984365410055,215.04793341603363,400,1,[5.049195499974303],[5.0492009579902515],P1,001,2025-11-11_20h54.28.783,IntentionalBinding_NupurShah,,2025.1.1,120.24644457095427,2025-11-11 20h54.39.512828 +0530,
0.4,1000,exp,36,0,3,space,0.8279996659839526,None,700,1,[3.9869583750260063],[3.98696354101412],3,0,36,7,215.05319133301964,,215.0481302080443,215.05319133301964,216.04433745803544,216.04433745803544,216.04433745803544,216.87908487499226,space,0.8279996659839526,None,216.88045291602612,217.288603541678,217.59440550004365,217.57723429100588,217.5785864579957,217.59440550004365,217.59440550004365,217.59440550004365,221.58171466604108,700,1,[3.9869583750260063],[3.98696354101412],P1,001,2025-11-11_20h54.28.783,IntentionalBinding_NupurShah,,2025.1.1,120.24644457095427,2025-11-11 20h54.39.512828 +0530,
0.4,400,unexp,37,1,3,space,0.9215167079819366,None,400,1,[3.502611249976326],[3.5026164170121774],3,1,37,1,221.58717008301755,,221.58196666603908,221.58717008301755,222.57783454103628,222.57783454103628,222.57783454103628,223.50615845801076,space,0.9215167079819366,None,223.5075665000477,223.91127062467083,224.21776516601676,224.20008233300177,224.20195979101118,224.21776516601676,224.21776516601676,224.21776516601676,227.7206518750172,400,1,[3.502611249976326],[3.5026164170121774],P1,001,2025-11-11_20h54.28.783,IntentionalBinding_NupurShah,,2025.1.1,120.24644457095427,2025-11-11 20h54.39.512828 +0530,
0.7,1000,exp,38,2,3,space,0.28872620704350993,None,700,1,[1.9572853749850765],[1.957290624966845],3,2,38,5,227.72561245801626,,227.72085516602965,227.72561245801626,228.71161674999166,228.71161674999166,228.7210182500421,229.00627450004686,space,0.28872620704350993,None,229.00789166602772,229.71098420769366,230.01627320802072,229.99980099999812,230.00126166600967,230.01627320802072,230.01627320802072,230.01627320802072,231.97384475002764,700,1,[1.9572853749850765],[1.957290624966845],P1,001,2025-11-11_20h54.28.783,IntentionalBinding_NupurShah,,2025.1.1,120.24644457095427,2025-11-11 20h54.39.512828 +0530,
0.1,400,unexp,39,3,3,space,1.0200630000326782,None,400,1,[5.279714208038058],[5.27971949998755],3,3,39,0,231.97902170801535,,231.97403858299367,231.97902170801535,232.97124620800605,232.97124620800605,232.9785487500485,233.9961220000405,space,1.0200630000326782,None,233.99745975004043,234.0953939576905,234.40835145802703,234.3933604999911,234.39485183299985,234.40835145802703,234.40835145802703,234.40835145802703,239.68837600003462,400,1,[5.279714208038058],[5.27971949998755],P1,001,2025-11-11_20h54.28.783,IntentionalBinding_NupurShah,,2025.1.1,120.24644457095427,2025-11-11 20h54.39.512828 +0530,
0.1,1000,exp,40,4,3,space,0.3540024579851888,None,100,1,[1.7523987920139916],[1.7524036249960773],3,4,40,6,239.69419487501727,,239.68857433303492,239.69419487501727,240.67829870799324,240.67829870799324,240.68786454101792,241.04057000001194,space,0.3540024579851888,None,241.04208479099907,241.1460944576577,241.4614170830464,241.44346966600278,241.44549279101193,241.4614170830464,241.4614170830464,241.4614170830464,243.21410095802275,100,1,[1.7523987920139916],[1.7524036249960773],P1,001,2025-11-11_20h54.28.783,IntentionalBinding_NupurShah,,2025.1.1,120.24644457095427,2025-11-11 20h54.39.512828 +0530,
0.7,1000,exp,41,5,3,space,0.3289162070141174,None,900,1,[4.305329082999378],[4.305334750039037],3,5,41,11,243.2207892910228,,243.2142969580018,243.2207892910228,244.2111324580037,244.2111324580037,244.2111324580037,244.54572545801057,space,0.3289162070141174,None,244.54715783300344,245.2549336666746,245.55976079101674,245.54382216604427,245.54562041600002,245.55976079101674,245.55976079101674,245.55976079101674,249.8654080410488,900,1,[4.305329082999378],[4.305334750039037],P1,001,2025-11-11_20h54.28.783,IntentionalBinding_NupurShah,,2025.1.1,120.24644457095427,2025-11-11 20h54.39.512828 +0530,
0.7,400,unexp,42,6,3,space,4.465419582964387,None,900,1,[5.614154833019711],[5.614160249999259],3,6,42,2,249.87088329100516,,249.86563562502852,249.87088329100516,250.86137583304662,250.86137583304662,250.86137583304662,255.32890341599705,space,4.465419582964387,None,255.3303473330452,256.0285130827144,256.33381525002187,256.3172563750413,256.31874962500297,256.33381525002187,256.33381525002187,256.33381525002187,261.94825516600395,900,1,[5.614154833019711],[5.614160249999259],P1,001,2025-11-11_20h54.28.783,IntentionalBinding_NupurShah,,2025.1.1,120.24644457095427,2025-11-11 20h54.39.512828 +0530,
0.1,1000,exp,43,7,3,space,0.4288477079826407,None,100,1,[1.4452009170199744],[1.4452064580400474],3,7,43,3,261.9537535410491,,261.9484722909983,261.9537535410491,262.9449249160243,262.9449249160243,262.9449249160243,263.379915291036,space,0.4288477079826407,None,263.38130495802034,263.48102237470835,263.79524341603974,263.7770394580439,263.7789855830488,263.79524341603974,263.79524341603974,263.79524341603974,265.24073033302557,100,1,[1.4452009170199744],[1.4452064580400474],P1,001,2025-11-11_20h54.28.783,IntentionalBinding_NupurShah,,2025.1.1,120.24644457095427,2025-11-11 20h54.39.512828 +0530,
0.4,1000,exp,44,8,3,space,0.9764624579693191,None,100,1,[2.8899340420030057],[2.8899396670167334],3,8,44,4,265.2459187080385,,265.2409270000062,265.2459187080385,266.23826637503225,266.23826637503225,266.23826637503225,267.22347095800797,space,0.9764624579693191,None,267.22501650004415,267.6276827497097,267.9318224579911,267.9164096250315,267.9178759159986,267.9318224579911,267.9318224579911,267.9318224579911,270.8220451660454,100,1,[2.8899340420030057],[2.8899396670167334],P1,001,2025-11-11_20h54.28.783,IntentionalBinding_NupurShah,,2025.1.1,120.24644457095427,2025-11-11 20h54.39.512828 +0530,
0.4,1000,exp,45,9,3,space,0.38663783302763477,None,100,1,[1.554479332990013],[1.5544850829755887],3,9,45,10,270.83802958304295,,270.82224016601685,270.83802958304295,271.812030916044,271.812030916044,271.82821679103654,272.20653758302797,space,0.38663783302763477,None,272.2077609160333,272.6117994576964,272.91724795801565,272.9002682910068,272.90175091603305,272.91724795801565,272.91724795801565,272.91724795801565,274.4720110000344,100,1,[1.554479332990013],[1.5544850829755887],P1,001,2025-11-11_20h54.28.783,IntentionalBinding_NupurShah,,2025.1.1,120.24644457095427,2025-11-11 20h54.39.512828 +0530,
0.1,1000,exp,46,10,3,space,1.0235512079671025,None,100,1,[2.2308478340273723],[2.2308530419832096],3,10,46,9,274.47700841602637,,274.4722032910213,274.47700841602637,275.4621648330358,275.4621648330358,275.4717401660164,276.49011645803694,space,1.0235512079671025,None,276.49164404103067,276.59446958266585,276.90199370804476,276.8838231250411,276.885567624995,276.90199370804476,276.90199370804476,276.90199370804476,279.13313770800596,100,1,[2.2308478340273723],[2.2308530419832096],P1,001,2025-11-11_20h54.28.783,IntentionalBinding_NupurShah,,2025.1.1,120.24644457095427,2025-11-11 20h54.39.512828 +0530,
0.7,1000,exp,47,11,3,space,0.3152550410013646,None,700,1,[1.7659025419852696],[1.7659085000050254],3,11,47,8,279.1385357500403,,279.1333293750067,279.1385357500403,280.12931754102465,280.12931754102465,280.12931754102465,280.4569500409998,space,0.3152550410013646,None,280.4582791250432,281.1614601666845,281.46589833300095,281.4501952500432,281.4517600410036,281.46589833300095,281.46589833300095,281.46589833300095,283.232088165998,700,1,[1.7659025419852696],[1.7659085000050254],P1,001,2025-11-11_20h54.28.783,IntentionalBinding_NupurShah,,2025.1.1,120.24644457095427,2025-11-11 20h54.39.512828 +0530,
0.7,1000,exp,48,0,4,space,0.6676771240308881,None,400,1,[2.2561032089870423],[2.2561087920330465],4,0,48,8,283.2374352909974,,283.23228370799916,283.2374352909974,284.2288150830427,284.2288150830427,284.2288150830427,284.9068985829945,space,0.6676771240308881,None,284.9083870410104,285.61133445770633,285.9161952499999,285.90041833301075,285.9019217910245,285.9161952499999,285.9161952499999,285.9161952499999,288.1725939580356,400,1,[2.2561032089870423],[2.2561087920330465],P1,001,2025-11-11_20h54.28.783,IntentionalBinding_NupurShah,,2025.1.1,120.24644457095427,2025-11-11 20h54.39.512828 +0530,
0.7,1000,exp,49,1,4,space,1.0509162079542875,None,700,1,[1.4635043329908513],[1.4635092500247993],4,1,49,5,288.18876308301697,,288.17278858303325,288.18876308301697,289.16358066600515,289.16358066600515,289.17844987503486,290.22341604100075,space,1.0509162079542875,None,290.22474229102954,290.9292035416622,291.2348484999966,291.2175983330235,291.21899683302036,291.2348484999966,291.2348484999966,291.2348484999966,292.6986804580083,700,1,[1.4635043329908513],[1.4635092500247993],P1,001,2025-11-11_20h54.28.783,IntentionalBinding_NupurShah,,2025.1.1,120.24644457095427,2025-11-11 20h54.39.512828 +0530,
0.4,1000,exp,50,2,4,space,0.9732477490324527,None,100,1,[2.28584641701309],[2.2858520000008866],4,2,50,4,292.7042007910204,,292.6988904160098,292.7042007910204,293.69627708301414,293.69627708301414,293.69627708301414,294.67364712501876,space,0.9732477490324527,None,294.67504816601286,295.0793404167091,295.3966119160177,295.3776875830372,295.3796059160377,295.3966119160177,295.3966119160177,295.3966119160177,297.6827293750248,100,1,[2.28584641701309],[2.2858520000008866],P1,001,2025-11-11_20h54.28.783,IntentionalBinding_NupurShah,,2025.1.1,120.24644457095427,2025-11-11 20h54.39.512828 +0530,
0.7,1000,exp,51,3,4,space,0.7619725829572417,None,400,1,[1.2424361250014044],[1.2424417499569245],4,3,51,11,297.6877510410268,,297.6829226660193,297.6877510410268,298.6795446660253,298.6795446660253,298.6795446660253,299.44698645803146,space,0.7619725829572417,None,299.4483253750368,300.1556646247084,300.4623494580155,300.4441383749945,300.44617083302,300.4623494580155,300.4623494580155,300.4623494580155,301.7050941660418,400,1,[1.2424361250014044],[1.2424417499569245],P1,001,2025-11-11_20h54.28.783,IntentionalBinding_NupurShah,,2025.1.1,120.24644457095427,2025-11-11 20h54.39.512828 +0530,
0.1,1000,exp,52,4,4,space,0.5697409159620292,None,100,1,[1.7440841249772348],[1.7440894999890588],4,4,52,6,301.71008487499785,,301.7053052910487,301.71008487499785,302.6957295410102,302.6957295410102,302.7054856250179,303.2734395409934,space,0.5697409159620292,None,303.27425720804604,303.3725208746657,303.6783750830218,303.66094570804853,303.66282270802185,303.6783750830218,303.6783750830218,303.6783750830218,305.4227465830045,100,1,[1.7440841249772348],[1.7440894999890588],P1,001,2025-11-11_20h54.28.783,IntentionalBinding_NupurShah,,2025.1.1,120.24644457095427,2025-11-11 20h54.39.512828 +0530,
0.1,1000,exp,53,5,4,space,0.46747287397738546,None,100,1,[3.6145985000184737],[3.614605291048065],4,5,53,3,305.43846770800883,,305.42294091603253,305.43846770800883,306.4127971660346,306.4127971660346,306.4288391660084,306.8905304580112,space,0.46747287397738546,None,306.8920339579927,306.99473241670444,307.30105516599724,307.2838391250116,307.2855141659966,307.30105516599724,307.30105516599724,307.30105516599724,310.91595525003504,100,1,[3.6145985000184737],[3.614605291048065],P1,001,2025-11-11_20h54.28.783,IntentionalBinding_NupurShah,,2025.1.1,120.24644457095427,2025-11-11 20h54.39.512828 +0530,
0.1,400,unexp,54,6,4,space,0.5619961249758489,None,400,1,[2.736074374988675],[2.7360810409882106],4,6,54,0,310.921642375004,,310.91617725003744,310.921642375004,311.9123696250026,311.9123696250026,311.9123696250026,312.480675083003,space,0.5619961249758489,None,312.481940666039,312.58933745767376,312.89707750000525,312.87820650002686,312.8800980410306,312.89707750000525,312.89707750000525,312.89707750000525,315.63344970799517,400,1,[2.736074374988675],[2.7360810409882106],P1,001,2025-11-11_20h54.28.783,IntentionalBinding_NupurShah,,2025.1.1,120.24644457095427,2025-11-11 20h54.39.512828 +0530,
0.7,400,unexp,55,7,4,space,0.9185426250332966,None,400,1,[1.9474324999609962],[1.9474383339984342],4,7,55,2,315.6389462079969,,315.63366799999494,315.6389462079969,316.629648458038,316.629648458038,316.629648458038,317.5571451660362,space,0.9185426250332966,None,317.5585992500419,318.26313220768156,318.5690859160386,318.55158762499923,318.5532719580224,318.5690859160386,318.5690859160386,318.5690859160386,320.51683704101015,400,1,[1.9474324999609962],[1.9474383339984342],P1,001,2025-11-11_20h54.28.783,IntentionalBinding_NupurShah,,2025.1.1,120.24644457095427,2025-11-11 20h54.39.512828 +0530,
0.4,1000,exp,56,8,4,space,0.5900626240181737,None,500,1,[4.744064625003375],[4.744069957989268],4,8,56,7,320.52272133302176,,320.5170596660464,320.52272133302176,321.51213625003584,321.51213625003584,321.51213625003584,322.1074957080418,space,0.5900626240181737,None,322.10905900003854,322.51253770769495,322.82070829102304,322.8024183330126,322.8041758330073,322.82070829102304,322.82070829102304,322.82070829102304,327.56507762504043,500,1,[4.744064625003375],[4.744069957989268],P1,001,2025-11-11_20h54.28.783,IntentionalBinding_NupurShah,,2025.1.1,120.24644457095427,2025-11-11 20h54.39.512828 +0530,
0.4,1000,exp,57,9,4,space,0.4817800410091877,None,100,1,[1.9889421660336666],[1.9889470409834757],4,9,57,10,327.5713812080212,,327.56527650001226,327.5713812080212,328.56244304100983,328.56244304100983,328.56244304100983,329.0475014160038,space,0.4817800410091877,None,329.04888704104815,329.45564387471336,329.75964920804836,329.7444611660321,329.7459245410282,329.75964920804836,329.75964920804836,329.75964920804836,331.7489003750379,100,1,[1.9889421660336666],[1.9889470409834757],P1,001,2025-11-11_20h54.28.783,IntentionalBinding_NupurShah,,2025.1.1,120.24644457095427,2025-11-11 20h54.39.512828 +0530,
0.4,400,unexp,58,10,4,space,0.8928088319953531,None,400,1,[2.3213147499482147],[2.3213200419559143],4,10,58,1,331.75471537502017,,331.74912029103143,331.75471537502017,332.7453969999915,332.7453969999915,332.7453969999915,333.64065387501614,space,0.8928088319953531,None,333.6414071660256,334.0452356666831,334.35112775000744,334.33426679100376,334.3359360829927,334.35112775000744,334.35112775000744,334.35112775000744,336.6727635409916,400,1,[2.3213147499482147],[2.3213200419559143],P1,001,2025-11-11_20h54.28.783,IntentionalBinding_NupurShah,,2025.1.1,120.24644457095427,2025-11-11 20h54.39.512828 +0530,
0.1,1000,exp,59,11,4,space,1.127100582991261,None,100,1,[3.1600803750334308],[3.160085875017103],4,11,59,9,336.67804995802,,336.67295958299655,336.67804995802,337.6629305410315,337.6629305410315,337.6726767910295,338.79774262499996,space,1.127100582991261,None,338.79919437499484,338.90616754169264,339.212505833013,339.19497599999886,339.19680962502025,339.212505833013,339.212505833013,339.212505833013,342.37288395804353,100,1,[3.1600803750334308],[3.160085875017103],P1,001,2025-11-11_20h54.28.783,IntentionalBinding_NupurShah,,2025.1.1,120.24644457095427,2025-11-11 20h54.39.512828 +0530,
0.1,1000,exp,60,0,5,space,0.8424103319994174,None,100,1,[2.8497785419458523],[2.849783416953869],5,0,60,9,342.3890003330307,,342.37307408300694,342.3890003330307,343.36366233299486,343.36366233299486,343.37731245800387,344.207640666049,space,0.8424103319994174,None,344.20930741599295,344.3126708747043,344.6163662080071,344.6003794160206,344.60177375003695,344.6163662080071,344.6163662080071,344.6163662080071,347.4664520410006,100,1,[2.8497785419458523],[2.849783416953869],P1,001,2025-11-11_20h54.28.783,IntentionalBinding_NupurShah,,2025.1.1,120.24644457095427,2025-11-11 20h54.39.512828 +0530,
0.7,1000,exp,61,1,5,space,1.7219114570179954,None,100,1,[1.279613499995321],[1.2796187910134904],5,1,61,5,347.47157700004755,,347.4666530410177,347.47157700004755,348.4630437910091,348.4630437910091,348.4630437910091,350.1909160829964,space,1.7219114570179954,None,350.1923548330087,350.8949579997027,351.20388425001875,351.1855359580368,351.18719304102706,351.20388425001875,351.20388425001875,351.20388425001875,352.48378137504915,100,1,[1.279613499995321],[1.2796187910134904],P1,001,2025-11-11_20h54.28.783,IntentionalBinding_NupurShah,,2025.1.1,120.24644457095427,2025-11-11 20h54.39.512828 +0530,
0.7,1000,exp,62,2,5,space,2.3954097079695202,None,100,1,[1.8855004999786615],[1.8855059999623336],5,2,62,11,352.489324166032,,352.48398700001417,352.489324166032,353.47947220801143,353.47947220801143,353.47947220801143,355.88143270800356,space,2.3954097079695202,None,355.8826739159995,356.58943849971206,356.89693187503144,356.87838062504306,356.88065925001865,356.89693187503144,356.89693187503144,356.89693187503144,358.78274445800344,100,1,[1.8855004999786615],[1.8855059999623336],P1,001,2025-11-11_20h54.28.783,IntentionalBinding_NupurShah,,2025.1.1,120.24644457095427,2025-11-11 20h54.39.512828 +0530,
0.1,1000,exp,63,3,5,space,1.5909841249813326,None,100,1,[1.797170959005598],[1.7971757920458913],5,3,63,3,358.7883419159916,,358.78294208302395,358.7883419159916,359.77998216601554,359.77998216601554,359.77998216601554,361.37479054101277,space,1.5909841249813326,None,361.37673825002275,361.47936674970356,361.78519554104423,361.7681779160048,361.76964533299906,361.78519554104423,361.78519554104423,361.78519554104423,363.58265120803844,100,1,[1.797170959005598],[1.7971757920458913],P1,001,2025-11-11_20h54.28.783,IntentionalBinding_NupurShah,,2025.1.1,120.24644457095427,2025-11-11 20h54.39.512828 +0530,
0.1,400,unexp,64,4,5,space,0.8607744990149513,None,400,1,[2.0704842080012895],[2.070489957986865],5,4,64,0,363.588935708045,,363.5828443330247,363.588935708045,364.5799942080048,364.5799942080048,364.5799942080048,365.4475355829927,space,0.8607744990149513,None,365.4488644580124,365.55662491667704,365.8623024580302,365.84509016602533,365.84691337501863,365.8623024580302,365.8623024580302,365.8623024580302,367.9330607909942,400,1,[2.0704842080012895],[2.070489957986865],P1,001,2025-11-11_20h54.28.783,IntentionalBinding_NupurShah,,2025.1.1,120.24644457095427,2025-11-11 20h54.39.512828 +0530,
0.4,400,unexp,65,5,5,space,1.0268405409879051,None,400,1,[2.403082542004995],[2.4030878340126947],5,5,65,1,367.93904287501937,,367.9334545000456,367.93904287501937,368.92981579102343,368.92981579102343,368.92981579102343,369.9637594160158,space,1.0268405409879051,None,369.96498420799617,370.3632480826966,370.6698249580222,370.6514702910208,370.65330520801945,370.6698249580222,370.6698249580222,370.6698249580222,373.07320725003956,400,1,[2.403082542004995],[2.4030878340126947],P1,001,2025-11-11_20h54.28.783,IntentionalBinding_NupurShah,,2025.1.1,120.24644457095427,2025-11-11 20h54.39.512828 +0530,
0.4,1000,exp,66,6,5,space,0.9700270409812219,None,100,1,[1.5480018339585513],[1.5480069589684717],5,6,66,7,373.0781806250452,,373.0734105830197,373.0781806250452,374.0638042500359,374.0638042500359,374.07280220801476,375.04197662504157,space,0.9700270409812219,None,375.04335220804205,375.4466301666728,375.7517846660339,375.7349692500429,375.73639787500724,375.7517846660339,375.7517846660339,375.7517846660339,377.3000939580379,100,1,[1.5480018339585513],[1.5480069589684717],P1,001,2025-11-11_20h54.28.783,IntentionalBinding_NupurShah,,2025.1.1,120.24644457095427,2025-11-11 20h54.39.512828 +0530,
0.4,1000,exp,67,7,5,space,0.6992132070008665,None,100,1,[1.5406506670406088],[1.54065633402206],5,7,67,10,377.30523829103913,,377.30028591601877,377.30523829103913,378.29747779102763,378.29747779102763,378.29747779102763,379.0079183750204,space,0.6992132070008665,None,379.0092238750076,379.4127722496671,379.71883912500925,379.7014077909989,379.70317566604353,379.71883912500925,379.71883912500925,379.71883912500925,381.2597840829985,100,1,[1.5406506670406088],[1.54065633402206],P1,001,2025-11-11_20h54.28.783,IntentionalBinding_NupurShah,,2025.1.1,120.24644457095427,2025-11-11 20h54.39.512828 +0530,
0.1,1000,exp,68,8,5,space,0.5439499579952098,None,100,1,[1.4311927090166137],[1.4311986670363694],5,8,68,6,381.27219916600734,,381.25997354101855,381.27219916600734,382.25659833301324,382.25659833301324,382.2634141659946,382.8077381660114,space,0.5439499579952098,None,382.8082588330144,382.91231645766334,383.21887375001097,383.20170841604704,383.2030805410468,383.21887375001097,383.21887375001097,383.21887375001097,384.65035400004126,100,1,[1.4311927090166137],[1.4311986670363694],P1,001,2025-11-11_20h54.28.783,IntentionalBinding_NupurShah,,2025.1.1,120.24644457095427,2025-11-11 20h54.39.512828 +0530,
0.7,400,unexp,69,9,5,space,0.7983935409574769,None,700,1,[4.319878374983091],[4.319884209020529],5,9,69,2,384.65597104100743,,384.6505420409958,384.65597104100743,385.64721900003497,385.64721900003497,385.64721900003497,386.4484075829969,space,0.7983935409574769,None,386.4500417910167,387.15692920767856,387.4635133330012,387.4456269580405,387.447440457996,387.4635133330012,387.4635133330012,387.4635133330012,391.78369158302667,700,1,[4.319878374983091],[4.319884209020529],P1,001,2025-11-11_20h54.28.783,IntentionalBinding_NupurShah,,2025.1.1,120.24644457095427,2025-11-11 20h54.39.512828 +0530,
0.7,1000,exp,70,10,5,space,1.408675790997222,None,100,1,[1.605340707988944],[1.605346542026382],5,10,70,8,391.78876075003063,,391.78387825004756,391.78876075003063,392.77992437500507,392.77992437500507,392.77992437500507,394.1913577080122,space,1.408675790997222,None,394.19261050003115,394.8969135416594,395.2035692500067,395.1859505000175,395.18735891603865,395.2035692500067,395.2035692500067,395.2035692500067,396.80920429102844,100,1,[1.605340707988944],[1.605346542026382],P1,001,2025-11-11_20h54.28.783,IntentionalBinding_NupurShah,,2025.1.1,120.24644457095427,2025-11-11 20h54.39.512828 +0530,
0.4,1000,exp,71,11,5,space,1.919922165980097,None,100,1,[2.145530666981358],[2.1455362499691546],5,11,71,4,396.8144662080449,,396.80939750000834,396.8144662080449,397.80658995802514,397.80658995802514,397.81295262504136,399.7312407910358,space,1.919922165980097,None,399.73255016602343,400.13999195769816,400.4463026250014,400.42893020802876,400.4307599160238,400.4463026250014,400.4463026250014,400.4463026250014,402.5921236660215,100,1,[2.145530666981358],[2.1455362499691546],P1,001,2025-11-11_20h54.28.783,IntentionalBinding_NupurShah,,2025.1.1,120.24644457095427,2025-11-11 20h54.39.512828 +0530,
0.4,1000,exp,72,0,6,space,1.6503882909892127,None,100,1,[1.570451083010994],[1.5704565410269424],6,0,72,4,402.5972187080188,,402.5923108330462,402.5972187080188,403.58994837501086,403.58994837501086,403.58994837501086,405.2477020410006,space,1.6503882909892127,None,405.2490643750061,405.6569735416599,405.96257437503664,405.9458092080313,405.94755433301907,405.96257437503664,405.96257437503664,405.96257437503664,407.53332937503,100,1,[1.570451083010994],[1.5704565410269424],P1,001,2025-11-11_20h54.28.783,IntentionalBinding_NupurShah,,2025.1.1,120.24644457095427,2025-11-11 20h54.39.512828 +0530,
0.7,1000,exp,73,1,6,space,0.9792892910190858,None,100,1,[1.5810342500335537],[1.5810397500172257],6,1,73,11,407.539506333007,,407.5335214580409,407.539506333007,408.53007891599555,408.53007891599555,408.53007891599555,409.5154793750262,space,0.9792892910190858,None,409.51675604103366,410.22369820770496,410.52906804101076,410.5125260410132,410.51485220802715,410.52906804101076,410.52906804101076,410.52906804101076,412.11042554100277,100,1,[1.5810342500335537],[1.5810397500172257],P1,001,2025-11-11_20h54.28.783,IntentionalBinding_NupurShah,,2025.1.1,120.24644457095427,2025-11-11 20h54.39.512828 +0530,
0.7,1000,exp,74,2,6,space,1.4243214160087518,None,100,1,[3.3097947080386803],[3.3097996250144206],6,2,74,5,412.1230562500423,,412.1106228750432,412.1230562500423,413.10605750000104,413.10605750000104,413.1128810410155,414.531948207994,space,1.4243214160087518,None,414.5336028750171,415.24057108268994,415.5470675000106,415.52939641603734,415.5312212500139,415.5470675000106,415.5470675000106,415.5470675000106,418.85714995802846,100,1,[3.3097947080386803],[3.3097996250144206],P1,001,2025-11-11_20h54.28.783,IntentionalBinding_NupurShah,,2025.1.1,120.24644457095427,2025-11-11 20h54.39.512828 +0530,
0.1,1000,exp,75,3,6,space,1.5095204160315916,None,100,1,[1.4531209170236252],[1.4531262080417946],6,3,75,3,418.86217958299676,,418.8573605410056,418.86217958299676,419.8476509160246,419.8476509160246,419.8567597910296,421.364687416004,space,1.5095204160315916,None,421.366274791013,421.4651341667088,421.7802788330009,421.76250295800855,421.7645551250316,421.7802788330009,421.7802788330009,421.7802788330009,423.2336903330288,100,1,[1.4531209170236252],[1.4531262080417946],P1,001,2025-11-11_20h54.28.783,IntentionalBinding_NupurShah,,2025.1.1,120.24644457095427,2025-11-11 20h54.39.512828 +0530,
0.1,1000,exp,76,4,6,space,1.7145649990416132,None,100,1,[1.3471689580474049],[1.3471744999988005],6,4,76,9,423.23921029100893,,423.2339026250411,423.23921029100893,424.23071854101727,424.23071854101727,424.23071854101727,425.9479362909915,space,1.7145649990416132,None,425.9495206660358,426.05731083266824,426.3628116250038,426.346019041026,426.34783070802223,426.3628116250038,426.3628116250038,426.3628116250038,427.71027383301407,100,1,[1.3471689580474049],[1.3471744999988005],P1,001,2025-11-11_20h54.28.783,IntentionalBinding_NupurShah,,2025.1.1,120.24644457095427,2025-11-11 20h54.39.512828 +0530,
0.4,1000,exp,77,5,6,space,1.3854397910181433,None,100,1,[1.1050419999519363],[1.1050471249618568],6,5,77,10,427.7227938750293,,427.71049241599394,427.7227938750293,428.70662700000685,428.70662700000685,428.7131012500031,430.09844508301467,space,1.3854397910181433,None,430.0998237080057,430.507179041688,430.81178908300353,430.7960768750054,430.7976087910356,430.81178908300353,430.81178908300353,430.81178908300353,431.9171072909958,100,1,[1.1050419999519363],[1.1050471249618568],P1,001,2025-11-11_20h54.28.783,IntentionalBinding_NupurShah,,2025.1.1,120.24644457095427,2025-11-11 20h54.39.512828 +0530,
0.7,400,unexp,78,6,6,space,0.6272568330168724,None,700,1,[2.6528501249849796],[2.6528554169926792],6,6,78,2,431.9225761660491,,431.917312375037,431.9225761660491,432.91391775000375,432.91391775000375,432.91391775000375,433.5491831660038,space,0.6272568330168724,None,433.55080575001193,434.25703970768177,434.5638122080127,434.54606041603256,434.54777554102475,434.5638122080127,434.5638122080127,434.5638122080127,437.2169480000157,700,1,[2.6528501249849796],[2.6528554169926792],P1,001,2025-11-11_20h54.28.783,IntentionalBinding_NupurShah,,2025.1.1,120.24644457095427,2025-11-11 20h54.39.512828 +0530,
0.7,1000,exp,79,7,6,space,0.4740870000096038,None,700,1,[1.4388697499525733],[1.4388752079685219],6,7,79,8,437.22318212501705,,437.2171395000187,437.22318212501705,438.2140584580484,438.2140584580484,438.2140584580484,438.69189204100985,space,0.4740870000096038,None,438.69346816599136,439.3974246247128,439.7018195830169,439.6863892910187,439.68778241600376,439.7018195830169,439.7018195830169,439.7018195830169,441.1410001250333,700,1,[1.4388697499525733],[1.4388752079685219],P1,001,2025-11-11_20h54.28.783,IntentionalBinding_NupurShah,,2025.1.1,120.24644457095427,2025-11-11 20h54.39.512828 +0530,
0.4,1000,exp,80,8,6,space,0.9238080410286784,None,100,1,[1.9233731660060585],[1.9233786250115372],6,8,80,7,441.1567382910289,,441.1411923330161,441.1567382910289,442.1312587080174,442.1312587080174,442.1466732500121,443.05855033302214,space,0.9238080410286784,None,443.06017337500816,443.4641118746988,443.7704115830129,443.75253925001016,443.75544041604735,443.7704115830129,443.7704115830129,443.7704115830129,445.69410029100254,100,1,[1.9233731660060585],[1.9233786250115372],P1,001,2025-11-11_20h54.28.783,IntentionalBinding_NupurShah,,2025.1.1,120.24644457095427,2025-11-11 20h54.39.512828 +0530,
0.1,1000,exp,81,9,6,space,0.5852357079857029,None,100,1,[1.4457439580000937],[1.4457495419774204],6,9,81,6,445.7069647079916,,445.6942907500197,445.7069647079916,446.68968783301534,446.68968783301534,446.69635425001616,447.2822524580406,space,0.5852357079857029,None,447.2833857910009,447.3834012916816,447.69685945799574,447.67920683301054,447.6806988750468,447.69685945799574,447.69685945799574,447.69685945799574,449.1429167910246,100,1,[1.4457439580000937],[1.4457495419774204],P1,001,2025-11-11_20h54.28.783,IntentionalBinding_NupurShah,,2025.1.1,120.24644457095427,2025-11-11 20h54.39.512828 +0530,
0.4,400,unexp,82,10,6,space,0.4944062500144355,None,400,1,[1.2375645830179565],[1.2375705830054358],6,10,82,1,449.1481893750024,,449.14310545800254,449.1481893750024,450.14052499999525,450.14052499999525,450.14052499999525,450.6423498330405,space,0.4944062500144355,None,450.6436719580088,451.04665349971424,451.3530825410271,451.3363409159938,451.33772920799674,451.3530825410271,451.3530825410271,451.3530825410271,452.5909278750187,400,1,[1.2375645830179565],[1.2375705830054358],P1,001,2025-11-11_20h54.28.783,IntentionalBinding_NupurShah,,2025.1.1,120.24644457095427,2025-11-11 20h54.39.512828 +0530,
0.1,400,unexp,83,11,6,space,0.9940802910132334,None,400,1,[2.611032165994402],[2.611037665978074],6,11,83,0,452.59599466604413,,452.59111916599795,452.59599466604413,453.5808331250446,453.5808331250446,453.59062895801617,454.58204158302397,space,0.9940802910132334,None,454.5834266250022,454.68317254167437,454.99861775001045,454.9795955410227,454.98144837503787,454.99861775001045,454.99861775001045,454.99861775001045,457.6099382080138,400,1,[2.611032165994402],[2.611037665978074],P1,001,2025-11-11_20h54.28.783,IntentionalBinding_NupurShah,,2025.1.1,120.24644457095427,2025-11-11 20h54.39.512828 +0530,
0.4,1000,exp,84,0,7,space,0.533612456987612,None,100,1,[1.7538576670340262],[1.7538627079920843],7,0,84,10,457.6151021660189,,457.61012937501073,457.6151021660189,458.6072864580201,458.6072864580201,458.6072864580201,459.1491876250366,space,0.533612456987612,None,459.150646041031,459.5576210827023,459.86352204100695,459.84636254102224,459.8481566660339,459.86352204100695,459.86352204100695,459.86352204100695,461.61767562502064,100,1,[1.7538576670340262],[1.7538627079920843],P1,001,2025-11-11_20h54.28.783,IntentionalBinding_NupurShah,,2025.1.1,120.24644457095427,2025-11-11 20h54.39.512828 +0530,
0.7,1000,exp,85,1,7,space,0.736492749012541,None,100,1,[1.6724619580199942],[1.6724686659872532],7,1,85,8,461.62290162499994,,461.6178707079962,461.62290162499994,462.61440399999265,462.61440399999265,462.61440399999265,463.35887233301764,space,0.736492749012541,None,463.36023970803944,464.06389649969447,464.36843387503177,464.3526740000234,464.35411700000986,464.36843387503177,464.36843387503177,464.36843387503177,466.0412030000007,100,1,[1.6724619580199942],[1.6724686659872532],P1,001,2025-11-11_20h54.28.783,IntentionalBinding_NupurShah,,2025.1.1,120.24644457095427,2025-11-11 20h54.39.512828 +0530,
0.4,1000,exp,86,2,7,space,8.001736249017995,None,100,1,[1.5395713329780847],[1.5395768329617567],7,2,86,4,466.05715541599784,,466.0414021250326,466.05715541599784,467.03140000003623,467.03140000003623,467.04776337504154,475.04299766599433,space,8.001736249017995,None,475.04471066599945,475.4481009166959,475.75453666603426,475.7368894580286,475.7383356250357,475.75453666603426,475.75453666603426,475.75453666603426,477.29438733303687,100,1,[1.5395713329780847],[1.5395768329617567],P1,001,2025-11-11_20h54.28.783,IntentionalBinding_NupurShah,,2025.1.1,120.24644457095427,2025-11-11 20h54.39.512828 +0530,
0.4,400,unexp,87,3,7,space,0.6263354159891605,None,400,1,[2.514256459020544],[2.514261834032368],7,3,87,1,477.30725845799316,,477.29457404103596,477.30725845799316,478.2909370410489,478.2909370410489,478.29824420803925,478.9262339580455,space,0.6263354159891605,None,478.92771662503947,479.3315932496955,479.6373875410063,479.62011854100274,479.6216304580448,479.6373875410063,479.6373875410063,479.6373875410063,482.15198108303593,400,1,[2.514256459020544],[2.514261834032368],P1,001,2025-11-11_20h54.28.783,IntentionalBinding_NupurShah,,2025.1.1,120.24644457095427,2025-11-11 20h54.39.512828 +0530,
0.7,1000,exp,88,4,7,space,1.504478499002289,None,100,1,[2.668814125005156],[2.6688212919980288],7,4,88,5,482.1574647499947,,482.1521862500231,482.1574647499947,483.14771762501914,483.14771762501914,483.14771762501914,484.6592488330207,space,1.504478499002289,None,484.6606286659953,485.3648954996645,485.6812472080346,485.6633788330364,485.6652088330011,485.6812472080346,485.6812472080346,485.6812472080346,488.3503811249975,100,1,[2.668814125005156],[2.6688212919980288],P1,001,2025-11-11_20h54.28.783,IntentionalBinding_NupurShah,,2025.1.1,120.24644457095427,2025-11-11 20h54.39.512828 +0530,
0.7,400,unexp,89,5,7,space,2.1121767070144415,None,400,1,[1.7599184160353616],[1.7599239580449648],7,5,89,2,488.35665675002383,,488.35057200002484,488.35665675002383,489.34788562502945,489.34788562502945,489.34788562502945,491.46601462503895,space,2.1121767070144415,None,491.4673536250484,492.1651233746709,492.4813239580253,492.46375904104207,492.4655590830371,492.4813239580253,492.4813239580253,492.4813239580253,494.2415507500409,400,1,[1.7599184160353616],[1.7599239580449648],P1,001,2025-11-11_20h54.28.783,IntentionalBinding_NupurShah,,2025.1.1,120.24644457095427,2025-11-11 20h54.39.512828 +0530,
0.1,400,unexp,90,6,7,space,1.22808933298802,None,500,1,[5.6624600829673],[5.662465874978807],7,6,90,0,494.2574863330228,,494.2417354999925,494.2574863330228,495.23199354100507,495.23199354100507,495.2474798330222,496.46547774999635,space,1.22808933298802,None,496.4668005410349,496.57528479170674,496.88097970804665,496.86351550003747,496.86555954103824,496.88097970804665,496.88097970804665,496.88097970804665,502.5437291249982,500,1,[5.6624600829673],[5.662465874978807],P1,001,2025-11-11_20h54.28.783,IntentionalBinding_NupurShah,,2025.1.1,120.24644457095427,2025-11-11 20h54.39.512828 +0530,
0.1,1000,exp,91,7,7,space,1.0118741660262458,None,100,1,[3.1205960829975083],[3.1206016250071116],7,7,91,6,502.5488327080384,,502.5439197910018,502.5488327080384,503.5411077910103,503.5411077910103,503.5411077910103,504.5598293330404,space,1.0118741660262458,None,504.5614107910078,504.663731791665,504.9708208750235,504.9533395830076,504.954735166044,504.9708208750235,504.9708208750235,504.9708208750235,508.0917112909956,100,1,[3.1205960829975083],[3.1206016250071116],P1,001,2025-11-11_20h54.28.783,IntentionalBinding_NupurShah,,2025.1.1,120.24644457095427,2025-11-11 20h54.39.512828 +0530,
0.1,1000,exp,92,8,7,space,1.6779774160240777,None,100,1,[3.6047819170053117],[3.6047872499912046],7,8,92,9,508.10765537503175,,508.0919057910214,508.10765537503175,509.0819019160117,509.0819019160117,509.0972899160115,510.7660046250094,space,1.6779774160240777,None,510.7673597910325,510.86753191671255,511.1800770830014,511.16292283299845,511.16471879102755,511.1800770830014,511.1800770830014,511.1800770830014,514.7851745410007,100,1,[3.6047819170053117],[3.6047872499912046],P1,001,2025-11-11_20h54.28.783,IntentionalBinding_NupurShah,,2025.1.1,120.24644457095427,2025-11-11 20h54.39.512828 +0530,
0.1,1000,exp,93,9,7,space,0.9682192080072127,None,400,1,[2.1152870840160176],[2.1152927500079386],7,9,93,3,514.7908734580269,,514.7853659579996,514.7908734580269,515.781579750008,515.781579750008,515.781579750008,516.7595897500287,space,0.9682192080072127,None,516.7610089160153,516.863770249711,517.1697632910218,517.1528319159988,517.1542962910025,517.1697632910218,517.1697632910218,517.1697632910218,519.2853445830406,400,1,[2.1152870840160176],[2.1152927500079386],P1,001,2025-11-11_20h54.28.783,IntentionalBinding_NupurShah,,2025.1.1,120.24644457095427,2025-11-11 20h54.39.512828 +0530,
0.7,1000,exp,94,10,7,space,0.8811473329551518,None,400,1,[2.5752676249830984],[2.5752732090186328],7,10,94,11,519.290308375028,,519.2855297910282,519.290308375028,520.2815951250377,520.2815951250377,520.2815951250377,521.1670389579958,space,0.8811473329551518,None,521.1687996660476,521.8749545826615,522.1830158330267,522.1637205830193,522.1656071250327,522.1830158330267,522.1830158330267,522.1830158330267,524.7585799160297,400,1,[2.5752676249830984],[2.5752732090186328],P1,001,2025-11-11_20h54.28.783,IntentionalBinding_NupurShah,,2025.1.1,120.24644457095427,2025-11-11 20h54.39.512828 +0530,
0.4,1000,exp,95,11,7,space,0.5141298740054481,None,100,1,[1.5380037499708124],[1.5380095419823192],7,11,95,7,524.7744907500455,,524.7587716660346,524.7744907500455,525.7486065410194,525.7486065410194,525.764445583045,526.2660013750428,space,0.5141298740054481,None,526.2673364999937,526.6752770826608,526.9804035830311,526.9631074999925,526.9649110410246,526.9804035830311,526.9804035830311,526.9804035830311,528.5186847080477,100,1,[1.5380037499708124],[1.5380095419823192],P1,001,2025-11-11_20h54.28.783,IntentionalBinding_NupurShah,,2025.1.1,120.24644457095427,2025-11-11 20h54.39.512828 +0530,
0.7,400,unexp,96,0,8,space,0.5228906240081415,None,400,1,[1.8747019169968553],[1.8747075000428595],8,0,96,2,528.5237845000229,,528.5188752500108,528.5237845000229,529.5147609999985,529.5147609999985,529.5147609999985,530.0435229160357,space,0.5228906240081415,None,530.0452528329915,530.7487220416699,531.0535737909959,531.0367630410474,531.0381504580146,531.0535737909959,531.0535737909959,531.0535737909959,532.9285659160232,400,1,[1.8747019169968553],[1.8747075000428595],P1,001,2025-11-11_20h54.28.783,IntentionalBinding_NupurShah,,2025.1.1,120.24644457095427,2025-11-11 20h54.39.512828 +0530,
0.1,400,unexp,97,1,8,space,0.8765765409916639,None,300,1,[3.5555692079942673],[3.5555747079779394],8,1,97,0,532.9412247080472,,532.9287527500419,532.9412247080472,533.9250412910478,533.9250412910478,533.9318706250051,534.8100847500027,space,0.8765765409916639,None,534.8114795000292,534.9143157496621,535.2195894159959,535.2038413750124,535.2055172499968,535.2195894159959,535.2195894159959,535.2195894159959,538.7754571250407,300,1,[3.5555692079942673],[3.5555747079779394],P1,001,2025-11-11_20h54.28.783,IntentionalBinding_NupurShah,,2025.1.1,120.24644457095427,2025-11-11 20h54.39.512828 +0530,
0.7,1000,exp,98,2,8,space,1.5168077489943244,None,100,1,[1.830034209007863],[1.8300399170257151],8,2,98,5,538.7914595000329,,538.7756520000403,538.7914595000329,539.7657220410183,539.7657220410183,539.7801553750178,541.2934919580002,space,1.5168077489943244,None,541.2948007080122,541.9973097496588,542.3051107079955,542.287761582993,542.289595625014,542.3051107079955,542.3051107079955,542.3051107079955,544.13544004102,100,1,[1.830034209007863],[1.8300399170257151],P1,001,2025-11-11_20h54.28.783,IntentionalBinding_NupurShah,,2025.1.1,120.24644457095427,2025-11-11 20h54.39.512828 +0530,
0.4,1000,exp,99,3,8,space,4.658999874023721,None,100,1,[2.658542833989486],[2.6585489589488134],8,3,99,7,544.14060629101,,544.1356515000225,544.14060629101,545.1315662910347,545.1315662910347,545.1315662910347,549.7937047500163,space,4.658999874023721,None,549.7954710830236,550.1984067496999,550.5023064580164,550.4871462500305,550.4885234580142,550.5023064580164,550.5023064580164,550.5023064580164,553.1611685830285,100,1,[2.658542833989486],[2.6585489589488134],P1,001,2025-11-11_20h54.28.783,IntentionalBinding_NupurShah,,2025.1.1,120.24644457095427,2025-11-11 20h54.39.512828 +0530,
0.7,1000,exp,100,4,8,space,2.149022957950365,None,700,1,[2.219933458021842],[2.2199392920010723],8,4,100,8,553.1664222080144,,553.161368250032,553.1664222080144,554.1584799160482,554.1584799160482,554.1648407080211,556.3103270000429,space,2.149022957950365,None,556.3116785410093,557.0150125827097,557.3221524580149,557.3043471249985,557.3061703330022,557.3221524580149,557.3221524580149,557.3221524580149,559.5423766250024,700,1,[2.219933458021842],[2.2199392920010723],P1,001,2025-11-11_20h54.28.783,IntentionalBinding_NupurShah,,2025.1.1,120.24644457095427,2025-11-11 20h54.39.512828 +0530,
0.4,1000,exp,101,5,8,space,0.9341120820026845,None,100,1,[2.1634582910337485],[2.163464125012979],8,5,101,10,559.5583368330263,,559.5425781660015,559.5583368330263,560.5421410410199,560.5421410410199,560.549376333016,561.4836095410283,space,0.9341120820026845,None,561.4847304580035,561.8921702916889,562.1987771250424,562.1808862910257,562.1824542910326,562.1987771250424,562.1987771250424,562.1987771250424,564.3625287500327,100,1,[2.1634582910337485],[2.163464125012979],P1,001,2025-11-11_20h54.28.783,IntentionalBinding_NupurShah,,2025.1.1,120.24644457095427,2025-11-11 20h54.39.512828 +0530,
0.1,1000,exp,102,6,8,space,3.532629749039188,None,100,1,[1.8291401249589399],[1.8291455829748884],8,6,102,9,564.3749800410005,,564.3627203750075,564.3749800410005,565.3586497910437,565.3586497910437,565.3652462080354,568.893867833016,space,3.532629749039188,None,568.8954606250045,568.9981837077105,569.3053093330236,569.2876037080423,569.2890506249969,569.3053093330236,569.3053093330236,569.3053093330236,571.1347477910458,100,1,[1.8291401249589399],[1.8291455829748884],P1,001,2025-11-11_20h54.28.783,IntentionalBinding_NupurShah,,2025.1.1,120.24644457095427,2025-11-11 20h54.39.512828 +0530,
0.1,1000,exp,103,7,8,space,0.878009625012055,None,400 ,1,[4.379340374958701],[4.379345541994553],8,7,103,3,571.1413655410288,,571.1349600410322,571.1413655410288,572.1321869160165,572.1321869160165,572.1321869160165,573.0166991660371,space,0.878009625012055,None,573.0179748330265,573.1160808326715,573.421797832998,573.4044663330424,573.4060582080274,573.421797832998,573.421797832998,573.421797832998,577.8014471660135,400 ,1,[4.379340374958701],[4.379345541994553],P1,001,2025-11-11_20h54.28.783,IntentionalBinding_NupurShah,,2025.1.1,120.24644457095427,2025-11-11 20h54.39.512828 +0530,
0.4,400,unexp,104,8,8,space,0.6657198749599047,None,700,1,[3.85324245900847],[3.8532475840183906],8,8,104,1,577.807715291041,,577.8016487500281,577.807715291041,578.7994969580323,578.7994969580323,578.7994969580323,579.4673070409917,space,0.6657198749599047,None,579.4686884580296,579.8757306246591,580.1813728330308,580.164269541041,580.1660799999954,580.1813728330308,580.1813728330308,580.1813728330308,584.0349110829993,700,1,[3.85324245900847],[3.8532475840183906],P1,001,2025-11-11_20h54.28.783,IntentionalBinding_NupurShah,,2025.1.1,120.24644457095427,2025-11-11 20h54.39.512828 +0530,
0.4,1000,exp,105,9,8,space,0.6549762500217184,None,100,1,[2.664254500006791],[2.664260292018298],8,9,105,4,584.041827915993,,584.0351116660167,584.041827915993,585.0322222500108,585.0322222500108,585.0322222500108,585.6940677910461,space,0.6549762500217184,None,585.695421707991,586.0992320826665,586.404464791005,586.3877480410156,586.3891777080134,586.404464791005,586.404464791005,586.404464791005,589.0690005830256,100,1,[2.664254500006791],[2.664260292018298],P1,001,2025-11-11_20h54.28.783,IntentionalBinding_NupurShah,,2025.1.1,120.24644457095427,2025-11-11 20h54.39.512828 +0530,
0.7,1000,exp,106,10,8,space,1.3146117490250617,None,100,1,[2.9354286669986323],[2.9354339169804007],8,10,106,11,589.0744477499975,,589.0691940410179,589.0744477499975,590.066487041011,590.066487041011,590.066487041011,591.384206540999,space,1.3146117490250617,None,591.385282125033,592.0921824167056,592.399806750007,592.3812000410398,592.383045500028,592.399806750007,592.399806750007,592.399806750007,595.33551158302,100,1,[2.9354286669986323],[2.9354339169804007],P1,001,2025-11-11_20h54.28.783,IntentionalBinding_NupurShah,,2025.1.1,120.24644457095427,2025-11-11 20h54.39.512828 +0530,
0.1,1000,exp,107,11,8,space,0.8234867069986649,None,100,1,[2.32390687498264],[2.3239126250264235],8,11,107,6,595.3417724160245,,595.3357128750067,595.3417724160245,596.3325529160211,596.3325529160211,596.3325529160211,597.1606586660491,space,0.8234867069986649,None,597.1622785410145,597.2635141667017,597.571486083034,597.5545028750203,597.5559273750405,597.571486083034,597.571486083034,597.571486083034,599.895680666028,100,1,[2.32390687498264],[2.3239126250264235],P1,001,2025-11-11_20h54.28.783,IntentionalBinding_NupurShah,,2025.1.1,120.24644457095427,2025-11-11 20h54.39.512828 +0530,
0.7,1000,exp,108,0,9,space,0.34263241599546745,None,700,1,[2.9737643750268035],[2.9737696669762954],9,0,108,11,599.9081350830384,,599.8958702500095,599.9081350830384,600.8923255830305,600.8923255830305,600.8990534160403,601.2444648750243,space,0.34263241599546745,None,601.2463479160215,601.9490432076893,602.2555604160298,602.2381158749922,602.2399479160085,602.2555604160298,602.2555604160298,602.2555604160298,605.2296305409982,700,1,[2.9737643750268035],[2.9737696669762954],P1,001,2025-11-11_20h54.28.783,IntentionalBinding_NupurShah,,2025.1.1,120.24644457095427,2025-11-11 20h54.39.512828 +0530,
0.1,1000,exp,109,1,9,space,0.4382712910301052,None,100,1,[1.861683958035428],[1.8616894580191001],9,1,109,9,605.2419415000477,,605.2298379580025,605.2419415000477,606.2256700409926,606.2256700409926,606.2320600410458,606.6673236660426,space,0.4382712910301052,None,606.66877870803,606.7685918326645,607.0842420000117,607.0647856660071,607.0665921660257,607.0842420000117,607.0842420000117,607.0842420000117,608.9462136660004,100,1,[1.861683958035428],[1.8616894580191001],P1,001,2025-11-11_20h54.28.783,IntentionalBinding_NupurShah,,2025.1.1,120.24644457095427,2025-11-11 20h54.39.512828 +0530,
0.7,1000,exp,110,2,9,space,0.7755475820158608,None,100,1,[1.5070992500404827],[1.5071045419899747],9,2,110,5,608.9587446250371,,608.946400707995,608.9587446250371,609.9422606250155,609.9422606250155,609.9489365000045,610.7279069159995,space,0.7755475820158608,None,610.7294718330377,611.4326086246913,611.7385411250289,611.721268541005,611.7226476659998,611.7385411250289,611.7385411250289,611.7385411250289,613.2459335410385,100,1,[1.5070992500404827],[1.5071045419899747],P1,001,2025-11-11_20h54.28.783,IntentionalBinding_NupurShah,,2025.1.1,120.24644457095427,2025-11-11 20h54.39.512828 +0530,
0.7,1000,exp,111,3,9,space,0.47229149902705103,None,700,1,[1.874544916965533],[1.8745502089732327],9,3,111,8,613.2588283329969,,613.2461249580374,613.2588283329969,614.2425280000316,614.2425280000316,614.2493350830046,614.7169142910279,space,0.47229149902705103,None,614.7185431250255,615.4163443326872,615.721515665995,615.7039346660022,615.7053671660251,615.721515665995,615.721515665995,615.721515665995,617.596348208026,700,1,[1.874544916965533],[1.8745502089732327],P1,001,2025-11-11_20h54.28.783,IntentionalBinding_NupurShah,,2025.1.1,120.24644457095427,2025-11-11 20h54.39.512828 +0530,
0.1,400,unexp,112,4,9,space,1.4112568330019712,None,400,1,[2.7695626249769703],[2.769568249990698],9,4,112,0,617.6083995830268,,617.5965337500093,617.6083995830268,618.5924001660314,618.5924001660314,618.5991431660368,620.0109365830431,space,1.4112568330019712,None,620.0123606660054,620.1186483746899,620.4328732500435,620.4150334580336,620.41659329104,620.4328732500435,620.4328732500435,620.4328732500435,623.2027440830134,400,1,[2.7695626249769703],[2.769568249990698],P1,001,2025-11-11_20h54.28.783,IntentionalBinding_NupurShah,,2025.1.1,120.24644457095427,2025-11-11 20h54.39.512828 +0530,
0.1,1000,exp,113,5,9,space,1.1729515829938464,None,200,1,[3.179724208021071],[3.1797296660370193],9,5,113,6,623.2086499580182,,623.202933833003,623.2086499580182,624.1976508750231,624.1976508750231,624.1976508750231,625.3777229160187,space,1.1729515829938464,None,625.3793610830326,625.4815695826585,625.7890805830248,625.7712528750417,625.7726210410474,625.7890805830248,625.7890805830248,625.7890805830248,628.969101625029,200,1,[3.179724208021071],[3.1797296660370193],P1,001,2025-11-11_20h54.28.783,IntentionalBinding_NupurShah,,2025.1.1,120.24644457095427,2025-11-11 20h54.39.512828 +0530,
0.4,400,unexp,114,6,9,space,1.1136097080307081,None,100,1,[1.8918370829778723],[1.8918430409976281],9,6,114,1,628.974871665996,,628.969286541047,628.974871665996,629.9668942500139,629.9668942500139,629.9668942500139,631.0840009580133,space,1.1136097080307081,None,631.0853023750242,631.4832330826941,631.7898086660425,631.7713168750051,631.7730317499954,631.7898086660425,631.7898086660425,631.7898086660425,633.6819825409912,100,1,[1.8918370829778723],[1.8918430409976281],P1,001,2025-11-11_20h54.28.783,IntentionalBinding_NupurShah,,2025.1.1,120.24644457095427,2025-11-11 20h54.39.512828 +0530,
0.7,400,unexp,115,7,9,space,0.34234979102620855,None,400,1,[1.463739250029903],[1.4637443330138922],9,7,115,2,633.6931427500094,,633.6822165829944,633.6931427500094,634.6761424160213,634.6761424160213,634.6834977079998,635.0281782080419,space,0.34234979102620855,None,635.0296472909977,635.7325032496631,636.0396367910434,636.0221863750485,636.0239334580256,636.0396367910434,636.0396367910434,636.0396367910434,637.5036557909916,400,1,[1.463739250029903],[1.4637443330138922],P1,001,2025-11-11_20h54.28.783,IntentionalBinding_NupurShah,,2025.1.1,120.24644457095427,2025-11-11 20h54.39.512828 +0530,
0.1,1000,exp,116,8,9,space,0.7600612909882329,None,100,1,[1.505161292036064],[1.5051668329979293],9,8,116,3,637.5091348330025,,637.503843708022,637.5091348330025,638.4994825000176,638.4994825000176,638.4994825000176,639.2612160000135,space,0.7600612909882329,None,639.2628202500055,639.3665227916829,639.6707935000304,639.6545368329971,639.6559642910142,639.6707935000304,639.6707935000304,639.6707935000304,641.1762297080131,100,1,[1.505161292036064],[1.5051668329979293],P1,001,2025-11-11_20h54.28.783,IntentionalBinding_NupurShah,,2025.1.1,120.24644457095427,2025-11-11 20h54.39.512828 +0530,
0.4,1000,exp,117,9,9,space,0.44063720799749717,None,100,1,[1.213555583031848],[1.213560625037644],9,9,117,7,641.181127916032,,641.1764229160035,641.181127916032,642.166876458039,642.166876458039,642.1761127079953,642.6109901250456,space,0.44063720799749717,None,642.6126252910472,643.0167418326639,643.321890250023,643.304715166043,643.3060723750386,643.321890250023,643.321890250023,643.321890250023,644.5357432500459,100,1,[1.213555583031848],[1.213560625037644],P1,001,2025-11-11_20h54.28.783,IntentionalBinding_NupurShah,,2025.1.1,120.24644457095427,2025-11-11 20h54.39.512828 +0530,
0.4,1000,exp,118,10,9,space,0.5372237489791587,None,100,1,[1.391286541998852],[1.391292207990773],9,10,118,4,644.5418691250379,,644.5359810829978,644.5418691250379,645.5331356660463,645.5331356660463,645.5331356660463,646.0778912910027,space,0.5372237489791587,None,646.0792763330392,646.4826145826994,646.7883767909952,646.7711454160162,646.7729089999921,646.7883767909952,646.7883767909952,646.7883767909952,648.1799497500178,100,1,[1.391286541998852],[1.391292207990773],P1,001,2025-11-11_20h54.28.783,IntentionalBinding_NupurShah,,2025.1.1,120.24644457095427,2025-11-11 20h54.39.512828 +0530,
0.4,1000,exp,119,11,9,space,0.32850766595220193,None,100,1,[2.0759414169588126],[2.0759470419725403],9,11,119,10,648.1925100410008,,648.1801398750395,648.1925100410008,649.1759489160031,649.1759489160031,649.182772708009,649.5114736250252,space,0.32850766595220193,None,649.513214791019,649.9154931246924,650.2199767080019,650.2044650830212,650.2058324160171,650.2199767080019,650.2199767080019,650.2199767080019,652.2962243329966,100,1,[2.0759414169588126],[2.0759470419725403],P1,001,2025-11-11_20h54.28.783,IntentionalBinding_NupurShah,,2025.1.1,120.24644457095427,2025-11-11 20h54.39.512828 +0530,
0.1,400,unexp,120,0,10,space,1.1122764159808867,None,400,1,[2.0692997919977643],[2.069305417011492],10,0,120,0,652.3086779580335,,652.2964137500385,652.3086779580335,653.2920976250316,653.2920976250316,653.2989037910011,654.4114580409951,space,1.1122764159808867,None,654.4129373329924,654.5200545826849,654.8326647499925,654.8150902080233,654.8169093750184,654.8326647499925,654.8326647499925,654.8326647499925,656.9022439580294,400,1,[2.0692997919977643],[2.069305417011492],P1,001,2025-11-11_20h54.28.783,IntentionalBinding_NupurShah,,2025.1.1,120.24644457095427,2025-11-11 20h54.39.512828 +0530,
0.4,1000,exp,121,1,10,space,3.693903207022231,None,400,1,[1.889352666970808],[1.8893582499586046],10,1,121,10,656.9084792500362,,656.9024780830368,656.9084792500362,657.8993210410117,657.8993210410117,657.8993210410117,661.5946315409965,space,3.693903207022231,None,661.595999000012,662.0003737076806,662.3058674160275,662.2887056660256,662.2902990410221,662.3058674160275,662.3058674160275,662.3058674160275,664.1955202910467,400,1,[1.889352666970808],[1.8893582499586046],P1,001,2025-11-11_20h54.28.783,IntentionalBinding_NupurShah,,2025.1.1,120.24644457095427,2025-11-11 20h54.39.512828 +0530,
0.1,1000,exp,122,2,10,space,0.9371894159703515,None,100,1,[1.7260761669604108],[1.7260813329485245],10,2,122,6,664.2007350830245,,664.1957197080483,664.2007350830245,665.1931108330027,665.1931108330027,665.1931108330027,666.1351170410053,space,0.9371894159703515,None,666.1363515830017,666.2355635826864,666.5502721660305,666.5319293750217,666.5334038750152,666.5502721660305,666.5502721660305,666.5502721660305,668.2766317910282,100,1,[1.7260761669604108],[1.7260813329485245],P1,001,2025-11-11_20h54.28.783,IntentionalBinding_NupurShah,,2025.1.1,120.24644457095427,2025-11-11 20h54.39.512828 +0530,
0.4,400,unexp,123,3,10,space,0.48025254101958126,None,300,1,[3.464014124998357],[3.4640197079861537],10,3,123,1,668.2816440410097,,668.2768332910491,668.2816440410097,669.2668779580272,669.2668779580272,669.276371999993,669.7510050000274,space,0.48025254101958126,None,669.7523296250147,670.150285416694,670.4555686250096,670.4389499580138,670.4403567080153,670.4555686250096,670.4555686250096,670.4555686250096,673.9198667080491,300,1,[3.464014124998357],[3.4640197079861537],P1,001,2025-11-11_20h54.28.783,IntentionalBinding_NupurShah,,2025.1.1,120.24644457095427,2025-11-11 20h54.39.512828 +0530,
0.4,1000,exp,124,4,10,space,2.021755665948149,None,200,1,[1.7652655830024742],[1.7652707920060493],10,4,124,4,673.9258835410001,,673.9200616250164,673.9258835410001,674.9173022080213,674.9173022080213,674.9173022080213,676.9444409999996,space,2.021755665948149,None,676.9458656660281,677.350086249706,677.6545299580321,677.6378962910385,677.6395394160063,677.6545299580321,677.6545299580321,677.6545299580321,679.4200781250256,200,1,[1.7652655830024742],[1.7652707920060493],P1,001,2025-11-11_20h54.28.783,IntentionalBinding_NupurShah,,2025.1.1,120.24644457095427,2025-11-11 20h54.39.512828 +0530,
0.1,1000,exp,125,5,10,space,0.9380762489745393,None,200,1,[4.089574541954789],[4.089579833962489],10,5,125,9,679.4259571660077,,679.420266791014,679.4259571660077,680.4168240830186,680.4168240830186,680.4168240830186,681.3615779160173,space,0.9380762489745393,None,681.3629171660286,681.4650792916693,681.7734845000086,681.7555699160439,681.7573408750468,681.7734845000086,681.7734845000086,681.7734845000086,685.8633441250422,200,1,[4.089574541954789],[4.089579833962489],P1,001,2025-11-11_20h54.28.783,IntentionalBinding_NupurShah,,2025.1.1,120.24644457095427,2025-11-11 20h54.39.512828 +0530,
0.7,1000,exp,126,6,10,space,0.6511249159811996,None,200,1,[1.8037884589866735],[1.803793583996594],10,6,126,5,685.8761775410385,,685.8635337910382,685.8761775410385,686.8599757080083,686.8599757080083,686.8672871660092,687.5198338330374,space,0.6511249159811996,None,687.5213410000433,688.2270410417152,688.5324989579967,688.5156389159965,688.5174559580046,688.5324989579967,688.5324989579967,688.5324989579967,690.3365869580302,200,1,[1.8037884589866735],[1.803793583996594],P1,001,2025-11-11_20h54.28.783,IntentionalBinding_NupurShah,,2025.1.1,120.24644457095427,2025-11-11 20h54.39.512828 +0530,
0.4,1000,exp,127,7,10,space,2.205029999022372,None,100,1,[2.022012583038304],[2.0220180410542525],10,7,127,7,690.3421929160249,,690.3367896249983,690.3421929160249,691.3328302080045,691.3328302080045,691.3328302080045,693.5450593330315,space,2.205029999022372,None,693.546516500006,693.9494586247058,694.2540482910117,694.2381568750134,694.2394933750038,694.2540482910117,694.2540482910117,694.2540482910117,696.276343916019,100,1,[2.022012583038304],[2.0220180410542525],P1,001,2025-11-11_20h54.28.783,IntentionalBinding_NupurShah,,2025.1.1,120.24644457095427,2025-11-11 20h54.39.512828 +0530,
0.7,400,unexp,128,8,10,space,0.7440994160133414,None,700,1,[1.7965722500230186],[1.7965776670025662],10,8,128,2,696.2811570000486,,696.2765334160067,696.2811570000486,697.2677232500282,697.2677232500282,697.2765005830443,698.0179547910229,space,0.7440994160133414,None,698.0192500410485,698.7171065416808,699.0233719160315,699.0058544159983,699.0075537500088,699.0233719160315,699.0233719160315,699.0233719160315,700.8202416250133,700,1,[1.7965722500230186],[1.7965776670025662],P1,001,2025-11-11_20h54.28.783,IntentionalBinding_NupurShah,,2025.1.1,120.24644457095427,2025-11-11 20h54.39.512828 +0530,
0.7,1000,exp,129,9,10,space,0.8028646250022575,None,100,1,[2.127777707995847],[2.12778304197127],10,9,129,11,700.8256049579941,,700.820441125019,700.8256049579941,701.8168740830151,701.8168740830151,701.8168740830151,702.6290820830036,space,0.8028646250022575,None,702.6306895409944,703.3338054167145,703.6413779160357,703.6220888330135,703.6237767080311,703.6413779160357,703.6413779160357,703.6413779160357,705.7694605000434,100,1,[2.127777707995847],[2.12778304197127],P1,001,2025-11-11_20h54.28.783,IntentionalBinding_NupurShah,,2025.1.1,120.24644457095427,2025-11-11 20h54.39.512828 +0530,
0.1,1000,exp,130,10,10,space,0.9838587080012076,None,100,1,[1.422633083013352],[1.422638582997024],10,10,130,3,705.7761953330482,,705.7696695410414,705.7761953330482,706.7677863330464,706.7677863330464,706.7677863330464,707.7619767910219,space,0.9838587080012076,None,707.7636087500141,707.8663809166794,708.1744412080152,708.1563904160284,708.1578655000194,708.1744412080152,708.1744412080152,708.1744412080152,709.5973515830119,100,1,[1.422633083013352],[1.422638582997024],P1,001,2025-11-11_20h54.28.783,IntentionalBinding_NupurShah,,2025.1.1,120.24644457095427,2025-11-11 20h54.39.512828 +0530,
0.7,1000,exp,131,11,10,space,0.49427229102002457,None,100,1,[1.6891726669855416],[1.6891783750033937],10,11,131,8,709.6100260830135,,709.5975437909947,709.6100260830135,710.5933174579986,710.5933174579986,710.6000865829992,711.0949729999993,space,0.49427229102002457,None,711.0959661250236,711.7998449996851,712.106346500048,712.088802415994,712.0901992080035,712.106346500048,712.106346500048,712.106346500048,713.7958099580137,100,1,[1.6891726669855416],[1.6891783750033937],P1,001,2025-11-11_20h54.28.783,IntentionalBinding_NupurShah,,2025.1.1,120.24644457095427,2025-11-11 20h54.39.512828 +0530,
0.4,1000,exp,132,0,11,space,1.0571193739888258,None,100,1,[2.011271332972683],[2.0112769579864107],11,0,132,10,713.800907833036,,713.7960078750039,713.800907833036,714.7935818330152,714.7935818330152,714.7935818330152,715.8523980409955,space,1.0571193739888258,None,715.8536718329997,716.2606985826899,716.5662430830416,716.5492180000292,716.5510687910137,716.5662430830416,716.5662430830416,716.5662430830416,718.5778013750096,100,1,[2.011271332972683],[2.0112769579864107],P1,001,2025-11-11_20h54.28.783,IntentionalBinding_NupurShah,,2025.1.1,120.24644457095427,2025-11-11 20h54.39.512828 +0530,
0.1,1000,exp,133,1,11,space,1.099056332022883,None,200,1,[3.277889749966562],[3.2778953749802895],11,1,133,3,718.5937916249968,,718.5779896660242,718.5937916249968,719.5675643330324,719.5675643330324,719.5939398329938,720.6685892080422,space,1.099056332022883,None,720.6699330410338,720.769753291683,721.0826235410059,721.0662847500062,721.0672250830103,721.0826235410059,721.0826235410059,721.0826235410059,724.3608088750043,200,1,[3.277889749966562],[3.2778953749802895],P1,001,2025-11-11_20h54.28.783,IntentionalBinding_NupurShah,,2025.1.1,120.24644457095427,2025-11-11 20h54.39.512828 +0530,
0.7,400,unexp,134,2,11,space,0.5648055829806253,None,400,1,[2.103910541976802],[2.1039162920205854],11,2,134,2,724.3766488330439,,724.3609993749997,724.3766488330439,725.3518070410355,725.3518070410355,725.3667796660447,725.9191574160359,space,0.5648055829806253,None,725.9207452500123,726.6274994576854,726.932757875009,726.9159832909936,726.9177750410163,726.932757875009,726.932757875009,726.932757875009,729.0369429580169,400,1,[2.103910541976802],[2.1039162920205854],P1,001,2025-11-11_20h54.28.783,IntentionalBinding_NupurShah,,2025.1.1,120.24644457095427,2025-11-11 20h54.39.512828 +0530,
0.1,400,unexp,135,3,11,space,0.6018079580389895,None,300,1,[3.4630668749450706],[3.4630720829591155],11,3,135,0,729.0425981660374,,729.0371305830195,729.0425981660374,730.0336238750024,730.0336238750024,730.0336238750024,730.6460722910124,space,0.6018079580389895,None,730.647883333033,730.7497010827103,731.0574979160447,731.0397833330208,731.0412830830319,731.0574979160447,731.0574979160447,731.0574979160447,734.5208598750178,300,1,[3.4630668749450706],[3.4630720829591155],P1,001,2025-11-11_20h54.28.783,IntentionalBinding_NupurShah,,2025.1.1,120.24644457095427,2025-11-11 20h54.39.512828 +0530,
0.7,1000,exp,136,4,11,space,0.8843551239697263,None,700,1,[3.556526041997131],[3.5565317919827066],11,4,136,5,734.5265182500007,,734.5210562500288,734.5265182500007,735.5179789160029,735.5179789160029,735.5179789160029,736.4125425410457,space,0.8843551239697263,None,736.4139357910026,737.1171078746595,737.4230017500231,737.4055441250093,737.4072416250128,737.4230017500231,737.4230017500231,737.4230017500231,740.9798244160484,700,1,[3.556526041997131],[3.5565317919827066],P1,001,2025-11-11_20h54.28.783,IntentionalBinding_NupurShah,,2025.1.1,120.24644457095427,2025-11-11 20h54.39.512828 +0530,
0.7,1000,exp,137,5,11,space,0.3880114990170114,None,800,1,[1.237831707985606],[1.2378371249651536],11,5,137,8,740.9851500830264,,740.980016000045,740.9851500830264,741.9772210410447,741.9772210410447,741.9836397500476,742.3681310830289,space,0.3880114990170114,None,742.3693442910444,743.0672730826811,743.3727416660404,743.3560564159998,743.357798083045,743.3727416660404,743.3727416660404,743.3727416660404,744.6108562910231,800,1,[1.237831707985606],[1.2378371249651536],P1,001,2025-11-11_20h54.28.783,IntentionalBinding_NupurShah,,2025.1.1,120.24644457095427,2025-11-11 20h54.39.512828 +0530,
0.4,400,unexp,138,6,11,space,0.9024403329822235,None,500,1,[2.471337124996353],[2.471342624980025],11,6,138,1,744.6158663750393,,744.6110440830234,744.6158663750393,745.6008470830275,745.6008470830275,745.6105932500213,746.5123005830101,space,0.9024403329822235,None,746.5139686660259,746.9177312916765,747.2228761250153,747.2059514580178,747.2077383750002,747.2228761250153,747.2228761250153,747.2228761250153,749.6945002080174,500,1,[2.471337124996353],[2.471342624980025],P1,001,2025-11-11_20h54.28.783,IntentionalBinding_NupurShah,,2025.1.1,120.24644457095427,2025-11-11 20h54.39.512828 +0530,
0.4,1000,exp,139,7,11,space,0.6382307499879971,None,400,1,[3.9137859999900684],[3.913791582977865],11,7,139,4,749.7102710410254,,749.6946940000053,749.7102710410254,750.6850294159958,750.6850294159958,750.698986708012,751.3287684580428,space,0.6382307499879971,None,751.3304065000266,751.7342141246811,752.0401642500074,752.0224983750377,752.0242307500448,752.0401642500074,752.0401642500074,752.0401642500074,755.9542257499998,400,1,[3.9137859999900684],[3.913791582977865],P1,001,2025-11-11_20h54.28.783,IntentionalBinding_NupurShah,,2025.1.1,120.24644457095427,2025-11-11 20h54.39.512828 +0530,
0.1,1000,exp,140,8,11,space,1.2526268740184605,None,300,1,[2.998283207998611],[2.998287957976572],11,8,140,6,755.9600936250063,,755.9544180000084,755.9600936250063,756.9505749579985,756.9505749579985,756.9505749579985,758.2124600000097,space,1.2526268740184605,None,758.2139455830329,758.3177662076816,758.6226118750055,758.6063051660312,758.6077193330275,758.6226118750055,758.6226118750055,758.6226118750055,761.6211898330366,300,1,[2.998283207998611],[2.998287957976572],P1,001,2025-11-11_20h54.28.783,IntentionalBinding_NupurShah,,2025.1.1,120.24644457095427,2025-11-11 20h54.39.512828 +0530,
0.7,1000,exp,141,9,11,space,1.8383221659460105,None,100,1,[1.8571919999667443],[1.857197624980472],11,9,141,11,761.6262546660146,,761.6213909999933,761.6262546660146,762.6178069580346,762.6178069580346,762.6178069580346,764.4628052500193,space,1.8383221659460105,None,764.4643441660446,765.1674408746806,765.4733805410215,765.4565380830318,765.4579172080266,765.4733805410215,765.4733805410215,765.4733805410215,767.3308556660195,100,1,[1.8571919999667443],[1.857197624980472],P1,001,2025-11-11_20h54.28.783,IntentionalBinding_NupurShah,,2025.1.1,120.24644457095427,2025-11-11 20h54.39.512828 +0530,
0.1,1000,exp,142,10,11,space,1.0137459159595892,None,100,1,[1.1739637920400128],[1.1739691670518368],11,10,142,9,767.3437145409989,,767.3310421250062,767.3437145409989,768.3273706250475,768.3273706250475,768.3341427910491,769.3460895000026,space,1.0137459159595892,None,769.3476179580321,769.4506574576992,769.7568327080226,769.7397400829941,769.7411163329962,769.7568327080226,769.7568327080226,769.7568327080226,770.9310870830086,100,1,[1.1739637920400128],[1.1739691670518368],P1,001,2025-11-11_20h54.28.783,IntentionalBinding_NupurShah,,2025.1.1,120.24644457095427,2025-11-11 20h54.39.512828 +0530,
0.4,1000,exp,143,11,11,space,1.4027017069747671,None,100,1,[0.9870436660130508],[0.9870494580245577],11,11,143,7,770.9438045410207,,770.931277708034,770.9438045410207,771.9273603750044,771.9273603750044,771.9342724159942,773.3350093330373,space,1.4027017069747671,None,773.3363266660017,773.734405874686,774.0405109580024,774.0232774160104,774.024678250018,774.0405109580024,774.0405109580024,774.0405109580024,775.0278423330165,100,1,[0.9870436660130508],[0.9870494580245577],P1,001,2025-11-11_20h54.28.783,IntentionalBinding_NupurShah,,2025.1.1,120.24644457095427,2025-11-11 20h54.39.512828 +0530,
0.1,1000,exp,144,0,12,space,0.7571712909848429,None,200,1,[2.0478345000301488],[2.047839834005572],12,0,144,9,775.0439325830084,,775.0280280830339,775.0439325830084,776.0179089159938,776.0179089159938,776.0340739579988,776.7794561250485,space,0.7571712909848429,None,776.7808645000332,776.8827142496632,777.1895764160436,777.1728274160414,777.1742139160051,777.1895764160436,777.1895764160436,777.1895764160436,779.2376940830145,200,1,[2.0478345000301488],[2.047839834005572],P1,001,2025-11-11_20h54.28.783,IntentionalBinding_NupurShah,,2025.1.1,120.24644457095427,2025-11-11 20h54.39.512828 +0530,
0.1,400,unexp,145,1,12,space,0.4441242499742657,None,100,1,[1.294896624982357],[1.294902292022016],12,1,145,0,779.2437001250219,,779.2378832080285,779.2437001250219,780.2347340410342,780.2347340410342,780.2347340410342,780.6862066250178,space,0.4441242499742657,None,780.6872112080455,780.7879052076644,781.0996855410049,781.0833202910144,781.0842121660244,781.0996855410049,781.0996855410049,781.0996855410049,782.3948815410258,100,1,[1.294896624982357],[1.294902292022016],P1,001,2025-11-11_20h54.28.783,IntentionalBinding_NupurShah,,2025.1.1,120.24644457095427,2025-11-11 20h54.39.512828 +0530,
0.7,400,unexp,146,2,12,space,0.7677931240177713,None,400,1,[1.5803139579948038],[1.580320417007897],12,2,146,2,782.410697000043,,782.3950774580007,782.410697000043,783.3850171249942,783.3850171249942,783.4007787500159,784.1628658330301,space,0.7677931240177713,None,784.164405041025,784.8672314996986,785.1742800830398,785.1570928330184,785.158880291041,785.1742800830398,785.1742800830398,785.1742800830398,786.754895791004,400,1,[1.5803139579948038],[1.580320417007897],P1,001,2025-11-11_20h54.28.783,IntentionalBinding_NupurShah,,2025.1.1,120.24644457095427,2025-11-11 20h54.39.512828 +0530,
0.7,1000,exp,147,3,12,space,0.6188606659998186,None,700,1,[2.298078833031468],[2.2980839580413885],12,3,147,8,786.7605092080194,,786.7550949580036,786.7605092080194,787.7507927910192,787.7507927910192,787.7507927910192,788.3792399160448,space,0.6188606659998186,None,788.380329458043,789.0846251666701,789.3900008330238,789.372923500021,789.374344291049,789.3900008330238,789.3900008330238,789.3900008330238,791.6883547500474,700,1,[2.298078833031468],[2.2980839580413885],P1,001,2025-11-11_20h54.28.783,IntentionalBinding_NupurShah,,2025.1.1,120.24644457095427,2025-11-11 20h54.39.512828 +0530,
0.4,1000,exp,148,4,12,space,0.39919766603270546,None,400,1,[3.8872422500280663],[3.8872477500117384],12,4,148,7,791.6941750000115,,791.6885579160298,791.6941750000115,792.6846354160225,792.6846354160225,792.6846354160225,793.0855150410207,space,0.39919766603270546,None,793.0868608329911,793.4947455826953,793.8007596660173,793.7831652080058,793.7849235830363,793.8007596660173,793.8007596660173,793.8007596660173,797.6882752910024,400,1,[3.8872422500280663],[3.8872477500117384],P1,001,2025-11-11_20h54.28.783,IntentionalBinding_NupurShah,,2025.1.1,120.24644457095427,2025-11-11 20h54.39.512828 +0530,
0.7,1000,exp,149,5,12,space,0.550050457008183,None,300,1,[2.412414916965645],[2.4124208329594694],12,5,149,11,797.6938759160112,,797.6884765000432,797.6938759160112,798.6847180410405,798.6847180410405,798.6847180410405,799.236505500041,space,0.550050457008183,None,799.2381487500388,799.9449735826968,800.2505885410355,800.2336987500312,800.2355025000288,800.2505885410355,800.2505885410355,800.2505885410355,802.6632930830237,300,1,[2.412414916965645],[2.4124208329594694],P1,001,2025-11-11_20h54.28.783,IntentionalBinding_NupurShah,,2025.1.1,120.24644457095427,2025-11-11 20h54.39.512828 +0530,
0.7,1000,exp,150,6,12,space,0.7823863739613444,None,100,1,[1.5730329580255784],[1.573038250033278],12,6,150,5,802.6686085830443,,802.6634825000074,802.6686085830443,803.6612644999987,803.6612644999987,803.6612644999987,804.4463078750414,space,0.7823863739613444,None,804.4479498750297,805.1510277916716,805.4580484160106,805.4400619160151,805.4417987500201,805.4580484160106,805.4580484160106,805.4580484160106,807.0313639580272,100,1,[1.5730329580255784],[1.573038250033278],P1,001,2025-11-11_20h54.28.783,IntentionalBinding_NupurShah,,2025.1.1,120.24644457095427,2025-11-11 20h54.39.512828 +0530,
0.4,400,unexp,151,7,12,space,0.32663295802194625,None,200,1,[1.7459634999977425],[1.745968749979511],12,7,151,1,807.0442044160445,,807.0315551660024,807.0442044160445,808.027840499999,808.027840499999,808.0342225829954,808.362576708023,space,0.32663295802194625,None,808.363880207995,808.7683102916965,809.0747548750369,809.0572450000327,809.0588508750079,809.0747548750369,809.0747548750369,809.0747548750369,810.8209922499955,200,1,[1.7459634999977425],[1.745968749979511],P1,001,2025-11-11_20h54.28.783,IntentionalBinding_NupurShah,,2025.1.1,120.24644457095427,2025-11-11 20h54.39.512828 +0530,
0.4,1000,exp,152,8,12,space,0.9169854579959065,None,100,1,[1.2917042499757372],[1.2917099169571884],12,8,152,4,810.8268203750486,,810.821180791012,810.8268203750486,811.818563916022,811.818563916022,811.818563916022,812.747119791049,space,0.9169854579959065,None,812.7487514580134,813.1517832916618,813.4573627079953,813.4404577080277,813.4421953750425,813.4573627079953,813.4573627079953,813.4573627079953,814.749353916035,100,1,[1.2917042499757372],[1.2917099169571884],P1,001,2025-11-11_20h54.28.783,IntentionalBinding_NupurShah,,2025.1.1,120.24644457095427,2025-11-11 20h54.39.512828 +0530,
0.1,1000,exp,153,9,12,space,0.771883791021537,None,100,1,[1.5933094169595279],[1.5933145419694483],12,9,153,3,814.761083749996,,814.7495444160304,814.761083749996,815.7445961660123,815.7445961660123,815.7513345830375,816.5192757080076,space,0.771883791021537,None,816.520641375042,816.6282339167121,816.934602125024,816.9165349579998,816.9183169160387,816.934602125024,816.934602125024,816.934602125024,818.5281855000067,100,1,[1.5933094169595279],[1.5933145419694483],P1,001,2025-11-11_20h54.28.783,IntentionalBinding_NupurShah,,2025.1.1,120.24644457095427,2025-11-11 20h54.39.512828 +0530,
0.1,1000,exp,154,10,12,space,0.6340870829881169,None,100,1,[1.7471409589634277],[1.7471476669888943],12,10,154,6,818.5332270410145,,818.5283734580153,818.5332270410145,819.5182762080221,819.5182762080221,819.5280070830486,820.1630837080302,space,0.6340870829881169,None,820.1646338750143,820.2666244996983,820.5732527500368,820.556670333026,820.5580454160227,820.5732527500368,820.5732527500368,820.5732527500368,822.3207111250376,100,1,[1.7471409589634277],[1.7471476669888943],P1,001,2025-11-11_20h54.28.783,IntentionalBinding_NupurShah,,2025.1.1,120.24644457095427,2025-11-11 20h54.39.512828 +0530,
0.4,1000,exp,155,11,12,space,0.4359766659908928,None,100,1,[1.6534642089973204],[1.6534694169531576],12,11,155,10,822.3269467080245,,822.3209131660406,822.3269467080245,823.3183891249937,823.3183891249937,823.3183891249937,823.7633402500069,space,0.4359766659908928,None,823.764857583039,824.1686460826934,824.4843022910063,824.4673722080188,824.469157583022,824.4843022910063,824.4843022910063,824.4843022910063,826.1380464160466,100,1,[1.6534642089973204],[1.6534694169531576],P1,001,2025-11-11_20h54.28.783,IntentionalBinding_NupurShah,,2025.1.1,120.24644457095427,2025-11-11 20h54.39.512828 +0530,
0.1,1000,exp,156,0,13,space,0.9772890409803949,None,100,1,[2.744000749953557],[2.744005999993533],13,0,156,9,826.1437429999933,,826.1382374160457,826.1437429999933,827.1349655410158,827.1349655410158,827.1349655410158,828.1192099160398,space,0.9772890409803949,None,828.1202610830078,828.2208080416933,828.5340841659927,828.5166995000327,828.5185254579992,828.5340841659927,828.5340841659927,828.5340841659927,831.2783710000222,100,1,[2.744000749953557],[2.744005999993533],P1,001,2025-11-11_20h54.28.783,IntentionalBinding_NupurShah,,2025.1.1,120.24644457095427,2025-11-11 20h54.39.512828 +0530,
0.7,1000,exp,157,1,13,space,0.3049959159689024,None,700,1,[2.191538583021611],[2.1915441660094075],13,1,157,8,831.2834150830167,,831.2785609160201,831.2834150830167,832.2683802079991,832.2683802079991,832.2780813330319,832.580088415998,space,0.3049959159689024,None,832.5816892500152,833.2854096246922,833.5904547910322,833.5743754160358,833.5756929580239,833.5904547910322,833.5904547910322,833.5904547910322,835.7822781249997,700,1,[2.191538583021611],[2.1915441660094075],P1,001,2025-11-11_20h54.28.783,IntentionalBinding_NupurShah,,2025.1.1,120.24644457095427,2025-11-11 20h54.39.512828 +0530,
0.4,400,unexp,158,2,13,space,0.9391497910255566,None,700,1,[2.4912838750169612],[2.4912894999724813],13,2,158,1,835.7943971250206,,835.7824655830045,835.7943971250206,836.7781400410458,836.7781400410458,836.7849084580084,837.71950216603,space,0.9391497910255566,None,837.7206577500328,838.1185612496959,838.4235524160322,838.4067746660439,838.4081847080379,838.4235524160322,838.4235524160322,838.4235524160322,840.9151322910329,700,1,[2.4912838750169612],[2.4912894999724813],P1,001,2025-11-11_20h54.28.783,IntentionalBinding_NupurShah,,2025.1.1,120.24644457095427,2025-11-11 20h54.39.512828 +0530,
0.7,1000,exp,159,3,13,space,0.7615574569790624,None,800,1,[2.3268620829912834],[2.3268671670230106],13,3,159,11,840.9279247910017,,840.9153185409959,840.9279247910017,841.9115750830388,841.9115750830388,841.9180747499922,842.6803786660312,space,0.7615574569790624,None,842.6818388330285,843.3846727077073,843.6938962910208,843.6745418750215,843.6764650410041,843.6938962910208,843.6938962910208,843.6938962910208,846.0210712500266,800,1,[2.3268620829912834],[2.3268671670230106],P1,001,2025-11-11_20h54.28.783,IntentionalBinding_NupurShah,,2025.1.1,120.24644457095427,2025-11-11 20h54.39.512828 +0530,
0.4,1000,exp,160,4,13,space,0.5036089160130359,None,400,1,[2.5649628750397824],[2.5649681669892743],13,4,160,10,846.0272185000358,,846.0212607080466,846.0272185000358,847.0195722909993,847.0195722909993,847.0195722909993,847.5297495830455,space,0.5036089160130359,None,847.5309916250408,847.9349179577005,848.2398375410121,848.2233710830333,848.2248869159957,848.2398375410121,848.2398375410121,848.2398375410121,850.8051035000244,400,1,[2.5649628750397824],[2.5649681669892743],P1,001,2025-11-11_20h54.28.783,IntentionalBinding_NupurShah,,2025.1.1,120.24644457095427,2025-11-11 20h54.39.512828 +0530,
0.7,400,unexp,161,5,13,space,0.9483361250022426,None,500,1,[2.7958285000058822],[2.795833708019927],13,5,161,2,850.8110845829942,,850.8052989999996,850.8110845829942,851.8017964159953,851.8017964159953,851.8017964159953,852.752363458043,space,0.9483361250022426,None,852.7536580000306,853.4518958326701,853.757616500021,853.739973083022,853.7416495410143,853.757616500021,853.757616500021,853.757616500021,856.5537528750137,500,1,[2.7958285000058822],[2.795833708019927],P1,001,2025-11-11_20h54.28.783,IntentionalBinding_NupurShah,,2025.1.1,120.24644457095427,2025-11-11 20h54.39.512828 +0530,
0.4,1000,exp,162,6,13,space,0.9690007079625502,None,200,1,[2.5364303340320475],[2.536436250025872],13,6,162,7,856.5612307910342,,856.5539537910372,856.5612307910342,857.5519565000432,857.5519565000432,857.5519565000432,858.5300984579953,space,0.9690007079625502,None,858.5314320410253,858.9345640827125,859.242663416022,859.2244207910262,859.2272684579948,859.242663416022,859.242663416022,859.242663416022,861.7793803330278,200,1,[2.5364303340320475],[2.536436250025872],P1,001,2025-11-11_20h54.28.783,IntentionalBinding_NupurShah,,2025.1.1,120.24644457095427,2025-11-11 20h54.39.512828 +0530,
0.1,1000,exp,163,7,13,space,0.8174800000269897,None,100,1,[1.7664288749801926],[1.7664342919597402],13,7,163,3,861.7949497080408,,861.7795730000362,861.7949497080408,862.7683962080046,862.7683962080046,862.7847436250304,863.5971331660403,space,0.8174800000269897,None,863.598754833045,863.7008110416975,864.0054548330372,863.9904815410264,863.9917436250253,864.0054548330372,864.0054548330372,864.0054548330372,865.7721694160136,100,1,[1.7664288749801926],[1.7664342919597402],P1,001,2025-11-11_20h54.28.783,IntentionalBinding_NupurShah,,2025.1.1,120.24644457095427,2025-11-11 20h54.39.512828 +0530,
0.1,400,unexp,164,8,13,space,0.6015237910323776,None,300,1,[4.396761832991615],[4.396766874997411],13,8,164,0,865.7778915410163,,865.77235754102,865.7778915410163,866.7692932910286,866.7692932910286,866.7692932910286,867.3806358750444,space,0.6015237910323776,None,867.3822362500359,867.484611666707,867.7916332909954,867.7737227079924,867.7755930410349,867.7916332909954,867.7916332909954,867.7916332909954,872.1886955410009,300,1,[4.396761832991615],[4.396766874997411],P1,001,2025-11-11_20h54.28.783,IntentionalBinding_NupurShah,,2025.1.1,120.24644457095427,2025-11-11 20h54.39.512828 +0530,
0.7,1000,exp,165,9,13,space,0.5693672070046887,None,600,1,[1.547380041971337],[1.5473853339790367],13,9,165,5,872.1941085410072,,872.1888839580351,872.1941085410072,873.1855073750485,873.1855073750485,873.1855073750485,873.7637597499997,space,0.5693672070046887,None,873.7651130830054,874.4683073746894,874.7740380410105,874.7569737909944,874.7587014579913,874.7740380410105,874.7740380410105,874.7740380410105,876.3217195000034,600,1,[1.547380041971337],[1.5473853339790367],P1,001,2025-11-11_20h54.28.783,IntentionalBinding_NupurShah,,2025.1.1,120.24644457095427,2025-11-11 20h54.39.512828 +0530,
0.1,1000,exp,166,10,13,space,0.6151327500119805,None,100,1,[1.4949573749909177],[1.4949626660090871],13,10,166,6,876.3274770409917,,876.3219260410406,876.3274770409917,877.3186510830419,877.3186510830419,877.3186510830419,877.9360248750309,space,0.6151327500119805,None,877.9371621250175,878.0380504166862,878.3502681250102,878.3336425410234,878.3353835000307,878.3502681250102,878.3502681250102,878.3502681250102,879.8455279580085,100,1,[1.4949573749909177],[1.4949626660090871],P1,001,2025-11-11_20h54.28.783,IntentionalBinding_NupurShah,,2025.1.1,120.24644457095427,2025-11-11 20h54.39.512828 +0530,
0.4,1000,exp,167,11,13,space,0.27604808198520914,None,100,1,[1.6197942500002682],[1.619799584033899],13,11,167,4,879.8506710410002,,879.845716291049,879.8506710410002,880.8366787910345,880.8366787910345,880.8450461660395,881.1204335830407,space,0.27604808198520914,None,881.1214444999932,881.5289379166827,881.8353179580299,881.8176584159955,881.8194632910308,881.8353179580299,881.8353179580299,881.8353179580299,883.4554124160204,100,1,[1.6197942500002682],[1.619799584033899],P1,001,2025-11-11_20h54.28.783,IntentionalBinding_NupurShah,,2025.1.1,120.24644457095427,2025-11-11 20h54.39.512828 +0530,
0.4,1000,exp,168,0,14,space,0.26912699901731685,None,100,1,[1.1302649169811048],[1.1302702079992741],14,0,168,10,883.460850500036,,883.4556165410322,883.460850500036,884.4525545000215,884.4525545000215,884.4525545000215,884.7307635410107,space,0.26912699901731685,None,884.7322644160013,885.1348179996751,885.4420217080042,885.4249832080095,885.4267177910078,885.4420217080042,885.4420217080042,885.4420217080042,886.5725559580023,100,1,[1.1302649169811048],[1.1302702079992741],P1,001,2025-11-11_20h54.28.783,IntentionalBinding_NupurShah,,2025.1.1,120.24644457095427,2025-11-11 20h54.39.512828 +0530,
0.7,1000,exp,169,1,14,space,0.8079192080185749,None,700,1,[2.479105415986851],[2.479110749962274],14,1,169,5,886.5783427080023,,886.5727480410133,886.5783427080023,887.569034041022,887.569034041022,887.569034041022,888.3806499160128,space,0.8079192080185749,None,888.3821955409949,889.0850492497013,889.3928490830003,889.3738838330028,889.375470458006,889.3928490830003,889.3928490830003,889.3928490830003,891.8722333750338,700,1,[2.479105415986851],[2.479110749962274],P1,001,2025-11-11_20h54.28.783,IntentionalBinding_NupurShah,,2025.1.1,120.24644457095427,2025-11-11 20h54.39.512828 +0530,
0.7,400,unexp,170,2,14,space,0.48431679100031033,None,800,1,[2.212216458050534],[2.212221625028178],14,2,170,2,891.877680458012,,891.8724409160204,891.877680458012,892.8692081660265,892.8692081660265,892.8692081660265,893.364091083,space,0.48431679100031033,None,893.3654538330156,894.0689845416966,894.3757837080047,894.3580145000014,894.3593700000201,894.3757837080047,894.3757837080047,894.3757837080047,896.5882977910223,800,1,[2.212216458050534],[2.212221625028178],P1,001,2025-11-11_20h54.28.783,IntentionalBinding_NupurShah,,2025.1.1,120.24644457095427,2025-11-11 20h54.39.512828 +0530,
0.1,1000,exp,171,3,14,space,0.5088864989811555,None,100,1,[1.9653151670354418],[1.9653202919871546],14,3,171,6,896.5948873750167,,896.5884825829999,896.5948873750167,897.5856860410422,897.5856860410422,897.5856860410422,898.0969820829923,space,0.5088864989811555,None,898.0986252500443,898.2017058326785,898.507359958021,898.490422041039,898.4917283750256,898.507359958021,898.507359958021,898.507359958021,900.4729768329998,100,1,[1.9653151670354418],[1.9653202919871546],P1,001,2025-11-11_20h54.28.783,IntentionalBinding_NupurShah,,2025.1.1,120.24644457095427,2025-11-11 20h54.39.512828 +0530,
0.1,400,unexp,172,4,14,space,0.5260337489889935,None,100,1,[1.000348249974195],[1.0003533749841154],14,4,172,0,900.4784209160134,,900.4731797080021,900.4784209160134,901.4695324160275,901.4695324160275,901.4695324160275,901.9971163330483,space,0.5260337489889935,None,901.9986990410252,902.1011071247087,902.4051480829949,902.3902834579931,902.3918070830405,902.4051480829949,902.4051480829949,902.4051480829949,903.4057989580324,100,1,[1.000348249974195],[1.0003533749841154],P1,001,2025-11-11_20h54.28.783,IntentionalBinding_NupurShah,,2025.1.1,120.24644457095427,2025-11-11 20h54.39.512828 +0530,
0.1,1000,exp,173,5,14,space,0.6505485829547979,None,100,1,[1.4485452079679817],[1.4485501669696532],14,5,173,3,903.4110860000364,,903.406000500021,903.4110860000364,904.4028412910411,904.4028412910411,904.4028412910411,905.0642907080473,space,0.6505485829547979,None,905.0658993750112,905.1668578326974,905.4738193750381,905.45718716603,905.4589585830108,905.4738193750381,905.4738193750381,905.4738193750381,906.9226630410412,100,1,[1.4485452079679817],[1.4485501669696532],P1,001,2025-11-11_20h54.28.783,IntentionalBinding_NupurShah,,2025.1.1,120.24644457095427,2025-11-11 20h54.39.512828 +0530,
0.7,1000,exp,174,6,14,space,0.5417831660015509,None,400,1,[2.189284250023775],[2.189289874979295],14,6,174,8,906.9283707910217,,906.9228684580303,906.9283707910217,907.9187857910292,907.9187857910292,907.9187857910292,908.4640572080389,space,0.5417831660015509,None,908.4657481660252,909.1689292496924,909.473086166021,909.4568616659963,909.458250791009,909.473086166021,909.473086166021,909.473086166021,911.6626640410395,400,1,[2.189284250023775],[2.189289874979295],P1,001,2025-11-11_20h54.28.783,IntentionalBinding_NupurShah,,2025.1.1,120.24644457095427,2025-11-11 20h54.39.512828 +0530,
0.4,1000,exp,175,7,14,space,0.41636920702876523,None,400,1,[1.6702700420282781],[1.6702758750179783],14,7,175,4,911.6786670000292,,911.6628562500118,911.6786670000292,912.6530397080351,912.6530397080351,912.6694817499956,913.0804041250376,space,0.41636920702876523,None,913.0816745000193,913.485721291687,913.7924021660001,913.775006166019,913.776474540995,913.7924021660001,913.7924021660001,913.7924021660001,915.4629610000411,400,1,[1.6702700420282781],[1.6702758750179783],P1,001,2025-11-11_20h54.28.783,IntentionalBinding_NupurShah,,2025.1.1,120.24644457095427,2025-11-11 20h54.39.512828 +0530,
0.4,1000,exp,176,8,14,space,0.6970290830358863,None,400,1,[4.745615084015299],[4.745620875037275],14,8,176,7,915.4787127500167,,915.4631506660371,915.4787127500167,916.4532392080291,916.4532392080291,916.4681815830409,917.1539052909939,space,0.6970290830358863,None,917.1552287079976,917.5628510827121,917.8692819999997,917.8512698750128,917.8530711249914,917.8692819999997,917.8692819999997,917.8692819999997,922.6151900410186,400,1,[4.745615084015299],[4.745620875037275],P1,001,2025-11-11_20h54.28.783,IntentionalBinding_NupurShah,,2025.1.1,120.24644457095427,2025-11-11 20h54.39.512828 +0530,
0.4,400,unexp,177,9,14,space,0.4820550410076976,None,500,1,[1.5621247090166435],[1.5621302499785088],14,9,177,1,922.6208927910193,,922.6153795410064,922.6208927910193,923.6123471250175,923.6123471250175,923.6195442500175,924.0975010410184,space,0.4820550410076976,None,924.0988740000175,924.5030829996724,924.8201795830391,924.8015123330406,924.8033436250407,924.8201795830391,924.8201795830391,924.8201795830391,926.3825918330112,500,1,[1.5621247090166435],[1.5621302499785088],P1,001,2025-11-11_20h54.28.783,IntentionalBinding_NupurShah,,2025.1.1,120.24644457095427,2025-11-11 20h54.39.512828 +0530,
0.1,1000,exp,178,10,14,space,0.477527332957834,None,100,1,[1.7851510000182316],[1.7851560410344973],14,10,178,9,926.3954841660452,,926.3827821660088,926.3954841660452,927.3786664580111,927.3786664580111,927.3867889580433,927.8637531659915,space,0.477527332957834,None,927.8642998750438,927.9629115826722,928.2692991250078,928.2513570830342,928.2531785000465,928.2692991250078,928.2692991250078,928.2692991250078,930.0547477499931,100,1,[1.7851510000182316],[1.7851560410344973],P1,001,2025-11-11_20h54.28.783,IntentionalBinding_NupurShah,,2025.1.1,120.24644457095427,2025-11-11 20h54.39.512828 +0530,
0.7,1000,exp,179,11,14,space,0.39313683297950774,None,200,1,[2.160356291977223],[2.1603623339906335],14,11,179,11,930.0613504580106,,930.054937708017,930.0613504580106,931.0530273329932,931.0530273329932,931.0530273329932,931.4547069999971,space,0.39313683297950774,None,931.4558870000183,932.1627119166699,932.4690920410212,932.4513872080133,932.4532155000488,932.4690920410212,932.4690920410212,932.4690920410212,934.6297395830043,200,1,[2.160356291977223],[2.1603623339906335],P1,001,2025-11-11_20h54.28.783,IntentionalBinding_NupurShah,,2025.1.1,120.24644457095427,2025-11-11 20h54.39.512828 +0530,
0.1,400,unexp,180,0,15,space,0.3988262080238201,None,100,1,[2.226831083011348],[2.226836000045296],15,0,180,0,934.6456874580472,,934.6299303750275,934.6456874580472,935.6202909580315,935.6202909580315,935.6347192910034,936.0212437910377,space,0.3988262080238201,None,936.022602333047,936.1299093326709,936.4357858330477,936.4180200410192,936.4198350000079,936.4357858330477,936.4357858330477,936.4357858330477,938.662902666023,100,1,[2.226831083011348],[2.226836000045296],P1,001,2025-11-11_20h54.28.783,IntentionalBinding_NupurShah,,2025.1.1,120.24644457095427,2025-11-11 20h54.39.512828 +0530,
0.1,1000,exp,181,1,15,space,0.7272748740506358,None,200,1,[2.2693791670026258],[2.2693842090084217],15,1,181,9,938.6680303750327,,938.6630904159974,938.6680303750327,939.6527962910477,939.6527962910477,939.6625073750038,940.388212083024,space,0.7272748740506358,None,940.3898343330366,940.4963147916753,940.8031212910428,940.7848065830185,940.7866382499924,940.8031212910428,940.8031212910428,940.8031212910428,943.0727771249949,200,1,[2.2693791670026258],[2.2693842090084217],P1,001,2025-11-11_20h54.28.783,IntentionalBinding_NupurShah,,2025.1.1,120.24644457095427,2025-11-11 20h54.39.512828 +0530,
0.1,1000,exp,182,2,15,space,1.367557541001588,None,100,1,[1.7111197920166887],[1.7111252920003608],15,2,182,6,943.0780695000431,,943.0729644160019,943.0780695000431,944.0694463330437,944.0694463330437,944.0694463330437,945.4476742910338,space,1.367557541001588,None,945.4490437910426,945.5511624576795,945.8595435000025,945.841019125015,945.8428131249966,945.8595435000025,945.8595435000025,945.8595435000025,947.5709664160386,100,1,[1.7111197920166887],[1.7111252920003608],P1,001,2025-11-11_20h54.28.783,IntentionalBinding_NupurShah,,2025.1.1,120.24644457095427,2025-11-11 20h54.39.512828 +0530,
0.4,1000,exp,183,3,15,space,1.2090061659691855,None,300,1,[1.1707726669847034],[1.1707782499725],15,3,183,7,947.5789582080324,,947.5711682499968,947.5789582080324,948.5617828750401,948.5617828750401,948.5687223750283,949.7811077079969,space,1.2090061659691855,None,949.7825417910353,950.1858634997081,950.4922500000102,950.4752907910151,950.4767428750056,950.4922500000102,950.4922500000102,950.4922500000102,951.6633124580258,300,1,[1.1707726669847034],[1.1707782499725],P1,001,2025-11-11_20h54.28.783,IntentionalBinding_NupurShah,,2025.1.1,120.24644457095427,2025-11-11 20h54.39.512828 +0530,
0.4,1000,exp,184,4,15,space,0.7143577910028398,None,100,1,[1.5707726669497788],[1.5707775419577956],15,4,184,4,951.6791622080491,,951.6635010000318,951.6791622080491,952.6534666250227,952.6534666250227,952.6692523750244,953.3704332910129,space,0.7143577910028398,None,953.3716403750004,953.7698762916882,954.0751412080135,954.0578549160273,954.0593297080486,954.0751412080135,954.0751412080135,954.0751412080135,955.6462144160178,100,1,[1.5707726669497788],[1.5707775419577956],P1,001,2025-11-11_20h54.28.783,IntentionalBinding_NupurShah,,2025.1.1,120.24644457095427,2025-11-11 20h54.39.512828 +0530,
0.7,400,unexp,185,5,15,space,0.42365366604644805,None,700,1,[1.7298374579986557],[1.7298428749782033],15,5,185,2,955.6512555830413,,955.6464012500364,955.6512555830413,956.6362719580065,956.6362719580065,956.6462183750118,957.0647419580491,space,0.42365366604644805,None,957.0663600410335,957.7691118326659,958.0762208329979,958.057911083044,958.0595295000239,958.0762208329979,958.0762208329979,958.0762208329979,959.8063374580233,700,1,[1.7298374579986557],[1.7298428749782033],P1,001,2025-11-11_20h54.28.783,IntentionalBinding_NupurShah,,2025.1.1,120.24644457095427,2025-11-11 20h54.39.512828 +0530,
0.4,1000,exp,186,6,15,space,0.33123549999436364,None,400,1,[2.346865958010312],[2.346871582965832],15,6,186,10,959.8122336660163,,959.8065280000446,959.8122336660163,960.8024677910144,960.8024677910144,960.8024677910144,961.138148625032,space,0.33123549999436364,None,961.1397065829951,961.5462896666761,961.8533414160484,961.835063000035,961.8366890409961,961.8533414160484,961.8533414160484,961.8533414160484,964.2004982079961,400,1,[2.346865958010312],[2.346871582965832],P1,001,2025-11-11_20h54.28.783,IntentionalBinding_NupurShah,,2025.1.1,120.24644457095427,2025-11-11 20h54.39.512828 +0530,
0.1,1000,exp,187,7,15,space,1.2168167079798877,None,100,1,[1.3541920420248061],[1.354197499982547],15,7,187,3,964.2126927500358,,964.2006859160028,964.2126927500358,965.1960377910291,965.1960377910291,965.2029707080219,966.4145322080003,space,1.2168167079798877,None,966.4159611249925,966.5220957917084,966.8367837910191,966.818648000015,966.8204685830278,966.8367837910191,966.8367837910191,966.8367837910191,968.1912612500018,100,1,[1.3541920420248061],[1.354197499982547],P1,001,2025-11-11_20h54.28.783,IntentionalBinding_NupurShah,,2025.1.1,120.24644457095427,2025-11-11 20h54.39.512828 +0530,
0.7,1000,exp,188,8,15,space,0.3075631660176441,None,700,1,[1.2724952080170624],[1.272500666033011],15,8,188,8,968.1968567500007,,968.1914551660302,968.1968567500007,969.1871444580029,969.1871444580029,969.1871444580029,969.4974550000043,space,0.3075631660176441,None,969.4988000830053,970.2026634996912,970.5072627500049,970.491032000049,970.4924197079963,970.5072627500049,970.5072627500049,970.5072627500049,971.7800497499993,700,1,[1.2724952080170624],[1.272500666033011],P1,001,2025-11-11_20h54.28.783,IntentionalBinding_NupurShah,,2025.1.1,120.24644457095427,2025-11-11 20h54.39.512828 +0530,
0.7,1000,exp,189,9,15,space,0.6746509989607148,None,900,1,[1.3651767080300488],[1.3651818329817615],15,9,189,11,971.7959331659949,,971.7802466250141,971.7959331659949,972.7701095000375,972.7701095000375,972.7862866250216,973.4480227910099,space,0.6746509989607148,None,973.4496340830228,974.1529967077115,974.4580990410177,974.4415038750158,974.4428483330412,974.4580990410177,974.4580990410177,974.4580990410177,975.823562916019,900,1,[1.3651767080300488],[1.3651818329817615],P1,001,2025-11-11_20h54.28.783,IntentionalBinding_NupurShah,,2025.1.1,120.24644457095427,2025-11-11 20h54.39.512828 +0530,
0.7,1000,exp,190,10,15,space,0.7093728329637088,None,700,1,[1.9967790420050733],[1.9967853340203874],15,10,190,5,975.8291298749973,,975.8237672910327,975.8291298749973,976.8202190410229,976.8202190410229,976.8202190410229,977.5311817080365,space,0.7093728329637088,None,977.5326207079925,978.2365638747035,978.5433764579939,978.5253852080205,978.5271463330137,978.5433764579939,978.5433764579939,978.5433764579939,980.5404551660176,700,1,[1.9967790420050733],[1.9967853340203874],P1,001,2025-11-11_20h54.28.783,IntentionalBinding_NupurShah,,2025.1.1,120.24644457095427,2025-11-11 20h54.39.512828 +0530,
0.4,400,unexp,191,11,15,space,0.6718337909551337,None,400,1,[3.9083884580177255],[3.9083939580013976],15,11,191,1,980.545506125025,,980.540657250036,980.545506125025,981.5366860000067,981.5366860000067,981.5366860000067,982.2149752910482,space,0.6718337909551337,None,982.2165782910306,982.6195460417114,982.9251135000377,982.9079204160371,982.9095301250345,982.9251135000377,982.9251135000377,982.9251135000377,986.833788916003,400,1,[3.9083884580177255],[3.9083939580013976],P1,001,2025-11-11_20h54.28.783,IntentionalBinding_NupurShah,,2025.1.1,120.24644457095427,2025-11-11 20h54.39.512828 +0530,
0.4,1000,exp,192,0,16,space,0.358764291042462,None,200,1,[2.353316833032295],[2.353321875038091],16,0,192,7,986.8460905000102,,986.8339782500407,986.8460905000102,987.8296097080456,987.8296097080456,987.8364570830017,988.1979925410124,space,0.358764291042462,None,988.1991411659983,988.6031336247145,988.9097326250048,988.8924424159923,988.8942532500369,988.9097326250048,988.9097326250048,988.9097326250048,991.2633293330437,200,1,[2.353316833032295],[2.353321875038091],P1,001,2025-11-11_20h54.28.783,IntentionalBinding_NupurShah,,2025.1.1,120.24644457095427,2025-11-11 20h54.39.512828 +0530,
0.1,400,unexp,193,1,16,space,1.0261324160383083,None,300,1,[2.8937991250422783],[2.8938045839895494],16,1,193,0,991.2683661660412,,991.2635346250026,991.2683661660412,992.2543126660166,992.2543126660166,992.2629000830348,993.2873687079991,space,1.0261324160383083,None,993.2881007080432,993.3966776666969,993.7047920410405,993.6858190410421,993.6876237910474,993.7047920410405,993.7047920410405,993.7047920410405,996.5988751660334,300,1,[2.8937991250422783],[2.8938045839895494],P1,001,2025-11-11_20h54.28.783,IntentionalBinding_NupurShah,,2025.1.1,120.24644457095427,2025-11-11 20h54.39.512828 +0530,
0.4,400,unexp,194,2,16,space,0.9878232500050217,None,200,1,[1.7378223750274628],[1.7378286250168458],16,2,194,1,996.6041489579948,,996.599062416004,996.6041489579948,997.5965810000198,997.5965810000198,997.603411499993,998.5881092910422,space,0.9878232500050217,None,998.5894917910337,998.9968310826846,999.3020120000001,999.2848465410061,999.2866466660053,999.3020120000001,999.3020120000001,999.3020120000001,1001.0401375000365,200,1,[1.7378223750274628],[1.7378286250168458],P1,001,2025-11-11_20h54.28.783,IntentionalBinding_NupurShah,,2025.1.1,120.24644457095427,2025-11-11 20h54.39.512828 +0530,
0.7,400,unexp,195,3,16,space,0.7085579159902409,None,100,1,[2.0969669169862755],[2.0969716669642366],16,3,195,2,1001.0455220830045,,1001.040327374998,1001.0455220830045,1002.0367299159989,1002.0367299159989,1002.0367299159989,1002.7478477500263,space,0.7085579159902409,None,1002.7491052910336,1003.4531362496821,1003.7592770000338,1003.7423620000482,1003.7438194580027,1003.7592770000338,1003.7592770000338,1003.7592770000338,1005.8565422500251,100,1,[2.0969669169862755],[2.0969716669642366],P1,001,2025-11-11_20h54.28.783,IntentionalBinding_NupurShah,,2025.1.1,120.24644457095427,2025-11-11 20h54.39.512828 +0530,
0.4,1000,exp,196,4,16,space,0.293013873975724,None,100,1,[3.151163666974753],[3.1511689170147292],16,4,196,10,1005.8621300000232,,1005.8567323330208,1005.8621300000232,1006.8542590830475,1006.8542590830475,1006.8542590830475,1007.1549702910124,space,0.293013873975724,None,1007.1563136660261,1007.5632338326579,1007.8713280000375,1007.852925166022,1007.854669250024,1007.8713280000375,1007.8713280000375,1007.8713280000375,1011.0227890830138,100,1,[3.151163666974753],[3.1511689170147292],P1,001,2025-11-11_20h54.28.783,IntentionalBinding_NupurShah,,2025.1.1,120.24644457095427,2025-11-11 20h54.39.512828 +0530,
0.7,1000,exp,197,5,16,space,0.42093483300413936,None,100 ,1,[2.970696082978975],[2.97070129198255],16,5,197,8,1011.0287763749948,,1011.0229735409957,1011.0287763749948,1012.0201785410172,1012.0201785410172,1012.0201785410172,1012.4483537080232,space,0.42093483300413936,None,1012.4498871660326,1013.153026832679,1013.4592612500419,1013.4427534160204,1013.4443301249994,1013.4592612500419,1013.4592612500419,1013.4592612500419,1016.4302348750061,100 ,1,[2.970696082978975],[2.97070129198255],P1,001,2025-11-11_20h54.28.783,IntentionalBinding_NupurShah,,2025.1.1,120.24644457095427,2025-11-11 20h54.39.512828 +0530,
0.7,1000,exp,198,6,16,space,0.48144420800963417,None,400,1,[1.4426202080212533],[1.4426255410071462],16,6,198,5,1016.4352821659995,,1016.4304242079961,1016.4352821659995,1017.4207018330344,1017.4207018330344,1017.4300407910487,1017.905032041017,space,0.48144420800963417,None,1017.9063636659994,1018.6137647496691,1018.920574082993,1018.902208375046,1018.904018375033,1018.920574082993,1018.920574082993,1018.920574082993,1020.3634714999935,400,1,[1.4426202080212533],[1.4426255410071462],P1,001,2025-11-11_20h54.28.783,IntentionalBinding_NupurShah,,2025.1.1,120.24644457095427,2025-11-11 20h54.39.512828 +0530,
0.1,1000,exp,199,7,16,space,1.208426248980686,None,500,1,[1.962739959009923],[1.9627455419977196],16,7,199,3,1020.368392791017,,1020.3636803750414,1020.368392791017,1021.3536522909999,1021.3536522909999,1021.3632864160463,1022.5650883330381,space,1.208426248980686,None,1022.5669649580377,1022.6698849166899,1022.9763517079991,1022.9590443749912,1022.9607472500065,1022.9763517079991,1022.9763517079991,1022.9763517079991,1024.9394082910148,500,1,[1.962739959009923],[1.9627455419977196],P1,001,2025-11-11_20h54.28.783,IntentionalBinding_NupurShah,,2025.1.1,120.24644457095427,2025-11-11 20h54.39.512828 +0530,
0.1,1000,exp,200,8,16,space,0.8667614160222001,None,100,1,[1.20287062501302],[1.2028757079970092],16,8,200,9,1024.9455501660123,,1024.9395962080453,1024.9455501660123,1025.9372488330118,1025.9372488330118,1025.9372488330118,1026.8054595830035,space,0.8667614160222001,None,1026.8067465409986,1026.9140531666965,1027.2202731250436,1027.202907583036,1027.2047166660195,1027.2202731250436,1027.2202731250436,1027.2202731250436,1028.423414541001,100,1,[1.20287062501302],[1.2028757079970092],P1,001,2025-11-11_20h54.28.783,IntentionalBinding_NupurShah,,2025.1.1,120.24644457095427,2025-11-11 20h54.39.512828 +0530,
0.1,1000,exp,201,9,16,space,0.4978880829876289,None,100,1,[1.0863545829779468],[1.0863599159638397],16,9,201,6,1028.429632125015,,1028.4236042910488,1028.429632125015,1029.4201129160356,1029.4201129160356,1029.4201129160356,1029.9216653330368,space,0.4978880829876289,None,1029.9228063329938,1030.0235889576763,1030.3372284159996,1030.3194958750391,1030.3212742910255,1030.3372284159996,1030.3372284159996,1030.3372284159996,1031.4238932500011,100,1,[1.0863545829779468],[1.0863599159638397],P1,001,2025-11-11_20h54.28.783,IntentionalBinding_NupurShah,,2025.1.1,120.24644457095427,2025-11-11 20h54.39.512828 +0530,
0.4,1000,exp,202,10,16,space,0.42894891602918506,None,100,1,[1.1433586250059307],[1.1433641249896027],16,10,202,4,1031.4292065000045,,1031.4240812910139,1031.4292065000045,1032.4198800830054,1032.4198800830054,1032.4198800830054,1032.85497020802,space,0.42894891602918506,None,1032.8564077910269,1033.2639318747135,1033.5704366660211,1033.552478541038,1033.5543300830177,1033.5704366660211,1033.5704366660211,1033.5704366660211,1034.7140773330466,100,1,[1.1433586250059307],[1.1433641249896027],P1,001,2025-11-11_20h54.28.783,IntentionalBinding_NupurShah,,2025.1.1,120.24644457095427,2025-11-11 20h54.39.512828 +0530,
0.7,1000,exp,203,11,16,space,0.45877745701000094,None,400,1,[2.0742154580075294],[2.0742211249889806],16,11,203,11,1034.7189322910272,,1034.714266875002,1034.7189322910272,1035.704160000023,1035.704160000023,1035.71350612503,1036.1654451250215,space,0.45877745701000094,None,1036.167271500046,1036.8707625416612,1037.1757128750323,1037.1587910000235,1037.1601454580086,1037.1757128750323,1037.1757128750323,1037.1757128750323,1039.2502366250264,400,1,[2.0742154580075294],[2.0742211249889806],P1,001,2025-11-11_20h54.28.783,IntentionalBinding_NupurShah,,2025.1.1,120.24644457095427,2025-11-11 20h54.39.512828 +0530,
0.1,400,unexp,204,0,17,space,0.3118185409693979,None,100,1,[1.4473824999877252],[1.4473887920030393],17,0,204,0,1039.263200000045,,1039.250460250012,1039.263200000045,1040.246939708013,1040.246939708013,1040.2534595000325,1040.565270666033,space,0.3118185409693979,None,1040.566787250049,1040.670000874674,1040.9769309160183,1040.9588547080057,1040.9606066250126,1040.9769309160183,1040.9769309160183,1040.9769309160183,1042.42460454104,100,1,[1.4473824999877252],[1.4473887920030393],P1,001,2025-11-11_20h54.28.783,IntentionalBinding_NupurShah,,2025.1.1,120.24644457095427,2025-11-11 20h54.39.512828 +0530,
0.7,1000,exp,205,1,17,space,0.41775891598081216,None,700,1,[1.6791134999948554],[1.679119750042446],17,1,205,5,1042.4301489579957,,1042.424794999999,1042.4301489579957,1043.4209943329915,1043.4209943329915,1043.4209943329915,1043.8484216250363,space,0.41775891598081216,None,1043.849767000007,1044.5477539576862,1044.8532364160055,1044.8360141250305,1044.8375042499974,1044.8532364160055,1044.8532364160055,1044.8532364160055,1046.5326351250405,700,1,[1.6791134999948554],[1.679119750042446],P1,001,2025-11-11_20h54.28.783,IntentionalBinding_NupurShah,,2025.1.1,120.24644457095427,2025-11-11 20h54.39.512828 +0530,
0.1,1000,exp,206,2,17,space,0.6133191239787266,None,100,1,[1.9307405420113355],[1.9307453749934211],17,2,206,6,1046.5377502909978,,1046.5328236659989,1046.5377502909978,1047.5304865410435,1047.5304865410435,1047.5304865410435,1048.1488827909925,space,0.6133191239787266,None,1048.1504695829935,1048.2536023746982,1048.5590709579992,1048.5427110000164,1048.5441169580445,1048.5590709579992,1048.5590709579992,1048.5590709579992,1050.4901097080437,100,1,[1.9307405420113355],[1.9307453749934211],P1,001,2025-11-11_20h54.28.783,IntentionalBinding_NupurShah,,2025.1.1,120.24644457095427,2025-11-11 20h54.39.512828 +0530,
0.7,1000,exp,207,3,17,space,0.3765944160404615,None,100,1,[1.3400303340167738],[1.3400357920327224],17,3,207,8,1050.4959624580224,,1050.4903165000142,1050.4959624580224,1051.4879795410088,1051.4879795410088,1051.4879795410088,1051.8712414160254,space,0.3765944160404615,None,1051.872557500028,1052.5705605417063,1052.8766268329928,1052.8598854580196,1052.8614923330024,1052.8766268329928,1052.8766268329928,1052.8766268329928,1054.2169390000054,100,1,[1.3400303340167738],[1.3400357920327224],P1,001,2025-11-11_20h54.28.783,IntentionalBinding_NupurShah,,2025.1.1,120.24644457095427,2025-11-11 20h54.39.512828 +0530,
0.4,1000,exp,208,4,17,space,0.8321184159722179,None,200,1,[1.9811470420099795],[1.9811520829680376],17,4,208,7,1054.230081457994,,1054.2171266660444,1054.230081457994,1055.2135728750145,1055.2135728750145,1055.2203434160328,1056.048835624999,space,0.8321184159722179,None,1056.0502764160046,1056.4532152916693,1056.758377249993,1056.741980041028,1056.743612124992,1056.758377249993,1056.758377249993,1056.758377249993,1058.739846875018,200,1,[1.9811470420099795],[1.9811520829680376],P1,001,2025-11-11_20h54.28.783,IntentionalBinding_NupurShah,,2025.1.1,120.24644457095427,2025-11-11 20h54.39.512828 +0530,
0.7,1000,exp,209,5,17,space,0.6731040410231799,None,400,1,[2.7078045839443803],[2.7078101669903845],17,5,209,11,1058.7465460410458,,1058.7400380829931,1058.7465460410458,1059.7365885000327,1059.7365885000327,1059.7365885000327,1060.4157405410078,space,0.6731040410231799,None,1060.4171152500203,1061.1196476666994,1061.425595583045,1061.40889195801,1061.4107195830438,1061.425595583045,1061.425595583045,1061.425595583045,1064.1336927910452,400,1,[2.7078045839443803],[2.7078101669903845],P1,001,2025-11-11_20h54.28.783,IntentionalBinding_NupurShah,,2025.1.1,120.24644457095427,2025-11-11 20h54.39.512828 +0530,
0.1,1000,exp,210,6,17,space,0.7900744579965249,None,100,1,[1.5289190000039525],[1.5289242080179974],17,6,210,3,1064.1467877910472,,1064.1338833330083,1064.1467877910472,1065.1304253750131,1065.1304253750131,1065.1376441660104,1065.9234443750465,space,0.7900744579965249,None,1065.9245998330298,1066.0309454576966,1066.3380850410322,1066.3200288750231,1066.3218789999955,1066.3380850410322,1066.3380850410322,1066.3380850410322,1067.8672869160073,100,1,[1.5289190000039525],[1.5289242080179974],P1,001,2025-11-11_20h54.28.783,IntentionalBinding_NupurShah,,2025.1.1,120.24644457095427,2025-11-11 20h54.39.512828 +0530,
0.4,400,unexp,211,7,17,space,0.5579236660269089,None,200,1,[1.8027441669837572],[1.8027494589914568],17,7,211,1,1067.8796098750317,,1067.8674834160483,1067.8796098750317,1068.8635251250234,1068.8635251250234,1068.8704450410441,1069.4326667080168,space,0.5579236660269089,None,1069.4339900829946,1069.8382481246992,1070.1444507500273,1070.12609075004,1070.128283375001,1070.1444507500273,1070.1444507500273,1070.1444507500273,1071.9474842910422,200,1,[1.8027441669837572],[1.8027494589914568],P1,001,2025-11-11_20h54.28.783,IntentionalBinding_NupurShah,,2025.1.1,120.24644457095427,2025-11-11 20h54.39.512828 +0530,
0.7,400,unexp,212,8,17,space,0.7221601250348613,None,700,1,[2.580517541966401],[2.5805227090022527],17,8,212,2,1071.9527158749988,,1071.9477521250374,1071.9527158749988,1072.9382471250137,1072.9382471250137,1072.9470077500446,1073.665252750041,space,0.7221601250348613,None,1073.6667172909947,1074.370366124673,1074.6760626659961,1074.6593932080432,1074.6608456660178,1074.6760626659961,1074.6760626659961,1074.6760626659961,1077.2568870410323,700,1,[2.580517541966401],[2.5805227090022527],P1,001,2025-11-11_20h54.28.783,IntentionalBinding_NupurShah,,2025.1.1,120.24644457095427,2025-11-11 20h54.39.512828 +0530,
0.4,1000,exp,213,9,17,space,0.4225338750402443,None,100,1,[1.36398183304118],[1.363987167016603],17,9,213,4,1077.2628713750164,,1077.2570757080102,1077.2628713750164,1078.2538341660402,1078.2538341660402,1078.2538341660402,1078.6819921660353,space,0.4225338750402443,None,1078.683237624995,1079.0870283746665,1079.394272000005,1079.376257374999,1079.3777080830187,1079.394272000005,1079.394272000005,1079.394272000005,1080.7585257079918,100,1,[1.36398183304118],[1.363987167016603],P1,001,2025-11-11_20h54.28.783,IntentionalBinding_NupurShah,,2025.1.1,120.24644457095427,2025-11-11 20h54.39.512828 +0530,
0.4,1000,exp,214,10,17,space,0.6913094160263427,None,100,1,[1.665904458030127],[1.6659097920055501],17,10,214,10,1080.7639982500114,,1080.7587205000455,1080.7639982500114,1081.754061500018,1081.754061500018,1081.754061500018,1082.4491119160084,space,0.6913094160263427,None,1082.4507740830304,1082.8538827496852,1083.1583633330301,1083.1419752910151,1083.1432745830389,1083.1583633330301,1083.1583633330301,1083.1583633330301,1084.8245354160317,100,1,[1.665904458030127],[1.6659097920055501],P1,001,2025-11-11_20h54.28.783,IntentionalBinding_NupurShah,,2025.1.1,120.24644457095427,2025-11-11 20h54.39.512828 +0530,
0.1,1000,exp,215,11,17,space,0.7824655830045231,None,100,1,[1.5673694160068408],[1.5673755410243757],17,11,215,9,1084.8296100000152,,1084.824765166035,1084.8296100000152,1085.8208312910283,1085.8208312910283,1085.8208312910283,1086.6062235000427,space,0.7824655830045231,None,1086.6079128330457,1086.713670457659,1087.0223522080341,1087.00303875003,1087.0048436250072,1087.0223522080341,1087.0223522080341,1087.0223522080341,1088.5900184159982,100,1,[1.5673694160068408],[1.5673755410243757],P1,001,2025-11-11_20h54.28.783,IntentionalBinding_NupurShah,,2025.1.1,120.24644457095427,2025-11-11 20h54.39.512828 +0530,
0.4,1000,exp,216,0,18,space,1.0666717909625731,None,100,1,[2.36973895796109],[2.369744165975135],18,0,216,10,1088.59693912504,,1088.590229000023,1088.59693912504,1089.5884525000001,1089.5884525000001,1089.5884525000001,1090.6658886250225,space,1.0666717909625731,None,1090.6673178329947,1091.0715739167101,1091.3777552079991,1091.36014629103,1091.361583208025,1091.3777552079991,1091.3777552079991,1091.3777552079991,1093.747775583004,100,1,[2.36973895796109],[2.369744165975135],P1,001,2025-11-11_20h54.28.783,IntentionalBinding_NupurShah,,2025.1.1,120.24644457095427,2025-11-11 20h54.39.512828 +0530,
0.4,1000,exp,217,1,18,space,0.391044249990955,None,200,1,[1.4967780419974588],[1.4967830840032548],18,1,217,4,1093.7530215000152,,1093.7479662080295,1093.7530215000152,1094.7382257080171,1094.7382257080171,1094.7475422500283,1095.1326278329943,space,0.391044249990955,None,1095.1343671249924,1095.5372095417154,1095.843657999998,1095.826203500037,1095.8275942500331,1095.843657999998,1095.843657999998,1095.843657999998,1097.340728375013,200,1,[1.4967780419974588],[1.4967830840032548],P1,001,2025-11-11_20h54.28.783,IntentionalBinding_NupurShah,,2025.1.1,120.24644457095427,2025-11-11 20h54.39.512828 +0530,
0.1,1000,exp,218,2,18,space,0.3929345830110833,None,100,1,[1.7363040409982204],[1.736309041036293],18,2,218,9,1097.3463512909948,,1097.3409179580049,1097.3463512909948,1098.339088208042,1098.339088208042,1098.339088208042,1098.7395802080282,space,0.3929345830110833,None,1098.740831291012,1098.8477052496785,1099.1551978330244,1099.1364485000377,1099.1382557500037,1099.1551978330244,1099.1551978330244,1099.1551978330244,1100.8917926250142,100,1,[1.7363040409982204],[1.736309041036293],P1,001,2025-11-11_20h54.28.783,IntentionalBinding_NupurShah,,2025.1.1,120.24644457095427,2025-11-11 20h54.39.512828 +0530,
0.4,400,unexp,219,3,18,space,0.34932429098989815,None,400,1,[1.4855418750084937],[1.4855469160247594],18,3,219,1,1100.897270040994,,1100.8919895410072,1100.897270040994,1101.8878120000008,1101.8878120000008,1101.8878120000008,1102.2386858329992,space,0.34932429098989815,None,1102.2399575830204,1102.6477064577086,1102.9550090000266,1102.9364955830388,1102.9382551659946,1102.9550090000266,1102.9550090000266,1102.9550090000266,1104.440846625017,400,1,[1.4855418750084937],[1.4855469160247594],P1,001,2025-11-11_20h54.28.783,IntentionalBinding_NupurShah,,2025.1.1,120.24644457095427,2025-11-11 20h54.39.512828 +0530,
0.7,1000,exp,220,4,18,space,0.3894776660017669,None,400,1,[1.8642278750194237],[1.8642333750030957],18,4,220,5,1104.446452291042,,1104.441035374999,1104.446452291042,1105.4376088330173,1105.4376088330173,1105.4376088330173,1105.8329780410277,space,0.3894776660017669,None,1105.8346250830218,1106.5369249166727,1106.8426569580333,1106.8259846660076,1106.8273907910334,1106.8426569580333,1106.8426569580333,1106.8426569580333,1108.70722070802,400,1,[1.8642278750194237],[1.8642333750030957],P1,001,2025-11-11_20h54.28.783,IntentionalBinding_NupurShah,,2025.1.1,120.24644457095427,2025-11-11 20h54.39.512828 +0530,
0.1,1000,exp,221,5,18,space,0.7485650409944355,None,400,1,[2.27639941702364],[2.276404457981698],18,5,221,3,1108.7131812500302,,1108.7074094160344,1108.7131812500302,1109.7043838750105,1109.7043838750105,1109.7043838750105,1110.4557848750264,space,0.7485650409944355,None,1110.4571080410387,1110.5573495826723,1110.8705110000446,1110.8532545000198,1110.855038000038,1110.8705110000446,1110.8705110000446,1110.8705110000446,1113.1471961250063,400,1,[2.27639941702364],[2.276404457981698],P1,001,2025-11-11_20h54.28.783,IntentionalBinding_NupurShah,,2025.1.1,120.24644457095427,2025-11-11 20h54.39.512828 +0530,
0.1,400,unexp,222,6,18,space,0.9227272909483872,None,300,1,[2.0145626660087146],[2.014568208018318],18,6,222,0,1113.152009500016,,1113.147393250023,1113.152009500016,1114.1381842080154,1114.1381842080154,1114.1477097500465,1115.0658942910377,space,0.9227272909483872,None,1115.0674621250364,1115.17043308268,1115.4765797909931,1115.4593686659937,1115.4607292080182,1115.4765797909931,1115.4765797909931,1115.4765797909931,1117.4914410000201,300,1,[2.0145626660087146],[2.014568208018318],P1,001,2025-11-11_20h54.28.783,IntentionalBinding_NupurShah,,2025.1.1,120.24644457095427,2025-11-11 20h54.39.512828 +0530,
0.1,1000,exp,223,7,18,space,0.4118396660196595,None,400,1,[2.338117124978453],[2.338122791959904],18,7,223,6,1117.497071541031,,1117.4916287499946,1117.497071541031,1118.4890411660308,1118.4890411660308,1118.4890411660308,1118.9061180000426,space,0.4118396660196595,None,1118.9072995409952,1119.014470832659,1119.319569000043,1119.3031813330017,1119.3048522500321,1119.319569000043,1119.319569000043,1119.319569000043,1121.657962041034,400,1,[2.338117124978453],[2.338122791959904],P1,001,2025-11-11_20h54.28.783,IntentionalBinding_NupurShah,,2025.1.1,120.24644457095427,2025-11-11 20h54.39.512828 +0530,
0.7,1000,exp,224,8,18,space,0.43836041598115116,None,100,1,[3.5976147089968435],[3.5976197499549016],18,8,224,11,1121.6632841660175,,1121.6581492910045,1121.6632841660175,1122.6544445410254,1122.6544445410254,1122.6544445410254,1123.0997355,space,0.43836041598115116,None,1123.1012108750292,1123.80479579169,1124.1106052910327,1124.093406583008,1124.094787750044,1124.1106052910327,1124.1106052910327,1124.1106052910327,1127.7085253749974,100,1,[3.5976147089968435],[3.5976197499549016],P1,001,2025-11-11_20h54.28.783,IntentionalBinding_NupurShah,,2025.1.1,120.24644457095427,2025-11-11 20h54.39.512828 +0530,
0.4,1000,exp,225,9,18,space,0.32942949899006635,None,100,1,[1.7838454160373658],[1.7838504580431618],18,9,225,7,1127.713991583034,,1127.7087221660186,1127.713991583034,1128.7052662080387,1128.7052662080387,1128.7052662080387,1129.0393840000033,space,0.32942949899006635,None,1129.040334958001,1129.448167207713,1129.756606666022,1129.7369801659952,1129.7388206250034,1129.756606666022,1129.756606666022,1129.756606666022,1131.5407278750208,100,1,[1.7838454160373658],[1.7838504580431618],P1,001,2025-11-11_20h54.28.783,IntentionalBinding_NupurShah,,2025.1.1,120.24644457095427,2025-11-11 20h54.39.512828 +0530,
0.7,1000,exp,226,10,18,space,0.3251586660044268,None,100,1,[2.84799091698369],[2.8479965000296943],18,10,226,8,1131.546722375031,,1131.540929166018,1131.546722375031,1132.5376542500453,1132.5376542500453,1132.5376542500453,1132.8667039580178,space,0.3251586660044268,None,1132.8687613750226,1133.5707618327035,1133.8773494160268,1133.8604548330186,1133.8618458750425,1133.8773494160268,1133.8773494160268,1133.8773494160268,1136.725639375043,100,1,[2.84799091698369],[2.8479965000296943],P1,001,2025-11-11_20h54.28.783,IntentionalBinding_NupurShah,,2025.1.1,120.24644457095427,2025-11-11 20h54.39.512828 +0530,
0.7,400,unexp,227,11,18,space,0.32347058301093057,None,200 ,1,[3.371980750001967],[3.3719861249555834],18,11,227,2,1136.7312628329964,,1136.7258275410277,1136.7312628329964,1137.721156750049,1137.721156750049,1137.721156750049,1138.049136000045,space,0.32347058301093057,None,1138.0504828750272,1138.754569749701,1139.0614387080423,1139.0439913330483,1139.0454015409923,1139.0614387080423,1139.0614387080423,1139.0614387080423,1142.4337049160386,200 ,1,[3.371980750001967],[3.3719861249555834],P1,001,2025-11-11_20h54.28.783,IntentionalBinding_NupurShah,,2025.1.1,120.24644457095427,2025-11-11 20h54.39.512828 +0530,
0.1,1000,exp,228,0,19,space,0.7672512079589069,None,100,1,[1.3710269579896703],[1.3710322909755632],19,0,228,6,1142.4389162909938,,1142.4338962910115,1142.4389162909938,1143.4313416660298,1143.4313416660298,1143.4381134580472,1144.206370208005,space,0.7672512079589069,None,1144.2077222910011,1144.3070383326888,1144.6205553330365,1144.6029289159924,1144.6047218330204,1144.6205553330365,1144.6205553330365,1144.6205553330365,1145.9918589580338,100,1,[1.3710269579896703],[1.3710322909755632],P1,001,2025-11-11_20h54.28.783,IntentionalBinding_NupurShah,,2025.1.1,120.24644457095427,2025-11-11 20h54.39.512828 +0530,
0.4,1000,exp,229,1,19,space,0.2834142909850925,None,100,1,[1.1469095830107108],[1.146915000048466],19,1,229,7,1145.9973465410294,,1145.9920505830087,1145.9973465410294,1146.9881837080466,1146.9881837080466,1146.9881837080466,1147.2733203750104,space,0.2834142909850925,None,1147.274693416024,1147.6812905826994,1147.9878014160204,1147.9696380830137,1147.9714347080444,1147.9878014160204,1147.9878014160204,1147.9878014160204,1149.1349947910057,100,1,[1.1469095830107108],[1.146915000048466],P1,001,2025-11-11_20h54.28.783,IntentionalBinding_NupurShah,,2025.1.1,120.24644457095427,2025-11-11 20h54.39.512828 +0530,
0.7,1000,exp,230,2,19,space,0.41332504100864753,None,700,1,[1.2972321669803932],[1.2972388750058599],19,2,230,11,1149.1469992080238,,1149.1351772079943,1149.1469992080238,1150.131163416023,1150.131163416023,1150.1383852080326,1150.5498204579926,space,0.41332504100864753,None,1150.5514417500235,1151.2542432076918,1151.560586000036,1151.5434216250433,1151.5447977500153,1151.560586000036,1151.560586000036,1151.560586000036,1152.8581279580249,700,1,[1.2972321669803932],[1.2972388750058599],P1,001,2025-11-11_20h54.28.783,IntentionalBinding_NupurShah,,2025.1.1,120.24644457095427,2025-11-11 20h54.39.512828 +0530,
0.4,1000,exp,231,3,19,space,0.5368480830220506,None,400,1,[1.765645042003598],[1.7656504169572145],19,3,231,4,1152.8641251249937,,1152.8583253750112,1152.8641251249937,1153.8555369999958,1153.8555369999958,1153.8555369999958,1154.399869707995,space,0.5368480830220506,None,1154.401304708037,1154.8054003326727,1155.108757916023,1155.0927830410074,1155.094256707991,1155.108757916023,1155.108757916023,1155.108757916023,1156.8746749160346,400,1,[1.765645042003598],[1.7656504169572145],P1,001,2025-11-11_20h54.28.783,IntentionalBinding_NupurShah,,2025.1.1,120.24644457095427,2025-11-11 20h54.39.512828 +0530,
0.1,1000,exp,232,4,19,space,0.577582166006323,None,100,1,[1.8021682090475224],[1.802173167001456],19,4,232,3,1156.8803006249946,,1156.8748604580178,1156.8803006249946,1157.8717517080368,1157.8717517080368,1157.8717517080368,1158.4556798750418,space,0.577582166006323,None,1158.4570084160077,1158.5653414576702,1158.8727510000463,1158.8543486249982,1158.856128375046,1158.8727510000463,1158.8727510000463,1158.8727510000463,1160.67551512504,100,1,[1.8021682090475224],[1.802173167001456],P1,001,2025-11-11_20h54.28.783,IntentionalBinding_NupurShah,,2025.1.1,120.24644457095427,2025-11-11 20h54.39.512828 +0530,
0.7,400,unexp,233,5,19,space,0.5006782489945181,None,500,1,[2.1220195000059903],[2.122025374963414],19,5,233,2,1160.6809438330238,,1160.6757218750427,1160.6809438330238,1161.6715860410477,1161.6715860410477,1161.6715860410477,1162.1841553749982,space,0.5006782489945181,None,1162.185787666007,1162.8874453746869,1163.1947475410416,1163.1774933330016,1163.1790336249978,1163.1947475410416,1163.1947475410416,1163.1947475410416,1165.3170443749987,500,1,[2.1220195000059903],[2.122025374963414],P1,001,2025-11-11_20h54.28.783,IntentionalBinding_NupurShah,,2025.1.1,120.24644457095427,2025-11-11 20h54.39.512828 +0530,
0.7,1000,exp,234,6,19,space,0.8100656239548698,None,800,1,[1.9537839579861611],[1.9537893750239164],19,6,234,5,1165.3220653750468,,1165.3172340830206,1165.3220653750468,1166.315154083015,1166.315154083015,1166.32197554101,1167.1335383330006,space,0.8100656239548698,None,1167.1351358750253,1167.8381094166582,1168.1466918750084,1168.1270608750056,1168.1287884580088,1168.1466918750084,1168.1466918750084,1168.1466918750084,1170.1007660829928,800,1,[1.9537839579861611],[1.9537893750239164],P1,001,2025-11-11_20h54.28.783,IntentionalBinding_NupurShah,,2025.1.1,120.24644457095427,2025-11-11 20h54.39.512828 +0530,
0.1,400,unexp,235,7,19,space,0.3874252079986036,None,400,1,[2.296647417009808],[2.296652874967549],19,7,235,0,1170.1057902500033,,1170.1009595000069,1170.1057902500033,1171.0979090000037,1171.0979090000037,1171.0979090000037,1171.4903043330414,space,0.3874252079986036,None,1171.491616040992,1171.598717207675,1171.905225666007,1171.8874700409942,1171.8893061660347,1171.905225666007,1171.905225666007,1171.905225666007,1174.2021849580342,400,1,[2.296647417009808],[2.296652874967549],P1,001,2025-11-11_20h54.28.783,IntentionalBinding_NupurShah,,2025.1.1,120.24644457095427,2025-11-11 20h54.39.512828 +0530,
0.1,1000,exp,236,8,19,space,0.576608415984083,None,100,1,[1.7978707909933291],[1.7978762909770012],19,8,236,9,1174.214720625023,,1174.2023751250235,1174.214720625023,1175.1975192910177,1175.1975192910177,1175.2047918750322,1175.7830349160358,space,0.576608415984083,None,1175.7843052910175,1175.887125582671,1176.1935100410483,1176.1766542910482,1176.178028541035,1176.1935100410483,1176.1935100410483,1176.1935100410483,1177.9916565000312,100,1,[1.7978707909933291],[1.7978762909770012],P1,001,2025-11-11_20h54.28.783,IntentionalBinding_NupurShah,,2025.1.1,120.24644457095427,2025-11-11 20h54.39.512828 +0530,
0.4,400,unexp,237,9,19,space,0.4349842490046285,None,300,1,[1.6149396250257269],[1.6149446250055917],19,9,237,1,1177.9971504160203,,1177.9918441250338,1177.9971504160203,1178.9891414160375,1178.9891414160375,1178.9891414160375,1179.4332061250461,space,0.4349842490046285,None,1179.4348026250373,1179.8382442496988,1180.142838166037,1180.1268183750217,1180.1281582500087,1180.142838166037,1180.142838166037,1180.142838166037,1181.758079791034,300,1,[1.6149396250257269],[1.6149446250055917],P1,001,2025-11-11_20h54.28.783,IntentionalBinding_NupurShah,,2025.1.1,120.24644457095427,2025-11-11 20h54.39.512828 +0530,
0.4,1000,exp,238,10,19,space,0.526953291031532,None,200,1,[1.1458131250110455],[1.145818541990593],19,10,238,10,1181.7639568750164,,1181.7582822500262,1181.7639568750164,1182.7551120000426,1182.7551120000426,1182.7551120000426,1183.2903422910022,space,0.526953291031532,None,1183.2917156250332,1183.6984369996974,1184.0057844160474,1183.9872020000475,1183.9890197910136,1184.0057844160474,1184.0057844160474,1184.0057844160474,1185.1518900830415,200,1,[1.1458131250110455],[1.145818541990593],P1,001,2025-11-11_20h54.28.783,IntentionalBinding_NupurShah,,2025.1.1,120.24644457095427,2025-11-11 20h54.39.512828 +0530,
0.7,1000,exp,239,11,19,space,0.3539527489920147,None,600,1,[1.9199235000414774],[1.9199284160276875],19,11,239,8,1185.1647552500363,,1185.1520891660475,1185.1647552500363,1186.1480772499926,1186.1480772499926,1186.1547715830384,1186.5063473750488,space,0.3539527489920147,None,1186.5078465830302,1187.205694999666,1187.511661666038,1187.4938812080072,1187.4955786250066,1187.511661666038,1187.511661666038,1187.511661666038,1189.4318792910199,600,1,[1.9199235000414774],[1.9199284160276875],P1,001,2025-11-11_20h54.28.783,IntentionalBinding_NupurShah,,2025.1.1,120.24644457095427,2025-11-11 20h54.39.512828 +0530,
0.7,1000,exp,240,0,20,space,0.6403426239849068,None,600,1,[3.781875541957561],[3.7818809579475783],20,0,240,11,1189.4369024159969,,1189.4320695000351,1189.4369024159969,1190.4227522080182,1190.4227522080182,1190.4313967080088,1191.0666479160427,space,0.6403426239849068,None,1191.067992166034,1191.7717125417005,1192.0762351659941,1192.0605556660448,1192.061979332997,1192.0762351659941,1192.0762351659941,1192.0762351659941,1195.8583876659977,600,1,[3.781875541957561],[3.7818809579475783],P1,001,2025-11-11_20h54.28.783,IntentionalBinding_NupurShah,,2025.1.1,120.24644457095427,2025-11-11 20h54.39.512828 +0530,
0.1,1000,exp,241,1,20,space,0.3800161660183221,None,100,1,[1.578850666002836],[1.5788562910165638],20,1,241,9,1195.8639795409981,,1195.8585833749967,1195.8639795409981,1196.8558239160338,1196.8558239160338,1196.8558239160338,1197.2400710410438,space,0.3800161660183221,None,1197.241323291033,1197.3481129576724,1197.6549514580402,1197.6367734160158,1197.6383372500422,1197.6549514580402,1197.6549514580402,1197.6549514580402,1199.234109208046,100,1,[1.578850666002836],[1.5788562910165638],P1,001,2025-11-11_20h54.28.783,IntentionalBinding_NupurShah,,2025.1.1,120.24644457095427,2025-11-11 20h54.39.512828 +0530,
0.7,1000,exp,242,2,20,space,0.3680033329874277,None,700,1,[2.5930764590157196],[2.5930813750019297],20,2,242,8,1199.2394968750305,,1199.2342972500483,1199.2394968750305,1200.2317565830308,1200.2317565830308,1200.2317565830308,1200.6068439580267,space,0.3680033329874277,None,1200.6081870830385,1201.3156285826738,1201.6220182080287,1201.604226333031,1201.6064987910213,1201.6220182080287,1201.6220182080287,1201.6220182080287,1204.215372375038,700,1,[2.5930764590157196],[2.5930813750019297],P1,001,2025-11-11_20h54.28.783,IntentionalBinding_NupurShah,,2025.1.1,120.24644457095427,2025-11-11 20h54.39.512828 +0530,
0.4,400,unexp,243,3,20,space,1.0763116659945808,None,200,1,[4.252308916999027],[4.2523147920146585],20,3,243,1,1204.2203744580038,,1204.2155696660047,1204.2203744580038,1205.2055397499935,1205.2055397499935,1205.2151228750008,1206.2838050000137,space,1.0763116659945808,None,1206.2854442500393,1206.6892901666617,1206.996450833045,1206.9778221250162,1206.979628458037,1206.996450833045,1206.996450833045,1206.996450833045,1211.2490530000068,200,1,[4.252308916999027],[4.2523147920146585],P1,001,2025-11-11_20h54.28.783,IntentionalBinding_NupurShah,,2025.1.1,120.24644457095427,2025-11-11 20h54.39.512828 +0530,
0.1,1000,exp,244,4,20,space,0.6328125,None,100,1,[1.657995417015627],[1.658000459021423],20,4,244,3,1211.2643136249972,,1211.2492500829976,1211.2643136249972,1212.2388745000353,1212.2388745000353,1212.2557490830077,1212.8736671660445,space,0.6328125,None,1212.8754230000195,1212.9745279997044,1213.2905115410103,1213.271223416028,1213.273045665992,1213.2905115410103,1213.2905115410103,1213.2905115410103,1214.9487788330298,100,1,[1.657995417015627],[1.658000459021423],P1,001,2025-11-11_20h54.28.783,IntentionalBinding_NupurShah,,2025.1.1,120.24644457095427,2025-11-11 20h54.39.512828 +0530,
0.7,1000,exp,245,5,20,space,0.8292883320245892,None,100,1,[2.2867674590088427],[2.2867724589887075],20,5,245,5,1214.9541322910227,,1214.9489766660263,1214.9541322910227,1215.9394309580093,1215.9394309580093,1215.9485690000001,1216.7740212500212,space,0.8292883320245892,None,1216.7753478750237,1217.4819209997115,1217.7878364580101,1217.771252458042,1217.7730582500226,1217.7878364580101,1217.7878364580101,1217.7878364580101,1220.0748996250331,100,1,[2.2867674590088427],[2.2867724589887075],P1,001,2025-11-11_20h54.28.783,IntentionalBinding_NupurShah,,2025.1.1,120.24644457095427,2025-11-11 20h54.39.512828 +0530,
0.4,1000,exp,246,6,20,space,0.34416499896906316,None,100,1,[2.620170167007018],[2.6201751669868827],20,6,246,10,1220.0813749580411,,1220.0750878330437,1220.0813749580411,1221.0713288750267,1221.0713288750267,1221.0713288750267,1221.423579791037,space,0.34416499896906316,None,1221.4249812079943,1221.8324197916702,1222.138965332997,1222.1203642500332,1222.1221960830153,1222.138965332997,1222.138965332997,1222.138965332997,1224.759419333015,100,1,[2.620170167007018],[2.6201751669868827],P1,001,2025-11-11_20h54.28.783,IntentionalBinding_NupurShah,,2025.1.1,120.24644457095427,2025-11-11 20h54.39.512828 +0530,
0.1,1000,exp,247,7,20,space,0.3065500410157256,None,100,1,[1.3899567499756813],[1.389962499961257],20,7,247,6,1224.7649170410004,,1224.7596097910427,1224.7649170410004,1225.7560196660343,1225.7560196660343,1225.7560196660343,1226.0665969999973,space,0.3065500410157256,None,1226.0678984160186,1226.1712182496597,1226.478288500046,1226.461094875005,1226.4625115829986,1226.478288500046,1226.478288500046,1226.478288500046,1227.868532499997,100,1,[1.3899567499756813],[1.389962499961257],P1,001,2025-11-11_20h54.28.783,IntentionalBinding_NupurShah,,2025.1.1,120.24644457095427,2025-11-11 20h54.39.512828 +0530,
0.7,400,unexp,248,8,20,space,0.3302118319552392,None,700,1,[1.8593945000320673],[1.859400084009394],20,8,248,2,1227.8816261250176,,1227.8687194160302,1227.8816261250176,1228.8652739160461,1228.8652739160461,1228.8721998750116,1229.2001912910491,space,0.3302118319552392,None,1229.2018305410165,1229.8994094576958,1230.2060461250367,1230.1875410000212,1230.189368124993,1230.2060461250367,1230.2060461250367,1230.2060461250367,1232.0657337500015,700,1,[1.8593945000320673],[1.859400084009394],P1,001,2025-11-11_20h54.28.783,IntentionalBinding_NupurShah,,2025.1.1,120.24644457095427,2025-11-11 20h54.39.512828 +0530,
0.1,400,unexp,249,9,20,space,0.33201183198252693,None,900,1,[2.9454283329541795],[2.9454340409720317],20,9,249,0,1232.0817748749978,,1232.065919375047,1232.0817748749978,1233.0553966659936,1233.0553966659936,1233.0720655830228,1233.3910577910137,space,0.33201183198252693,None,1233.3924083330203,1233.4991917496702,1233.807009791024,1233.7882178330328,1233.7900024160044,1233.807009791024,1233.807009791024,1233.807009791024,1236.7527284160024,900,1,[2.9454283329541795],[2.9454340409720317],P1,001,2025-11-11_20h54.28.783,IntentionalBinding_NupurShah,,2025.1.1,120.24644457095427,2025-11-11 20h54.39.512828 +0530,
0.4,1000,exp,250,10,20,space,0.38249395799357444,None,400,1,[1.6210423749871552],[1.6210474999970756],20,10,250,7,1236.7651057910407,,1236.7529139160179,1236.7651057910407,1237.7489398750477,1237.7489398750477,1237.7558318329975,1238.134541541047,space,0.38249395799357444,None,1238.1360982910264,1238.539217207701,1238.8443550410448,1238.8275769160246,1238.8294167080312,1238.8443550410448,1238.8443550410448,1238.8443550410448,1240.4656950000208,400,1,[1.6210423749871552],[1.6210474999970756],P1,001,2025-11-11_20h54.28.783,IntentionalBinding_NupurShah,,2025.1.1,120.24644457095427,2025-11-11 20h54.39.512828 +0530,
0.4,1000,exp,251,11,20,space,0.3390868330025114,None,400,1,[1.6254447500105016],[1.6254506249679253],20,11,251,4,1240.4713017500471,,1240.4658836660092,1240.4713017500471,1241.4572916250327,1241.4572916250327,1241.4646134580253,1241.8006376660196,space,0.3390868330025114,None,1241.8020940410206,1242.2049958746686,1242.5098599159974,1242.4936004159972,1242.4949907080154,1242.5098599159974,1242.5098599159974,1242.5098599159974,1244.1355933750165,400,1,[1.6254447500105016],[1.6254506249679253],P1,001,2025-11-11_20h54.28.783,IntentionalBinding_NupurShah,,2025.1.1,120.24644457095427,2025-11-11 20h54.39.512828 +0530,
0.7,1000,exp,252,0,21,space,0.7892855409882031,None,500,1,[4.159498667053413],[4.159504042007029],21,0,252,5,1244.1485299160122,,1244.135776500043,1244.1485299160122,1245.132020791003,1245.132020791003,1245.1383792500128,1245.9232068750425,space,0.7892855409882031,None,1245.9245532500208,1246.6325436246736,1246.939504583017,1246.9213322910364,1246.923135249992,1246.939504583017,1246.939504583017,1246.939504583017,1251.0992964580073,500,1,[4.159498667053413],[4.159504042007029],P1,001,2025-11-11_20h54.28.783,IntentionalBinding_NupurShah,,2025.1.1,120.24644457095427,2025-11-11 20h54.39.512828 +0530,
0.4,1000,exp,253,1,21,space,0.8500328750233166,None,400,1,[1.7447150829830207],[1.7447204170166515],21,1,253,4,1251.1153170409962,,1251.0994848330156,1251.1153170409962,1252.0891720410436,1252.0891720410436,1252.1051183750387,1252.9405440410483,space,0.8500328750233166,None,1252.9419162500417,1253.3489375826941,1253.6562315830379,1253.6381688750116,1253.6400017910055,1253.6562315830379,1253.6562315830379,1253.6562315830379,1255.4012316660373,400,1,[1.7447150829830207],[1.7447204170166515],P1,001,2025-11-11_20h54.28.783,IntentionalBinding_NupurShah,,2025.1.1,120.24644457095427,2025-11-11 20h54.39.512828 +0530,
0.4,1000,exp,254,2,21,space,0.6873265409958549,None,100,1,[1.3696496250340715],[1.3696545829880051],21,2,254,7,1255.4063370830263,,1255.401420500013,1255.4063370830263,1256.3988373330212,1256.3988373330212,1256.3988373330212,1257.0906118330313,space,0.6873265409958549,None,1257.0919604160008,1257.4989449576863,1257.8050910829916,1257.7873940000427,1257.7892302910332,1257.8050910829916,1257.8050910829916,1257.8050910829916,1259.1750407500076,100,1,[1.3696496250340715],[1.3696545829880051],P1,001,2025-11-11_20h54.28.783,IntentionalBinding_NupurShah,,2025.1.1,120.24644457095427,2025-11-11 20h54.39.512828 +0530,
0.1,400,unexp,255,3,21,space,0.7875419990159571,None,200,1,[2.2358077079989016],[2.23581295798067],21,3,255,0,1259.1811603750102,,1259.1752252500155,1259.1811603750102,1260.172561250045,1260.172561250045,1260.172561250045,1260.9671055829967,space,0.7875419990159571,None,1260.968478625,1261.0665091247104,1261.3722754580085,1261.3550522910082,1261.3570799159934,1261.3722754580085,1261.3722754580085,1261.3722754580085,1263.608420958044,200,1,[2.2358077079989016],[2.23581295798067],P1,001,2025-11-11_20h54.28.783,IntentionalBinding_NupurShah,,2025.1.1,120.24644457095427,2025-11-11 20h54.39.512828 +0530,
0.1,1000,exp,256,4,21,space,2.46873704099562,None,100,1,[2.9604692079592496],[2.9604763749521226],21,4,256,6,1263.6146330000483,,1263.608711583016,1263.6146330000483,1264.606215583044,1264.606215583044,1264.606215583044,1267.084242208046,space,2.46873704099562,None,1267.0858134580194,1267.1916382077072,1267.5053599160165,1267.4877871249919,1267.4895774580073,1267.5053599160165,1267.5053599160165,1267.5053599160165,1270.4661221250426,100,1,[2.9604692079592496],[2.9604763749521226],P1,001,2025-11-11_20h54.28.783,IntentionalBinding_NupurShah,,2025.1.1,120.24644457095427,2025-11-11 20h54.39.512828 +0530,
0.4,1000,exp,257,5,21,space,1.2900527070160024,None,100,1,[3.2710849170107394],[3.2710903749684803],21,5,257,10,1270.481503500021,,1270.4663092080154,1270.481503500021,1271.455977958045,1271.455977958045,1271.4728475830052,1272.7508764580125,space,1.2900527070160024,None,1272.7524521659943,1273.156009541712,1273.4614042500034,1273.4442672909936,1273.4456125000142,1273.4614042500034,1273.4614042500034,1273.4614042500034,1276.7328013330116,100,1,[3.2710849170107394],[3.2710903749684803],P1,001,2025-11-11_20h54.28.783,IntentionalBinding_NupurShah,,2025.1.1,120.24644457095427,2025-11-11 20h54.39.512828 +0530,
0.7,1000,exp,258,6,21,space,1.9199337910395116,None,500 ,1,[4.239602292014752],[4.239607667026576],21,6,258,11,1276.748214457999,,1276.7329904580256,1276.748214457999,1277.722862708033,1277.722862708033,1277.738635791,1279.6512246660423,space,1.9199337910395116,None,1279.6519122910104,1280.355608166665,1280.6618475000141,1280.644974833005,1280.6465050000115,1280.6618475000141,1280.6618475000141,1280.6618475000141,1284.9017470410326,500 ,1,[4.239602292014752],[4.239607667026576],P1,001,2025-11-11_20h54.28.783,IntentionalBinding_NupurShah,,2025.1.1,120.24644457095427,2025-11-11 20h54.39.512828 +0530,
0.1,1000,exp,259,7,21,space,0.8195251250290312,None,100,1,[3.1342632499872707],[3.1342688750009984],21,7,259,9,1284.9068825000431,,1284.9019407909946,1284.9068825000431,1285.8992441660375,1285.8992441660375,1285.8992441660375,1286.7246725830482,space,0.8195251250290312,None,1286.7260546250036,1286.8330474997094,1287.1413488750113,1287.122206583037,1287.1240100000286,1287.1413488750113,1287.1413488750113,1287.1413488750113,1290.2758871660335,100,1,[3.1342632499872707],[3.1342688750009984],P1,001,2025-11-11_20h54.28.783,IntentionalBinding_NupurShah,,2025.1.1,120.24644457095427,2025-11-11 20h54.39.512828 +0530,
0.1,1000,exp,260,8,21,space,1.5910695829661563,None,100,1,[2.265641540987417],[2.2656468329951167],21,8,260,3,1290.281524125021,,1290.2760725830449,1290.281524125021,1291.272682458046,1291.272682458046,1291.272682458046,1292.8673856250243,space,1.5910695829661563,None,1292.8689632079913,1292.9718263747093,1293.2768233750248,1293.260899875022,1293.2621415000176,1293.2768233750248,1293.2768233750248,1293.2768233750248,1295.542739416007,100,1,[2.265641540987417],[2.2656468329951167],P1,001,2025-11-11_20h54.28.783,IntentionalBinding_NupurShah,,2025.1.1,120.24644457095427,2025-11-11 20h54.39.512828 +0530,
0.7,400,unexp,261,9,21,space,2.20145383302588,None,400,1,[3.2537589999847114],[3.2537644160329364],21,9,261,2,1295.5482242910075,,1295.5429440410226,1295.5482242910075,1296.5391105409944,1296.5391105409944,1296.5391105409944,1298.7508309580153,space,2.20145383302588,None,1298.7519937080215,1299.4499909997141,1299.75538079103,1299.7384735830128,1299.7402590410202,1299.75538079103,1299.75538079103,1299.75538079103,1303.0094141660375,400,1,[3.2537589999847114],[3.2537644160329364],P1,001,2025-11-11_20h54.28.783,IntentionalBinding_NupurShah,,2025.1.1,120.24644457095427,2025-11-11 20h54.39.512828 +0530,
0.7,1000,exp,262,10,21,space,2.4424022490275092,None,400,1,[4.881090416980442],[4.881095500022639],21,10,262,8,1303.0154857080197,,1303.0096190000186,1303.0154857080197,1304.0061148750247,1304.0061148750247,1304.0061148750247,1306.451519166003,space,2.4424022490275092,None,1306.4531479580328,1307.1554245826594,1307.4613043330028,1307.444542375044,1307.4462180000264,1307.4613043330028,1307.4613043330028,1307.4613043330028,1312.342701250047,400,1,[4.881090416980442],[4.881095500022639],P1,001,2025-11-11_20h54.28.783,IntentionalBinding_NupurShah,,2025.1.1,120.24644457095427,2025-11-11 20h54.39.512828 +0530,
0.4,400,unexp,263,11,21,space,2.9149327499908395,None,400,1,[2.0881290410179645],[2.0881356250029057],21,11,263,1,1312.3483057080302,,1312.342895666021,1312.3483057080302,1313.3393947500153,1313.3393947500153,1313.3393947500153,1316.2580313750077,space,2.9149327499908395,None,1316.2595171250287,1316.6666147497056,1316.971733375045,1316.9552320000366,1316.9569603330456,1316.971733375045,1316.971733375045,1316.971733375045,1319.0601904159994,400,1,[2.0881290410179645],[2.0881356250029057],P1,001,2025-11-11_20h54.28.783,IntentionalBinding_NupurShah,,2025.1.1,120.24644457095427,2025-11-11 20h54.39.512828 +0530,
0.7,400,unexp,264,0,22,space,3.821666000003461,None,500,1,[2.535945958981756],[2.535951291967649],22,0,264,2,1319.0656760000275,,1319.0603847909952,1319.0656760000275,1320.0563159160083,1320.0563159160083,1320.0563159160083,1323.884642333025,space,3.821666000003461,None,1323.8860127910157,1324.589857749703,1324.8969689160003,1324.8785849580308,1324.8801890829927,1324.8969689160003,1324.8969689160003,1324.8969689160003,1327.4331983330194,500,1,[2.535945958981756],[2.535951291967649],P1,001,2025-11-11_20h54.28.783,IntentionalBinding_NupurShah,,2025.1.1,120.24644457095427,2025-11-11 20h54.39.512828 +0530,
0.4,1000,exp,265,1,22,space,0.8123427489772439,None,100,1,[1.8195153750129975],[1.8195205410011113],22,1,265,7,1327.4491512910463,,1327.4333839580067,1327.4491512910463,1328.4245472910115,1328.4245472910115,1328.4389127080212,1329.24098112504,space,0.8123427489772439,None,1329.2422595830285,1329.6498968327107,1329.957050750032,1329.9386768750264,1329.9404436250334,1329.957050750032,1329.957050750032,1329.957050750032,1331.7768378750188,100,1,[1.8195153750129975],[1.8195205410011113],P1,001,2025-11-11_20h54.28.783,IntentionalBinding_NupurShah,,2025.1.1,120.24644457095427,2025-11-11 20h54.39.512828 +0530,
0.7,1000,exp,266,2,22,space,1.5131736660259776,None,700,1,[2.0521766660385765],[2.0521822080481797],22,2,266,8,1331.781911375001,,1331.777024708048,1331.781911375001,1332.7737134580384,1332.7737134580384,1332.7737134580384,1334.2911719580297,space,1.5131736660259776,None,1334.2925203330233,1334.9997337916905,1335.3075130000361,1335.2888337910408,1335.290393458039,1335.3075130000361,1335.3075130000361,1335.3075130000361,1337.359959583031,700,1,[2.0521766660385765],[2.0521822080481797],P1,001,2025-11-11_20h54.28.783,IntentionalBinding_NupurShah,,2025.1.1,120.24644457095427,2025-11-11 20h54.39.512828 +0530,
0.4,1000,exp,267,3,22,space,0.5448051660205238,None,100,1,[1.1868977500125766],[1.1869036249700002],22,3,267,4,1337.3653167080483,,1337.3601517910138,1337.3653167080483,1338.3569339160458,1338.3569339160458,1338.3569339160458,1338.9074777080095,space,0.5448051660205238,None,1338.9086090830388,1339.3066148326654,1339.612766166043,1339.595548790996,1339.5972967499983,1339.612766166043,1339.612766166043,1339.612766166043,1340.7999425409944,100,1,[1.1868977500125766],[1.1869036249700002],P1,001,2025-11-11_20h54.28.783,IntentionalBinding_NupurShah,,2025.1.1,120.24644457095427,2025-11-11 20h54.39.512828 +0530,
0.7,1000,exp,268,4,22,space,0.4231759990216233,None,100,1,[1.872028291982133],[1.872033542022109],22,4,268,5,1340.804961708025,,1340.8001315830043,1340.804961708025,1341.7905901250197,1341.7905901250197,1341.7990406660247,1342.2180224159965,space,0.4231759990216233,None,1342.2194080830086,1342.923447249694,1343.229761124996,1343.2123611660209,1343.21373966604,1343.229761124996,1343.229761124996,1343.229761124996,1345.1020726659917,100,1,[1.872028291982133],[1.872033542022109],P1,001,2025-11-11_20h54.28.783,IntentionalBinding_NupurShah,,2025.1.1,120.24644457095427,2025-11-11 20h54.39.512828 +0530,
0.7,1000,exp,269,5,22,space,0.3246324159554206,None,100,1,[1.547930541972164],[1.5479372919653542],22,5,269,11,1345.107175333018,,1345.1022606660263,1345.107175333018,1346.100021500024,1346.100021500024,1346.100021500024,1346.435145541036,space,0.3246324159554206,None,1346.4367332500406,1347.1394457496974,1347.445479749993,1347.4276442910195,1347.4292480830336,1347.445479749993,1347.445479749993,1347.445479749993,1348.9937118330272,100,1,[1.547930541972164],[1.5479372919653542],P1,001,2025-11-11_20h54.28.783,IntentionalBinding_NupurShah,,2025.1.1,120.24644457095427,2025-11-11 20h54.39.512828 +0530,
0.4,1000,exp,270,6,22,space,0.41734562400961295,None,200,1,[2.7986266249790788],[2.7986317910254],22,6,270,10,1348.9987679580227,,1348.9939100000192,1348.9987679580227,1349.9902769580367,1349.9902769580367,1349.9902769580367,1350.4181539580459,space,0.41734562400961295,None,1350.4194749580347,1350.8235012496627,1351.1287664160482,1351.1121189999976,1351.1135912910104,1351.1287664160482,1351.1287664160482,1351.1287664160482,1353.9277003750321,200,1,[2.7986266249790788],[2.7986317910254],P1,001,2025-11-11_20h54.28.783,IntentionalBinding_NupurShah,,2025.1.1,120.24644457095427,2025-11-11 20h54.39.512828 +0530,
0.1,1000,exp,271,7,22,space,1.3414719159482047,None,300,1,[1.8394074170500971],[1.8394134590053],22,7,271,3,1353.9331295409938,,1353.9278869580012,1353.9331295409938,1354.9232372910483,1354.9232372910483,1354.9232372910483,1356.2683404160198,space,1.3414719159482047,None,1356.2700004160288,1356.3724802917025,1356.679082165996,1356.6626230830443,1356.6640057080076,1356.679082165996,1356.679082165996,1356.679082165996,1358.5187780410051,300,1,[1.8394074170500971],[1.8394134590053],P1,001,2025-11-11_20h54.28.783,IntentionalBinding_NupurShah,,2025.1.1,120.24644457095427,2025-11-11 20h54.39.512828 +0530,
0.1,1000,exp,272,8,22,space,1.1507198750041425,None,300,1,[2.8104261670378037],[2.8104317500256],22,8,272,9,1358.5239776660455,,1358.5189725829987,1358.5239776660455,1359.5168024580344,1359.5168024580344,1359.5239958330058,1360.674708666047,space,1.1507198750041425,None,1360.6763498330256,1360.7837557497007,1361.091540708032,1361.0722250410472,1361.074047291011,1361.091540708032,1361.091540708032,1361.091540708032,1363.902252458036,300,1,[2.8104261670378037],[2.8104317500256],P1,001,2025-11-11_20h54.28.783,IntentionalBinding_NupurShah,,2025.1.1,120.24644457095427,2025-11-11 20h54.39.512828 +0530,
0.1,1000,exp,273,9,22,space,1.2374827080057003,None,400,1,[1.5477504159789532],[1.547757082968019],22,9,273,6,1363.9073203330045,,1363.902438374993,1363.9073203330045,1364.9001104580238,1364.9001104580238,1364.9001104580238,1366.142540041008,space,1.2374827080057003,None,1366.1441756660352,1366.2501680416792,1366.5545567910303,1366.5385680000181,1366.5400788750267,1366.5545567910303,1366.5545567910303,1366.5545567910303,1368.102626583015,400,1,[1.5477504159789532],[1.547757082968019],P1,001,2025-11-11_20h54.28.783,IntentionalBinding_NupurShah,,2025.1.1,120.24644457095427,2025-11-11 20h54.39.512828 +0530,
0.4,400,unexp,274,10,22,space,0.4733350410242565,None,400,1,[1.676293333992362],[1.6762984590022825],22,10,274,1,1368.107793541043,,1368.1028242910397,1368.107793541043,1369.1000924160471,1369.1000924160471,1369.1068228750373,1369.5755596249946,space,0.4733350410242565,None,1369.5770920410287,1369.9835617076644,1370.290317875042,1370.27227520803,1370.274170041026,1370.290317875042,1370.290317875042,1370.290317875042,1371.9668980830465,400,1,[1.676293333992362],[1.6762984590022825],P1,001,2025-11-11_20h54.28.783,IntentionalBinding_NupurShah,,2025.1.1,120.24644457095427,2025-11-11 20h54.39.512828 +0530,
0.1,400,unexp,275,11,22,space,0.707791458000429,None,100,1,[3.463068542012479],[3.4630745419999585],22,11,275,0,1371.9718913329998,,1371.9671036250074,1371.9718913329998,1372.9576897910447,1372.9576897910447,1372.9665614160476,1373.6685486250208,space,0.707791458000429,None,1373.6702751250123,1373.7734292076823,1374.0803223749972,1374.0621166659985,1374.0637931660167,1374.0803223749972,1374.0803223749972,1374.0803223749972,1377.5436955830082,100,1,[3.463068542012479],[3.4630745419999585],P1,001,2025-11-11_20h54.28.783,IntentionalBinding_NupurShah,,2025.1.1,120.24644457095427,2025-11-11 20h54.39.512828 +0530,
0.1,1000,exp,276,0,23,space,0.7764939159969799,None,100,1,[1.7696348750032485],[1.7696408329647966],23,0,276,6,1377.5495178750134,,1377.5438891249942,1377.5495178750134,1378.539939625014,1378.539939625014,1378.539939625014,1379.3185964580043,space,0.7764939159969799,None,1379.3200167079922,1379.422795582683,1379.7302684580209,1379.7129203749937,1379.7142644580454,1379.7302684580209,1379.7302684580209,1379.7302684580209,1381.5001850000117,100,1,[1.7696348750032485],[1.7696408329647966],P1,001,2025-11-11_20h54.28.783,IntentionalBinding_NupurShah,,2025.1.1,120.24644457095427,2025-11-11 20h54.39.512828 +0530,
0.7,1000,exp,277,1,23,space,0.33992887497879565,None,700,1,[1.6221913329791278],[1.6221962079871446],23,1,277,5,1381.5050594159984,,1381.5003761660191,1381.5050594159984,1382.4904139580321,1382.4904139580321,1382.50023354101,1382.8351950829965,space,0.33992887497879565,None,1382.8367895000265,1383.5401540827045,1383.8444639579975,1383.828508708044,1383.829920625023,1383.8444639579975,1383.8444639579975,1383.8444639579975,1385.4669529580278,700,1,[1.6221913329791278],[1.6221962079871446],P1,001,2025-11-11_20h54.28.783,IntentionalBinding_NupurShah,,2025.1.1,120.24644457095427,2025-11-11 20h54.39.512828 +0530,
0.7,1000,exp,278,2,23,space,0.4596114580053836,None,500,1,[3.5293533749645576],[3.5293590420042165],23,2,278,8,1385.4719879160402,,1385.4671406660345,1385.4719879160402,1386.4566986660357,1386.4566986660357,1386.4666772080236,1386.9184496250236,space,0.4596114580053836,None,1386.920065666025,1387.6229342496993,1387.9303796660388,1387.912051916006,1387.9137181660044,1387.9303796660388,1387.9303796660388,1387.9303796660388,1391.4600232079974,500,1,[3.5293533749645576],[3.5293590420042165],P1,001,2025-11-11_20h54.28.783,IntentionalBinding_NupurShah,,2025.1.1,120.24644457095427,2025-11-11 20h54.39.512828 +0530,
0.4,400,unexp,279,3,23,space,0.737758333038073,None,700,1,[1.7964786250377074],[1.796483458019793],23,3,279,1,1391.4658091250458,,1391.4602125000092,1391.4658091250458,1392.457325416035,1392.457325416035,1392.457325416035,1393.201891875011,space,0.737758333038073,None,1393.2031924580224,1393.606294124682,1393.913839875022,1393.8962480830378,1393.89804095804,1393.913839875022,1393.913839875022,1393.913839875022,1395.7106157910312,700,1,[1.7964786250377074],[1.796483458019793],P1,001,2025-11-11_20h54.28.783,IntentionalBinding_NupurShah,,2025.1.1,120.24644457095427,2025-11-11 20h54.39.512828 +0530,
0.1,1000,exp,280,4,23,space,0.5877595410565846,None,400,1,[2.6238507500384003],[2.6238567079999484],23,4,280,9,1395.716283250018,,1395.7108200000366,1395.716283250018,1396.7073065830045,1396.7073065830045,1396.7073065830045,1397.3020392910112,space,0.5877595410565846,None,1397.3036285830312,1397.4063641246796,1397.7128150000353,1397.6955735000083,1397.6969315410242,1397.7128150000353,1397.7128150000353,1397.7128150000353,1400.3369550830103,400,1,[2.6238507500384003],[2.6238567079999484],P1,001,2025-11-11_20h54.28.783,IntentionalBinding_NupurShah,,2025.1.1,120.24644457095427,2025-11-11 20h54.39.512828 +0530,
0.4,1000,exp,281,5,23,space,0.937424750009086,None,500,1,[2.352511666016653],[2.3525166250183247],23,5,281,7,1400.3499550830456,,1400.3371482910006,1400.3499550830456,1401.333570791001,1401.333570791001,1401.3406476660166,1402.275938375038,space,0.937424750009086,None,1402.2775492499932,1402.6839460416852,1402.9913944580476,1402.9728153329925,1402.9749687500298,1402.9913944580476,1402.9913944580476,1402.9913944580476,1405.344181958004,500,1,[2.352511666016653],[2.3525166250183247],P1,001,2025-11-11_20h54.28.783,IntentionalBinding_NupurShah,,2025.1.1,120.24644457095427,2025-11-11 20h54.39.512828 +0530,
0.7,400,unexp,282,6,23,space,1.4515058749821037,None,500,1,[2.5660183749860153],[2.566024166007992],23,6,282,2,1405.3492720830254,,1405.3443815000355,1405.3492720830254,1406.3404239160009,1406.3404239160009,1406.3404239160009,1407.8061922910274,space,1.4515058749821037,None,1407.806715957995,1408.5067527077083,1408.8112034579972,1408.7959870000486,1408.7975597080076,1408.8112034579972,1408.8112034579972,1408.8112034579972,1411.3775217499933,500,1,[2.5660183749860153],[2.566024166007992],P1,001,2025-11-11_20h54.28.783,IntentionalBinding_NupurShah,,2025.1.1,120.24644457095427,2025-11-11 20h54.39.512828 +0530,
0.1,400,unexp,283,7,23,space,1.003927541023586,None,500,1,[3.7623534169979393],[3.7623586669797078],23,7,283,0,1411.382641083037,,1411.377724666032,1411.382641083037,1412.3739485410042,1412.3739485410042,1412.3739485410042,1413.385558708047,space,1.003927541023586,None,1413.3871715830173,1413.489683166674,1413.7975890410016,1413.7795274160453,1413.7812647080282,1413.7975890410016,1413.7975890410016,1413.7975890410016,1417.5602407080005,500,1,[3.7623534169979393],[3.7623586669797078],P1,001,2025-11-11_20h54.28.783,IntentionalBinding_NupurShah,,2025.1.1,120.24644457095427,2025-11-11 20h54.39.512828 +0530,
0.4,1000,exp,284,8,23,space,0.46973108302336186,None,400,1,[2.1402021250105463],[2.140207541990094],23,8,284,4,1417.5659377910197,,1417.5604347910266,1417.5659377910197,1418.5571136249928,1418.5571136249928,1418.5571136249928,1419.0354042500257,space,0.46973108302336186,None,1419.0370397500228,1419.4407552916712,1419.746807040996,1419.729691290995,1419.7310852080118,1419.746807040996,1419.746807040996,1419.746807040996,1421.8872899160488,400,1,[2.1402021250105463],[2.140207541990094],P1,001,2025-11-11_20h54.28.783,IntentionalBinding_NupurShah,,2025.1.1,120.24644457095427,2025-11-11 20h54.39.512828 +0530,
0.1,1000,exp,285,9,23,space,0.9633955410099588,None,400,1,[2.82046083296882],[2.820466207980644],23,9,285,3,1421.900139916048,,1421.8874809580157,1421.900139916048,1422.8834125410067,1422.8834125410067,1422.890280749998,1423.8522879580269,space,0.9633955410099588,None,1423.8538201660267,1423.9600494166991,1424.2737217910471,1424.2564453330124,1424.258190708002,1424.2737217910471,1424.2737217910471,1424.2737217910471,1427.094458291016,400,1,[2.82046083296882],[2.820466207980644],P1,001,2025-11-11_20h54.28.783,IntentionalBinding_NupurShah,,2025.1.1,120.24644457095427,2025-11-11 20h54.39.512828 +0530,
0.7,1000,exp,286,10,23,space,0.6922607489977963,None,700,1,[3.245945415983442],[3.245950457989238],23,10,286,11,1427.0999749579933,,1427.0946486660396,1427.0999749579933,1428.0904729160247,1428.0904729160247,1428.0904729160247,1428.7855122910114,space,0.6922607489977963,None,1428.7871836250415,1429.4907822076968,1429.7975762080168,1429.7799572499935,1429.7816527910181,1429.7975762080168,1429.7975762080168,1429.7975762080168,1433.0438179580378,700,1,[3.245945415983442],[3.245950457989238],P1,001,2025-11-11_20h54.28.783,IntentionalBinding_NupurShah,,2025.1.1,120.24644457095427,2025-11-11 20h54.39.512828 +0530,
0.4,1000,exp,287,11,23,space,0.3190143749816343,None,100,1,[6.380115666019265],[6.380120541027281],23,11,287,10,1433.049511249992,,1433.0440149999922,1433.049511249992,1434.0406131250202,1434.0406131250202,1434.0406131250202,1434.3692414580146,space,0.3190143749816343,None,1434.3706107080216,1434.773567041677,1435.079790541029,1435.0627918750397,1435.06431770802,1435.079790541029,1435.079790541029,1435.079790541029,1441.4601769160363,100,1,[6.380115666019265],[6.380120541027281],P1,001,2025-11-11_20h54.28.783,IntentionalBinding_NupurShah,,2025.1.1,120.24644457095427,2025-11-11 20h54.39.512828 +0530,
0.4,400,unexp,288,0,24,space,0.8983478749869391,None,400,1,[2.196547665982507],[2.196553457994014],24,0,288,1,1441.4662224579952,,1441.4603713750257,1441.4662224579952,1442.457167125016,1442.457167125016,1442.457167125016,1443.3597791659995,space,0.8983478749869391,None,1443.3613630830077,1443.7677229166768,1444.0729801250272,1444.0562572500203,1444.058056583046,1444.0729801250272,1444.0729801250272,1444.0729801250272,1446.2698395000189,400,1,[2.196547665982507],[2.196553457994014],P1,001,2025-11-11_20h54.28.783,IntentionalBinding_NupurShah,,2025.1.1,120.24644457095427,2025-11-11 20h54.39.512828 +0530,
0.7,1000,exp,289,1,24,space,0.661234124971088,None,800,1,[1.7528702080016956],[1.7528760000132024],24,1,289,5,1446.275143958046,,1446.2700320000295,1446.275143958046,1447.2671990829986,1447.2671990829986,1447.2671990829986,1447.9358269580407,space,0.661234124971088,None,1447.9374795830227,1448.6409403326727,1448.9477742910385,1448.929595375026,1448.9312457080232,1448.9477742910385,1448.9477742910385,1448.9477742910385,1450.7009285830427,800,1,[1.7528702080016956],[1.7528760000132024],P1,001,2025-11-11_20h54.28.783,IntentionalBinding_NupurShah,,2025.1.1,120.24644457095427,2025-11-11 20h54.39.512828 +0530,
0.1,1000,exp,290,2,24,space,1.7517912490293384,None,100,1,[1.8801390419830568],[1.880144124967046],24,2,290,3,1450.705932041048,,1450.7011197500397,1450.705932041048,1451.6905552080134,1451.6905552080134,1451.7006912500365,1453.4525619160268,space,1.7517912490293384,None,1453.4541610410088,1453.556799416667,1453.8636394999921,1453.846445208008,1453.847911541001,1453.8636394999921,1453.8636394999921,1453.8636394999921,1455.7440673329984,100,1,[1.8801390419830568],[1.880144124967046],P1,001,2025-11-11_20h54.28.783,IntentionalBinding_NupurShah,,2025.1.1,120.24644457095427,2025-11-11 20h54.39.512828 +0530,
0.4,1000,exp,291,3,24,space,1.0016316659748554,None,100,1,[1.5967165000038221],[1.5967217499855906],24,3,291,7,1455.749598291004,,1455.7442581250216,1455.749598291004,1456.7416877080104,1456.7416877080104,1456.7416877080104,1457.7529051660094,space,1.0016316659748554,None,1457.7545373750036,1458.1575051666625,1458.4637769580004,1458.446466666006,1458.4480270000058,1458.4637769580004,1458.4637769580004,1458.4637769580004,1460.0607682500267,100,1,[1.5967165000038221],[1.5967217499855906],P1,001,2025-11-11_20h54.28.783,IntentionalBinding_NupurShah,,2025.1.1,120.24644457095427,2025-11-11 20h54.39.512828 +0530,
0.1,400,unexp,292,4,24,space,0.7157729999744333,None,200,1,[1.619934624992311],[1.6199396249721758],24,4,292,0,1460.0664610830136,,1460.0609573750407,1460.0664610830136,1461.0575630410458,1461.0575630410458,1461.0575630410458,1461.7752670830232,space,0.7157729999744333,None,1461.7768862910452,1461.8767799997042,1462.1911206660443,1462.1732135000057,1462.1750589580042,1462.1911206660443,1462.1911206660443,1462.1911206660443,1463.811328083044,200,1,[1.619934624992311],[1.6199396249721758],P1,001,2025-11-11_20h54.28.783,IntentionalBinding_NupurShah,,2025.1.1,120.24644457095427,2025-11-11 20h54.39.512828 +0530,
0.1,1000,exp,293,5,24,space,0.8559485820005648,None,100,1,[3.1529917499865405],[3.1529970829724334],24,5,293,9,1463.8165163749945,,1463.811511708016,1463.8165163749945,1464.8071819579927,1464.8071819579927,1464.8071819579927,1465.6688945410424,space,0.8559485820005648,None,1465.670256790996,1465.768355041688,1466.0746046660352,1466.0566713750013,1466.0578719160403,1466.0746046660352,1466.0746046660352,1466.0746046660352,1469.227876791032,100,1,[3.1529917499865405],[3.1529970829724334],P1,001,2025-11-11_20h54.28.783,IntentionalBinding_NupurShah,,2025.1.1,120.24644457095427,2025-11-11 20h54.39.512828 +0530,
0.4,1000,exp,294,6,24,space,0.6862842490081675,None,100,1,[1.7203236669884063],[1.7203294999781065],24,6,294,4,1469.2330541660194,,1469.2280643749982,1469.2330541660194,1470.2247806250234,1470.2247806250234,1470.2247806250234,1470.9190168750356,space,0.6862842490081675,None,1470.9203660000348,1471.3239109166936,1471.6306317080162,1471.6135679160361,1471.615462375048,1471.6306317080162,1471.6306317080162,1471.6306317080162,1473.3512734160176,100,1,[1.7203236669884063],[1.7203294999781065],P1,001,2025-11-11_20h54.28.783,IntentionalBinding_NupurShah,,2025.1.1,120.24644457095427,2025-11-11 20h54.39.512828 +0530,
0.1,1000,exp,295,7,24,space,1.4728210829780437,None,200,1,[2.046289334015455],[2.0462941669975407],24,7,295,6,1473.3563257500064,,1473.3514782910352,1473.3563257500064,1474.3412659580354,1474.3412659580354,1474.3511280000093,1475.8193260410335,space,1.4728210829780437,None,1475.8206640410353,1475.924736457706,1476.2310150830308,1476.213613791042,1476.2154190830188,1476.2310150830308,1476.2310150830308,1476.2310150830308,1478.2775827080477,200,1,[2.046289334015455],[2.0462941669975407],P1,001,2025-11-11_20h54.28.783,IntentionalBinding_NupurShah,,2025.1.1,120.24644457095427,2025-11-11 20h54.39.512828 +0530,
0.7,1000,exp,296,8,24,space,1.86141424899688,None,300,1,[3.391066249983851],[3.391071040998213],24,8,296,8,1478.283193500014,,1478.2777718330035,1478.283193500014,1479.2765989160398,1479.2765989160398,1479.2765989160398,1481.1426220409921,space,1.86141424899688,None,1481.1439742080402,1481.8509788746635,1482.159252750047,1482.140317125013,1482.1423588750185,1482.159252750047,1482.159252750047,1482.159252750047,1485.5505937080015,300,1,[3.391066249983851],[3.391071040998213],P1,001,2025-11-11_20h54.28.783,IntentionalBinding_NupurShah,,2025.1.1,120.24644457095427,2025-11-11 20h54.39.512828 +0530,
0.4,1000,exp,297,9,24,space,2.7087111659930088,None,400,1,[3.9867292499984615],[3.9867343329824507],24,9,297,10,1485.5557505830075,,1485.5507786250091,1485.5557505830075,1486.5681670409977,1486.5681670409977,1486.5681670409977,1489.2862173329922,space,2.7087111659930088,None,1489.2877561250352,1489.6914327496818,1489.9975725000259,1489.9803187910002,1489.9816192500293,1489.9975725000259,1489.9975725000259,1489.9975725000259,1493.9845739580342,400,1,[3.9867292499984615],[3.9867343329824507],P1,001,2025-11-11_20h54.28.783,IntentionalBinding_NupurShah,,2025.1.1,120.24644457095427,2025-11-11 20h54.39.512828 +0530,
0.7,400,unexp,298,10,24,space,0.8890386240091175,None,400,1,[1.6710099169868045],[1.671015208994504],24,10,298,2,1493.9896247500437,,1493.9847613330348,1493.9896247500437,1494.9747550830361,1494.9747550830361,1494.9844862910104,1495.8690085000126,space,0.8890386240091175,None,1495.870357250038,1496.5747247496658,1496.8796429160284,1496.862905499991,1496.8643574159942,1496.8796429160284,1496.8796429160284,1496.8796429160284,1498.550941666006,400,1,[1.6710099169868045],[1.671015208994504],P1,001,2025-11-11_20h54.28.783,IntentionalBinding_NupurShah,,2025.1.1,120.24644457095427,2025-11-11 20h54.39.512828 +0530,
0.7,1000,exp,299,11,24,space,0.575444707996212,None,700,1,[2.543778708030004],[2.5437842500396073],24,11,299,11,1498.5558034580317,,1498.5511267910479,1498.5558034580317,1499.5413818330271,1499.5413818330271,1499.5512500409968,1500.119667166029,space,0.575444707996212,None,1500.121266583039,1500.824368582693,1501.1270419160137,1501.1120957910316,1501.1130678330082,1501.1270419160137,1501.1270419160137,1501.1270419160137,1503.6711112500052,700,1,[2.543778708030004],[2.5437842500396073],P1,001,2025-11-11_20h54.28.783,IntentionalBinding_NupurShah,,2025.1.1,120.24644457095427,2025-11-11 20h54.39.512828 +0530,
0.4,400,unexp,300,0,25,space,1.1640057490440086,None,700,1,[3.713118707993999],[3.7131239579757676],25,0,300,1,1503.6836485410458,,1503.6713028330123,1503.6836485410458,1504.667753791029,1504.667753791029,1504.6744612500188,1505.83605862502,space,1.1640057490440086,None,1505.8375044160057,1506.2410519996813,1506.5478643749957,1506.5302539580152,1506.5317388750263,1506.5478643749957,1506.5478643749957,1506.5478643749957,1510.2612625000183,700,1,[3.713118707993999],[3.7131239579757676],P1,001,2025-11-11_20h54.28.783,IntentionalBinding_NupurShah,,2025.1.1,120.24644457095427,2025-11-11 20h54.39.512828 +0530,
0.1,1000,exp,301,1,25,space,0.6654522910248488,None,400,1,[4.152859750029165],[4.152865250012837],25,1,301,3,1510.266805250023,,1510.2614580829977,1510.266805250023,1511.25813750003,1511.25813750003,1511.25813750003,1511.9265299160033,space,0.6654522910248488,None,1511.9281751660164,1512.0351509996729,1512.3411124999984,1512.323706291034,1512.3257232080214,1512.3411124999984,1512.3411124999984,1512.3411124999984,1516.4942784580053,400,1,[4.152859750029165],[4.152865250012837],P1,001,2025-11-11_20h54.28.783,IntentionalBinding_NupurShah,,2025.1.1,120.24644457095427,2025-11-11 20h54.39.512828 +0530,
0.1,1000,exp,302,2,25,space,0.32134575000964105,None,100,1,[1.50320474995533],[1.5032101249671541],25,2,302,9,1516.5002225830103,,1516.494468666031,1516.5002225830103,1517.492212290992,1517.492212290992,1517.492212290992,1517.8198243750376,space,0.32134575000964105,None,1517.8214388749911,1517.9225677916586,1518.2312973330263,1518.214114625007,1518.2157107500243,1518.2312973330263,1518.2312973330263,1518.2312973330263,1519.734775333025,100,1,[1.50320474995533],[1.5032101249671541],P1,001,2025-11-11_20h54.28.783,IntentionalBinding_NupurShah,,2025.1.1,120.24644457095427,2025-11-11 20h54.39.512828 +0530,
0.7,1000,exp,303,3,25,space,0.38830350001808256,None,400,1,[2.833515541977249],[2.833520582993515],25,3,303,11,1519.7396620830405,,1519.734963875031,1519.7396620830405,1520.7252316250233,1520.7252316250233,1520.7347189580323,1521.119877916004,space,0.38830350001808256,None,1521.1211849160027,1521.8245987916637,1522.1283455830417,1522.1128945830278,1522.1143468330265,1522.1283455830417,1522.1283455830417,1522.1283455830417,1524.9621582910186,400,1,[2.833515541977249],[2.833520582993515],P1,001,2025-11-11_20h54.28.783,IntentionalBinding_NupurShah,,2025.1.1,120.24644457095427,2025-11-11 20h54.39.512828 +0530,
0.4,1000,exp,304,4,25,space,0.7784021249972284,None,100,1,[1.7777231669751927],[1.7777285000192933],25,4,304,7,1524.9676154580084,,1524.962340958009,1524.9676154580084,1525.9579566250322,1525.9579566250322,1525.9579566250322,1526.743024041003,space,0.7784021249972284,None,1526.7443509580335,1527.151425207678,1527.4568249160075,1527.4400800830335,1527.441895750002,1527.4568249160075,1527.4568249160075,1527.4568249160075,1529.234828500019,100,1,[1.7777231669751927],[1.7777285000192933],P1,001,2025-11-11_20h54.28.783,IntentionalBinding_NupurShah,,2025.1.1,120.24644457095427,2025-11-11 20h54.39.512828 +0530,
0.4,1000,exp,305,5,25,space,0.4802158740349114,None,100,1,[4.727685417048633],[4.727690917032305],25,5,305,4,1529.2397953330074,,1529.2350233750185,1529.2397953330074,1530.225047749991,1530.225047749991,1530.23456016602,1530.7096286659944,space,0.4802158740349114,None,1530.7106291250093,1531.1185385827014,1531.423886833014,1531.4073014160385,1531.40904150001,1531.423886833014,1531.423886833014,1531.423886833014,1536.1518675830448,100,1,[4.727685417048633],[4.727690917032305],P1,001,2025-11-11_20h54.28.783,IntentionalBinding_NupurShah,,2025.1.1,120.24644457095427,2025-11-11 20h54.39.512828 +0530,
0.7,1000,exp,306,6,25,space,1.1748172499937937,None,100,1,[1.3031489169807173],[1.3031540419906378],25,6,306,8,1536.1676749580074,,1536.1520638749935,1536.1676749580074,1537.1425025410135,1537.1425025410135,1537.1570374160074,1538.3199595000478,space,1.1748172499937937,None,1538.3215975410421,1539.024253957676,1539.3316303750034,1539.3139700409956,1539.3154775000294,1539.3316303750034,1539.3316303750034,1539.3316303750034,1540.6350598330027,100,1,[1.3031489169807173],[1.3031540419906378],P1,001,2025-11-11_20h54.28.783,IntentionalBinding_NupurShah,,2025.1.1,120.24644457095427,2025-11-11 20h54.39.512828 +0530,
0.7,1000,exp,307,7,25,space,0.8510467489832081,None,400,1,[2.5372654169914313],[2.537271042005159],25,7,307,5,1540.6402591250371,,1540.6352613330237,1540.6402591250371,1541.6250655410113,1541.6250655410113,1541.6347599580185,1542.4864582500304,space,0.8510467489832081,None,1542.4880422500428,1543.1911983746725,1543.4977794580045,1543.4803922499996,1543.4821715410217,1543.4977794580045,1543.4977794580045,1543.4977794580045,1546.0353274160298,400,1,[2.5372654169914313],[2.537271042005159],P1,001,2025-11-11_20h54.28.783,IntentionalBinding_NupurShah,,2025.1.1,120.24644457095427,2025-11-11 20h54.39.512828 +0530,
0.4,1000,exp,308,8,25,space,1.146775207016617,None,400,1,[3.8943148750113323],[3.894319874991197],25,8,308,10,1546.051171250001,,1546.0355192910065,1546.051171250001,1547.0254024160095,1547.0254024160095,1547.0413597910083,1548.1763939580414,space,1.146775207016617,None,1548.1777163750376,1548.5851013746617,1548.8906218750053,1548.874038708047,1548.8755453750491,1548.8906218750053,1548.8906218750053,1548.8906218750053,1552.7852517500287,400,1,[3.8943148750113323],[3.894319874991197],P1,001,2025-11-11_20h54.28.783,IntentionalBinding_NupurShah,,2025.1.1,120.24644457095427,2025-11-11 20h54.39.512828 +0530,
0.7,400,unexp,309,9,25,space,0.4167203329852782,None,500,1,[1.9384864579769783],[1.9384922080207616],25,9,309,2,1552.7902503749938,,1552.7854417500203,1552.7902503749938,1553.7753053330234,1553.7753053330234,1553.7848600830184,1554.2036420000368,space,0.4167203329852782,None,1554.2052657080349,1554.9085339166961,1555.215396833024,1555.197576791048,1555.2003327080165,1555.215396833024,1555.215396833024,1555.215396833024,1557.1541650409927,500,1,[1.9384864579769783],[1.9384922080207616],P1,001,2025-11-11_20h54.28.783,IntentionalBinding_NupurShah,,2025.1.1,120.24644457095427,2025-11-11 20h54.39.512828 +0530,
0.1,1000,exp,310,10,25,space,0.7034450410283171,None,100,1,[2.7608504589879885],[2.76085633400362],25,10,310,6,1557.159226000018,,1557.1543510000338,1557.159226000018,1558.1515999160474,1558.1515999160474,1558.1585385409999,1558.8594307079911,space,0.7034450410283171,None,1558.8605059999973,1558.9612603326716,1559.2763235410093,1559.2575965830474,1559.2592111660051,1559.2763235410093,1559.2763235410093,1559.2763235410093,1562.0374571660068,100,1,[2.7608504589879885],[2.76085633400362],P1,001,2025-11-11_20h54.28.783,IntentionalBinding_NupurShah,,2025.1.1,120.24644457095427,2025-11-11 20h54.39.512828 +0530,
0.1,400,unexp,311,11,25,space,0.40983070799848065,None,100,1,[1.287202499981504],[1.2872070840094239],25,11,311,0,1562.042600832996,,1562.0376501660212,1562.042600832996,1563.0350400000461,1563.0350400000461,1563.0417107910034,1563.4537957910215,space,0.40983070799848065,None,1563.455367125047,1563.5577674576818,1563.8644995409995,1563.8468680829974,1563.8486928750062,1563.8644995409995,1563.8644995409995,1563.8644995409995,1565.1519960000296,100,1,[1.287202499981504],[1.2872070840094239],P1,001,2025-11-11_20h54.28.783,IntentionalBinding_NupurShah,,2025.1.1,120.24644457095427,2025-11-11 20h54.39.512828 +0530,
0.7,1000,exp,312,0,26,space,0.39647954097017646,None,700,1,[2.6050216660369188],[2.605027000012342],26,0,312,5,1565.1572493750136,,1565.1521810000413,1565.1572493750136,1566.1424064160092,1566.1424064160092,1566.1517114160233,1566.5430449580308,space,0.39647954097017646,None,1566.544338333013,1567.2520447077152,1567.5578226660145,1567.5405446660006,1567.54237775004,1567.5578226660145,1567.5578226660145,1567.5578226660145,1570.1631199160474,700,1,[2.6050216660369188],[2.605027000012342],P1,001,2025-11-11_20h54.28.783,IntentionalBinding_NupurShah,,2025.1.1,120.24644457095427,2025-11-11 20h54.39.512828 +0530,
0.1,1000,exp,313,1,26,space,1.0815424990141764,None,100,1,[3.269949749985244],[3.269955082971137],26,1,313,3,1570.168650333013,,1570.163348333037,1570.168650333013,1571.1592752500437,1571.1592752500437,1571.1592752500437,1572.2429307080456,space,1.0815424990141764,None,1572.24463500001,1572.3515170416833,1572.6576256660046,1572.640911250026,1572.6427347499994,1572.6576256660046,1572.6576256660046,1572.6576256660046,1575.9278447910328,100,1,[3.269949749985244],[3.269955082971137],P1,001,2025-11-11_20h54.28.783,IntentionalBinding_NupurShah,,2025.1.1,120.24644457095427,2025-11-11 20h54.39.512828 +0530,
0.7,400,unexp,314,2,26,space,0.35880833299597725,None,700,1,[4.04750950000016],[4.047514249978121],26,2,314,2,1575.9345598749933,,1575.9280316249933,1575.9345598749933,1576.9259872080293,1576.9259872080293,1576.9259872080293,1577.286964500032,space,0.35880833299597725,None,1577.288339166029,1577.991958541683,1578.297609583009,1578.2812219579937,1578.2829502079985,1578.297609583009,1578.297609583009,1578.297609583009,1582.3454346660292,700,1,[4.04750950000016],[4.047514249978121],P1,001,2025-11-11_20h54.28.783,IntentionalBinding_NupurShah,,2025.1.1,120.24644457095427,2025-11-11 20h54.39.512828 +0530,
0.4,400,unexp,315,3,26,space,0.6333537070313469,None,400,1,[1.8025335419806652],[1.8025391249684617],26,3,315,1,1582.3513882910484,,1582.3456340830307,1582.3513882910484,1583.3422790410114,1583.3422790410114,1583.3422790410114,1583.9772194580291,space,0.6333537070313469,None,1583.9785852500354,1584.385462957671,1584.6923517910182,1584.6745117499959,1584.6763065410196,1584.6923517910182,1584.6923517910182,1584.6923517910182,1586.4951655000332,400,1,[1.8025335419806652],[1.8025391249684617],P1,001,2025-11-11_20h54.28.783,IntentionalBinding_NupurShah,,2025.1.1,120.24644457095427,2025-11-11 20h54.39.512828 +0530,
0.7,1000,exp,316,4,26,space,0.4521384990075603,None,400,1,[1.7818147500511259],[1.781819791009184],26,4,316,11,1586.5008557910332,,1586.495355666033,1586.5008557910332,1587.491395207995,1587.491395207995,1587.491395207995,1587.953656666039,space,0.4521384990075603,None,1587.9549905000022,1588.658832416699,1588.9632438330445,1588.9466570829973,1588.9480096659972,1588.9632438330445,1588.9632438330445,1588.9632438330445,1590.7453413330368,400,1,[1.7818147500511259],[1.781819791009184],P1,001,2025-11-11_20h54.28.783,IntentionalBinding_NupurShah,,2025.1.1,120.24644457095427,2025-11-11 20h54.39.512828 +0530,
0.1,400,unexp,317,5,26,space,0.8223447069758549,None,600,1,[3.4297987919999287],[3.4298038330161944],26,5,317,0,1590.7508544159937,,1590.7455257910187,1590.7508544159937,1591.7421699160477,1591.7421699160477,1591.7421699160477,1592.570234999992,space,0.8223447069758549,None,1592.571840041026,1592.6749802916931,1592.9821230830275,1592.9645021660253,1592.9661702080048,1592.9821230830275,1592.9821230830275,1592.9821230830275,1596.412194708013,600,1,[3.4297987919999287],[3.4298038330161944],P1,001,2025-11-11_20h54.28.783,IntentionalBinding_NupurShah,,2025.1.1,120.24644457095427,2025-11-11 20h54.39.512828 +0530,
0.1,1000,exp,318,6,26,space,0.2985481659998186,None,400,1,[3.811978584039025],[3.8119840000290424],26,6,318,9,1596.4175512500224,,1596.412380499998,1596.4175512500224,1597.4089746249956,1597.4089746249956,1597.4089746249956,1597.7103679580032,space,0.2985481659998186,None,1597.7117236250197,1597.8185007497125,1598.1268407910247,1598.107703250018,1598.1094390000217,1598.1268407910247,1598.1268407910247,1598.1268407910247,1601.9391048750258,400,1,[3.811978584039025],[3.8119840000290424],P1,001,2025-11-11_20h54.28.783,IntentionalBinding_NupurShah,,2025.1.1,120.24644457095427,2025-11-11 20h54.39.512828 +0530,
0.4,1000,exp,319,7,26,space,0.6257984989788383,None,100,1,[3.353037041029893],[3.3530426250072196],26,7,319,7,1601.9515905830194,,1601.939293750038,1601.9515905830194,1602.9355451250449,1602.9355451250449,1602.9427736250218,1603.5702595410403,space,0.6257984989788383,None,1603.5715910409926,1603.9745814576784,1604.2827464159927,1604.2639323330368,1604.265802540991,1604.2827464159927,1604.2827464159927,1604.2827464159927,1607.636054750008,100,1,[3.353037041029893],[3.3530426250072196],P1,001,2025-11-11_20h54.28.783,IntentionalBinding_NupurShah,,2025.1.1,120.24644457095427,2025-11-11 20h54.39.512828 +0530,
0.4,1000,exp,320,8,26,space,0.5377318329992704,None,100,1,[1.1799238749663346],[1.1799293749500066],26,8,320,4,1607.6409301250242,,1607.6362436659983,1607.6409301250242,1608.6255926660378,1608.6255926660378,1608.6353082910064,1609.170415041037,space,0.5377318329992704,None,1609.171960458043,1609.5759685827109,1609.8919887500233,1609.8744535410078,1609.8762161660125,1609.8919887500233,1609.8919887500233,1609.8919887500233,1611.0722023330163,100,1,[1.1799238749663346],[1.1799293749500066],P1,001,2025-11-11_20h54.28.783,IntentionalBinding_NupurShah,,2025.1.1,120.24644457095427,2025-11-11 20h54.39.512828 +0530,
0.1,1000,exp,321,9,26,space,0.3072786660050042,None,100,1,[1.5531688749906607],[1.5531742500024848],26,9,321,6,1611.0851084580063,,1611.0723953330307,1611.0851084580063,1612.0680462500313,1612.0680462500313,1612.074783499993,1612.3770437079947,space,0.3072786660050042,None,1612.3786490000202,1612.4858558326998,1612.7920079579926,1612.7744684159989,1612.7762661250308,1612.7920079579926,1612.7920079579926,1612.7920079579926,1614.3454752500402,100,1,[1.5531688749906607],[1.5531742500024848],P1,001,2025-11-11_20h54.28.783,IntentionalBinding_NupurShah,,2025.1.1,120.24644457095427,2025-11-11 20h54.39.512828 +0530,
0.7,1000,exp,322,10,26,space,0.35720624902751297,None,500,1,[2.141962916997727],[2.1419678750098683],26,10,322,8,1614.351604583033,,1614.345669250004,1614.351604583033,1615.343068999995,1615.343068999995,1615.343068999995,1615.7032079999917,space,0.35720624902751297,None,1615.7048658750136,1616.4025268327134,1616.7100150000188,1616.6913207910256,1616.693098000018,1616.7100150000188,1616.7100150000188,1616.7100150000188,1618.8522652910324,500,1,[2.141962916997727],[2.1419678750098683],P1,001,2025-11-11_20h54.28.783,IntentionalBinding_NupurShah,,2025.1.1,120.24644457095427,2025-11-11 20h54.39.512828 +0530,
0.4,1000,exp,323,11,26,space,0.6120656239800155,None,400,1,[2.443701250012964],[2.4437069999985397],26,11,323,10,1618.857090125035,,1618.8524507080438,1618.857090125035,1619.8431082910392,1619.8431082910392,1619.8522384579992,1620.460911458009,space,0.6120656239800155,None,1620.4622750410344,1620.8689715417024,1621.178767083038,1621.1583722080104,1621.1606517910259,1621.178767083038,1621.178767083038,1621.178767083038,1623.6227656660485,400,1,[2.443701250012964],[2.4437069999985397],P1,001,2025-11-11_20h54.28.783,IntentionalBinding_NupurShah,,2025.1.1,120.24644457095427,2025-11-11 20h54.39.512828 +0530,
0.7,400,unexp,324,0,27,space,0.30619633197784424,None,400,1,[1.9354933750000782],[1.9354991250438616],27,0,324,2,1623.6351978750317,,1623.622954958002,1623.6351978750317,1624.618954125035,1624.618954125035,1624.6256658750353,1624.927499500045,space,0.30619633197784424,None,1624.9288666660432,1625.6359878747064,1625.9428692910005,1625.9247224160354,1625.9265701660188,1625.9428692910005,1625.9428692910005,1625.9428692910005,1627.8786927910405,400,1,[1.9354933750000782],[1.9354991250438616],P1,001,2025-11-11_20h54.28.783,IntentionalBinding_NupurShah,,2025.1.1,120.24644457095427,2025-11-11 20h54.39.512828 +0530,
0.4,1000,exp,325,1,27,space,0.4079569579917006,None,400,1,[2.669524167024065],[2.6695296250400133],27,1,325,4,1627.8845253330073,,1627.8788955000346,1627.8845253330073,1628.8762524159974,1628.8762524159974,1628.8762524159974,1629.2874508330133,space,0.4079569579917006,None,1629.2889192080474,1629.6917505826607,1629.9996668749955,1629.9815156660043,1629.9830072500044,1629.9996668749955,1629.9996668749955,1629.9996668749955,1632.6694700000226,400,1,[2.669524167024065],[2.6695296250400133],P1,001,2025-11-11_20h54.28.783,IntentionalBinding_NupurShah,,2025.1.1,120.24644457095427,2025-11-11 20h54.39.512828 +0530,
0.7,1000,exp,326,2,27,space,0.713198957964778,None,600,1,[3.0095101250335574],[3.009516416990664],27,2,326,5,1632.6854751250357,,1632.6696626660414,1632.6854751250357,1633.6597487500403,1633.6597487500403,1633.6749306659913,1634.3771962500177,space,0.713198957964778,None,1634.3787480000174,1635.0858082076923,1635.3927399160457,1635.3745756249991,1635.3760352500249,1635.3927399160457,1635.3927399160457,1635.3927399160457,1638.4025842500268,600,1,[3.0095101250335574],[3.009516416990664],P1,001,2025-11-11_20h54.28.783,IntentionalBinding_NupurShah,,2025.1.1,120.24644457095427,2025-11-11 20h54.39.512828 +0530,
0.7,1000,exp,327,3,27,space,0.838964416005183,None,700,1,[4.006482582946774],[4.006488290964626],27,3,327,11,1638.4077730000135,,1638.4027722910396,1638.4077730000135,1639.3929689160432,1639.3929689160432,1639.4022174580023,1640.237309832999,space,0.838964416005183,None,1640.2387812079978,1640.9427789576623,1641.2494367500185,1641.2310971250408,1641.232679083012,1641.2494367500185,1641.2494367500185,1641.2494367500185,1645.2562028749962,700,1,[4.006482582946774],[4.006488290964626],P1,001,2025-11-11_20h54.28.783,IntentionalBinding_NupurShah,,2025.1.1,120.24644457095427,2025-11-11 20h54.39.512828 +0530,
0.1,1000,exp,328,4,27,space,0.8852617489756085,None,100,1,[3.9053901670267805],[3.905395000008866],27,4,328,9,1645.2682410000125,,1645.2563929160242,1645.2682410000125,1646.252537916007,1646.252537916007,1646.259046250023,1647.1435320000164,space,0.8852617489756085,None,1647.144812750048,1647.2448321667073,1647.5570815830142,1647.5409975000075,1647.5425319999922,1647.5570815830142,1647.5570815830142,1647.5570815830142,1651.462743916025,100,1,[3.9053901670267805],[3.905395000008866],P1,001,2025-11-11_20h54.28.783,IntentionalBinding_NupurShah,,2025.1.1,120.24644457095427,2025-11-11 20h54.39.512828 +0530,
0.1,1000,exp,329,5,27,space,0.4266081240493804,None,400,1,[2.6195144170196727],[2.6195194590254687],27,5,329,3,1651.4685262910207,,1651.4629340000101,1651.4685262910207,1652.4591409160057,1652.4591409160057,1652.4591409160057,1652.887240540993,space,0.4266081240493804,None,1652.8888500410249,1652.9865702916907,1653.2927046660334,1653.2747228330118,1653.2765367500251,1653.2927046660334,1653.2927046660334,1653.2927046660334,1655.912506875,400,1,[2.6195144170196727],[2.6195194590254687],P1,001,2025-11-11_20h54.28.783,IntentionalBinding_NupurShah,,2025.1.1,120.24644457095427,2025-11-11 20h54.39.512828 +0530,
0.7,1000,exp,330,6,27,space,0.30376762500964105,None,400,1,[3.5815053750411607],[3.5815104170469567],27,6,330,8,1655.9180295410333,,1655.912713666039,1655.9180295410333,1656.9089737079921,1656.9089737079921,1656.9089737079921,1657.220824750024,space,0.30376762500964105,None,1657.221403500007,1657.9260027076855,1658.2304825410247,1658.2140584160225,1658.2154132080032,1658.2304825410247,1658.2304825410247,1658.2304825410247,1661.8122945000068,400,1,[3.5815053750411607],[3.5815104170469567],P1,001,2025-11-11_20h54.28.783,IntentionalBinding_NupurShah,,2025.1.1,120.24644457095427,2025-11-11 20h54.39.512828 +0530,
0.4,1000,exp,331,7,27,space,0.30669641599524766,None,300,1,[3.564281542028766],[3.5642868330469355],27,7,331,10,1661.8181534580071,,1661.8124917499954,1661.8181534580071,1662.80896283302,1662.80896283302,1662.80896283302,1663.1209775410243,space,0.30669641599524766,None,1663.1225224160007,1663.526129207694,1663.8315343330032,1663.8144206250436,1663.8158404999995,1663.8315343330032,1663.8315343330032,1663.8315343330032,1667.3961052080267,300,1,[3.564281542028766],[3.5642868330469355],P1,001,2025-11-11_20h54.28.783,IntentionalBinding_NupurShah,,2025.1.1,120.24644457095427,2025-11-11 20h54.39.512828 +0530,
0.4,1000,exp,332,8,27,space,0.6150152910267934,None,200,1,[3.496144666976761],[3.496149874990806],27,8,332,7,1667.4014316250104,,1667.3962894160068,1667.4014316250104,1668.3925050830003,1668.3925050830003,1668.3925050830003,1669.0104080410092,space,0.6150152910267934,None,1669.0117350830114,1669.4197215416973,1669.7254678750178,1669.7084357910207,1669.7099439580343,1669.7254678750178,1669.7254678750178,1669.7254678750178,1673.2219064999954,200,1,[3.496144666976761],[3.496149874990806],P1,001,2025-11-11_20h54.28.783,IntentionalBinding_NupurShah,,2025.1.1,120.24644457095427,2025-11-11 20h54.39.512828 +0530,
0.1,400,unexp,333,9,27,space,0.29314520698972046,None,200,1,[2.3697523750015534],[2.3697598339640535],27,9,333,0,1673.2269613750395,,1673.2220889159944,1673.2269613750395,1674.220381666033,1674.220381666033,1674.220381666033,1674.5218356660334,space,0.29314520698972046,None,1674.5243142910185,1674.6243824576998,1674.9331670000101,1674.9168578330427,1674.9175248329993,1674.9331670000101,1674.9331670000101,1674.9331670000101,1677.3032568750205,200,1,[2.3697523750015534],[2.3697598339640535],P1,001,2025-11-11_20h54.28.783,IntentionalBinding_NupurShah,,2025.1.1,120.24644457095427,2025-11-11 20h54.39.512828 +0530,
0.1,1000,exp,334,10,27,space,0.49086700001498684,None,100,1,[1.8965095829917118],[1.8965158329810947],27,10,334,6,1677.3184067500406,,1677.3035256250296,1677.3184067500406,1678.2937809580471,1678.2937809580471,1678.3097253750311,1678.7877650000155,space,0.49086700001498684,None,1678.7895561250043,1678.89186204167,1679.1973248750437,1679.1808525000233,1679.182241500006,1679.1973248750437,1679.1973248750437,1679.1973248750437,1681.094169332995,100,1,[1.8965095829917118],[1.8965158329810947],P1,001,2025-11-11_20h54.28.783,IntentionalBinding_NupurShah,,2025.1.1,120.24644457095427,2025-11-11 20h54.39.512828 +0530,
0.4,400,unexp,335,11,27,space,0.8343612080207095,None,100,1,[1.7143839580239728],[1.7143893330357969],27,11,335,1,1681.1019447500003,,1681.0943955000257,1681.1019447500003,1682.092921375006,1682.092921375006,1682.092921375006,1682.9380610410008,space,0.8343612080207095,None,1682.939701291034,1683.3426039576918,1683.647301833029,1683.6307139580022,1683.6322419160279,1683.647301833029,1683.647301833029,1683.647301833029,1685.3619698749972,100,1,[1.7143839580239728],[1.7143893330357969],P1,001,2025-11-11_20h54.28.783,IntentionalBinding_NupurShah,,2025.1.1,120.24644457095427,2025-11-11 20h54.39.512828 +0530,
0.7,1000,exp,336,0,28,space,0.36722266604192555,None,200,1,[2.280625957995653],[2.2806315420311876],28,0,336,5,1685.368833916029,,1685.362155333045,1685.368833916029,1686.3599928329932,1686.3599928329932,1686.3599928329932,1686.737724666018,space,0.36722266604192555,None,1686.739400624996,1687.4423085826604,1687.748674375005,1687.7320288330084,1687.7335381250014,1687.748674375005,1687.748674375005,1687.748674375005,1690.0295780830202,200,1,[2.280625957995653],[2.2806315420311876],P1,001,2025-11-11_20h54.28.783,IntentionalBinding_NupurShah,,2025.1.1,120.24644457095427,2025-11-11 20h54.39.512828 +0530,
0.4,1000,exp,337,1,28,space,1.6749619159963913,None,100,1,[2.5876068750512786],[2.5876129580428824],28,1,337,7,1690.0351440000231,,1690.0298170000315,1690.0351440000231,1691.0263014580123,1691.0263014580123,1691.0263014580123,1692.7045783750364,space,1.6749619159963913,None,1692.7061056660023,1693.1100325416812,1693.4244510410354,1693.408133125049,1693.409686458006,1693.4244510410354,1693.4244510410354,1693.4244510410354,1696.0123693750356,100,1,[2.5876068750512786],[2.5876129580428824],P1,001,2025-11-11_20h54.28.783,IntentionalBinding_NupurShah,,2025.1.1,120.24644457095427,2025-11-11 20h54.39.512828 +0530,
0.7,400,unexp,338,2,28,space,1.3327694999752566,None,400,1,[2.3593562079477124],[2.3593617499573156],28,2,338,2,1696.01833029103,,1696.0125613330165,1696.01833029103,1697.0102769579971,1697.0102769579971,1697.0102769579971,1698.3543140830006,space,1.3327694999752566,None,1698.3555813330458,1699.0600171246954,1699.3645991660305,1699.3482323749922,1699.3497464579996,1699.3645991660305,1699.3645991660305,1699.3645991660305,1701.7242455410305,400,1,[2.3593562079477124],[2.3593617499573156],P1,001,2025-11-11_20h54.28.783,IntentionalBinding_NupurShah,,2025.1.1,120.24644457095427,2025-11-11 20h54.39.512828 +0530,
0.4,400,unexp,339,3,28,space,0.675608248973731,None,200,1,[3.337497542030178],[3.3375032090116292],28,3,339,1,1701.7362350830226,,1701.7244366660016,1701.7362350830226,1702.7194365000469,1702.7194365000469,1702.726759125013,1703.4047326250002,space,0.675608248973731,None,1703.4061370830168,1703.809164916693,1704.115652541048,1704.0987726250314,1704.1001609160448,1704.115652541048,1704.115652541048,1704.115652541048,1707.453459958022,200,1,[3.337497542030178],[3.3375032090116292],P1,001,2025-11-11_20h54.28.783,IntentionalBinding_NupurShah,,2025.1.1,120.24644457095427,2025-11-11 20h54.39.512828 +0530,
0.1,400,unexp,340,4,28,space,0.855996166006662,None,400,1,[2.356407958024647],[2.356413458008319],28,4,340,0,1707.4692336250446,,1707.453643958026,1707.4692336250446,1708.444021708041,1708.444021708041,1708.4595358750084,1709.3045109160012,space,0.855996166006662,None,1709.3057508750353,1709.4092729996812,1709.716596916027,1709.6979074580013,1709.6996815000311,1709.716596916027,1709.716596916027,1709.716596916027,1712.0733022500062,400,1,[2.356407958024647],[2.356413458008319],P1,001,2025-11-11_20h54.28.783,IntentionalBinding_NupurShah,,2025.1.1,120.24644457095427,2025-11-11 20h54.39.512828 +0530,
0.4,1000,exp,341,5,28,space,0.45338258298579603,None,100,1,[1.5939150839694776],[1.5939206249895506],28,5,341,4,1712.0859202080173,,1712.073492791038,1712.0859202080173,1713.0695582909975,1713.0695582909975,1713.0765119999996,1713.5278225830407,space,0.45338258298579603,None,1713.5291802500142,1713.9367326666872,1714.2426063750172,1714.225213541009,1714.226737458026,1714.2426063750172,1714.2426063750172,1714.2426063750172,1715.836808208027,100,1,[1.5939150839694776],[1.5939206249895506],P1,001,2025-11-11_20h54.28.783,IntentionalBinding_NupurShah,,2025.1.1,120.24644457095427,2025-11-11 20h54.39.512828 +0530,
0.7,1000,exp,342,6,28,space,0.5926650409819558,None,700,1,[1.4265501669724472],[1.4265553340082988],28,6,342,8,1715.8526760830428,,1715.837006375019,1715.8526760830428,1716.8271242910414,1716.8271242910414,1716.8423359160079,1717.4274375410168,space,0.5926650409819558,None,1717.4287040409981,1718.1363788326892,1718.4433919159928,1718.4255815829965,1718.4273779580253,1718.4433919159928,1718.4433919159928,1718.4433919159928,1719.8702299160068,700,1,[1.4265501669724472],[1.4265553340082988],P1,001,2025-11-11_20h54.28.783,IntentionalBinding_NupurShah,,2025.1.1,120.24644457095427,2025-11-11 20h54.39.512828 +0530,
0.7,1000,exp,343,7,28,space,0.3588568319682963,None,400,1,[2.4199762499774806],[2.419981374987401],28,7,343,11,1719.8751182500273,,1719.8704180410132,1719.8751182500273,1720.8599922910216,1720.8599922910216,1720.8696942499955,1721.2215646660188,space,0.3588568319682963,None,1721.2231991660083,1721.9266754997118,1722.233055040997,1722.215758083039,1722.2174220830202,1722.233055040997,1722.233055040997,1722.233055040997,1724.6533380410401,400,1,[2.4199762499774806],[2.419981374987401],P1,001,2025-11-11_20h54.28.783,IntentionalBinding_NupurShah,,2025.1.1,120.24644457095427,2025-11-11 20h54.39.512828 +0530,
0.1,1000,exp,344,8,28,space,0.3519521660055034,None,100,1,[1.7237103749648668],[1.7237157080089673],28,8,344,6,1724.658433500037,,1724.653541833046,1724.658433500037,1725.6437399580027,1725.6437399580027,1725.652875041007,1726.004849125049,space,0.3519521660055034,None,1726.0062346660416,1726.1094086666747,1726.41655933304,1726.3986144160153,1726.400449916022,1726.41655933304,1726.41655933304,1726.41655933304,1728.1405562910368,100,1,[1.7237103749648668],[1.7237157080089673],P1,001,2025-11-11_20h54.28.783,IntentionalBinding_NupurShah,,2025.1.1,120.24644457095427,2025-11-11 20h54.39.512828 +0530,
0.1,1000,exp,345,9,28,space,0.4959991659852676,None,100,1,[1.6155426669865847],[1.6155480839661323],28,9,345,3,1728.1526971250423,,1728.1407427500235,1728.1526971250423,1729.1366251659929,1729.1366251659929,1729.1446224160027,1729.6378002080019,space,0.4959991659852676,None,1729.6390738330083,1729.742153374715,1730.0481492500403,1730.031657375046,1730.03335362504,1730.0481492500403,1730.0481492500403,1730.0481492500403,1731.6639845829923,100,1,[1.6155426669865847],[1.6155480839661323],P1,001,2025-11-11_20h54.28.783,IntentionalBinding_NupurShah,,2025.1.1,120.24644457095427,2025-11-11 20h54.39.512828 +0530,
0.4,1000,exp,346,10,28,space,0.44610704097431153,None,100,1,[1.7397287500207312],[1.7397341670002788],28,10,346,10,1731.6694968329975,,1731.6641785410466,1731.6694968329975,1732.660488833033,1732.660488833033,1732.660488833033,1733.1111096250243,space,0.44610704097431153,None,1733.1126020000083,1733.510275666664,1733.817126125039,1733.7995970830088,1733.801098625001,1733.817126125039,1733.817126125039,1733.817126125039,1735.5571404999937,100,1,[1.7397287500207312],[1.7397341670002788],P1,001,2025-11-11_20h54.28.783,IntentionalBinding_NupurShah,,2025.1.1,120.24644457095427,2025-11-11 20h54.39.512828 +0530,
0.1,1000,exp,347,11,28,space,0.29746537504252046,None,100,1,[1.312118833011482],[1.3121238330495544],28,11,347,9,1735.5694443749962,,1735.557329916046,1735.5694443749962,1736.5530500829918,1736.5530500829918,1736.55987812503,1736.854882833024,space,0.29746537504252046,None,1736.8564929999993,1736.9592100416814,1737.2680827500299,1737.2485504160286,1737.25030616601,1737.2680827500299,1737.2680827500299,1737.2680827500299,1738.5805037910468,100,1,[1.312118833011482],[1.3121238330495544],P1,001,2025-11-11_20h54.28.783,IntentionalBinding_NupurShah,,2025.1.1,120.24644457095427,2025-11-11 20h54.39.512828 +0530,
0.1,1000,exp,348,0,29,space,0.35287174896802753,None,200,1,[1.5225440840004012],[1.5225497499923222],29,0,348,9,1738.5859005000093,,1738.5807063750108,1738.5859005000093,1739.5766272080364,1739.5766272080364,1739.5766272080364,1739.9383260000031,space,0.35287174896802753,None,1739.9399665000383,1740.0419779996776,1740.347348625015,1740.3316702910233,1740.3329852080205,1740.347348625015,1740.347348625015,1740.347348625015,1741.8701870410005,200,1,[1.5225440840004012],[1.5225497499923222],P1,001,2025-11-11_20h54.28.783,IntentionalBinding_NupurShah,,2025.1.1,120.24644457095427,2025-11-11 20h54.39.512828 +0530,
0.4,1000,exp,349,1,29,space,0.6793418749584816,None,200,1,[1.393741832987871],[1.3937473749974743],29,1,349,10,1741.886276541045,,1741.8703757080366,1741.886276541045,1742.8601137910155,1742.8601137910155,1742.8764427500428,1743.5437635410344,space,0.6793418749584816,None,1743.5450866660103,1743.9537971667053,1744.2595731250476,1744.2421898330213,1744.2437417500187,1744.2595731250476,1744.2595731250476,1744.2595731250476,1745.6536011660355,200,1,[1.393741832987871],[1.3937473749974743],P1,001,2025-11-11_20h54.28.783,IntentionalBinding_NupurShah,,2025.1.1,120.24644457095427,2025-11-11 20h54.39.512828 +0530,
0.1,400,unexp,350,2,29,space,0.9630921659991145,None,400,1,[1.3513445000280626],[1.3513495840015821],29,2,350,0,1745.6592204160406,,1745.6537898750394,1745.6592204160406,1746.6433483330184,1746.6433483330184,1746.6532322500134,1747.611226875044,space,0.9630921659991145,None,1747.612571500009,1747.7201835826893,1748.0276004580082,1748.0089270000462,1748.0107552080299,1748.0276004580082,1748.0276004580082,1748.0276004580082,1749.3792418750236,400,1,[1.3513445000280626],[1.3513495840015821],P1,001,2025-11-11_20h54.28.783,IntentionalBinding_NupurShah,,2025.1.1,120.24644457095427,2025-11-11 20h54.39.512828 +0530,
0.4,400,unexp,351,3,29,space,0.31205566599965096,None,400,1,[2.1296987080131657],[2.1297042910009623],29,3,351,1,1749.3856740409974,,1749.379437833035,1749.3856740409974,1750.3772693329956,1750.3772693329956,1750.3772693329956,1750.6944493330084,space,0.31205566599965096,None,1750.6957845410216,1751.103660166675,1751.4093041250017,1751.3920952079934,1751.3937660410302,1751.4093041250017,1751.4093041250017,1751.4093041250017,1753.5392917499994,400,1,[2.1296987080131657],[2.1297042910009623],P1,001,2025-11-11_20h54.28.783,IntentionalBinding_NupurShah,,2025.1.1,120.24644457095427,2025-11-11 20h54.39.512828 +0530,
0.4,1000,exp,352,4,29,space,0.9324761659954675,None,300,1,[1.6566939579788595],[1.6566996250185184],29,4,352,7,1753.5450104580377,,1753.5395037080161,1753.5450104580377,1754.5368390000076,1754.5368390000076,1754.5431026660372,1755.471912833047,space,0.9324761659954675,None,1755.4735836250475,1755.8770674577138,1756.1830448330147,1756.1657597080339,1756.1673244160484,1756.1830448330147,1756.1830448330147,1756.1830448330147,1757.8400196660077,300,1,[1.6566939579788595],[1.6566996250185184],P1,001,2025-11-11_20h54.28.783,IntentionalBinding_NupurShah,,2025.1.1,120.24644457095427,2025-11-11 20h54.39.512828 +0530,
0.7,1000,exp,353,5,29,space,0.8372089160257019,None,200,1,[3.488365249999333],[3.488371834042482],29,5,353,11,1757.8528973330394,,1757.8402324580238,1757.8528973330394,1758.8369506660383,1758.8369506660383,1758.8435174580081,1759.6776921660057,space,0.8372089160257019,None,1759.678953708033,1760.3871921246794,1760.6920849159942,1760.6757077500224,1760.6773912500357,1760.6920849159942,1760.6920849159942,1760.6920849159942,1764.1807571660029,200,1,[3.488365249999333],[3.488371834042482],P1,001,2025-11-11_20h54.28.783,IntentionalBinding_NupurShah,,2025.1.1,120.24644457095427,2025-11-11 20h54.39.512828 +0530,
0.1,1000,exp,354,6,29,space,0.34245699999155477,None,200,1,[2.7725407499819994],[2.772546541003976],29,6,354,6,1764.1861887500272,,1764.1809480410302,1764.1861887500272,1765.1769212080399,1765.1769212080399,1765.1769212080399,1765.5219537499943,space,0.34245699999155477,None,1765.523969041009,1765.6253786247146,1765.932838416018,1765.91567687504,1765.91715987504,1765.932838416018,1765.932838416018,1765.932838416018,1768.705672916025,200,1,[2.7725407499819994],[2.772546541003976],P1,001,2025-11-11_20h54.28.783,IntentionalBinding_NupurShah,,2025.1.1,120.24644457095427,2025-11-11 20h54.39.512828 +0530,
0.7,400,unexp,355,7,29,space,0.3473045819555409,None,600,1,[2.409096499963198],[2.4091017079772428],29,7,355,2,1768.7106950830203,,1768.705861208029,1768.7106950830203,1769.703689875023,1769.703689875023,1769.703689875023,1770.0546782910242,space,0.3473045819555409,None,1770.0559719580342,1770.7539409576605,1771.0609721660148,1771.042383291002,1771.0441549580428,1771.0609721660148,1771.0609721660148,1771.0609721660148,1773.4703508330276,600,1,[2.409096499963198],[2.4091017079772428],P1,001,2025-11-11_20h54.28.783,IntentionalBinding_NupurShah,,2025.1.1,120.24644457095427,2025-11-11 20h54.39.512828 +0530,
0.7,1000,exp,356,8,29,space,1.100472998979967,None,700,1,[4.252406749990769],[4.25241445901338],29,8,356,5,1773.475462625036,,1773.4705369159929,1773.475462625036,1774.4595630830154,1774.4595630830154,1774.4702742910013,1775.562112790998,space,1.100472998979967,None,1775.5635432080016,1776.270497374706,1776.5775661250227,1776.5592404160416,1776.5613125410164,1776.5775661250227,1776.5775661250227,1776.5775661250227,1780.830306916032,700,1,[4.252406749990769],[4.25241445901338],P1,001,2025-11-11_20h54.28.783,IntentionalBinding_NupurShah,,2025.1.1,120.24644457095427,2025-11-11 20h54.39.512828 +0530,
0.4,1000,exp,357,9,29,space,1.179757624049671,None,500,1,[3.030915165960323],[3.0309202499920502],29,9,357,4,1780.8356956660282,,1780.830495083006,1780.8356956660282,1781.827100708033,1781.827100708033,1781.827100708033,1783.0109445830458,space,1.179757624049671,None,1783.012036458007,1783.4105177916974,1783.7160677080392,1783.6985544160125,1783.7004432500107,1783.7160677080392,1783.7160677080392,1783.7160677080392,1786.7472650000127,500,1,[3.030915165960323],[3.0309202499920502],P1,001,2025-11-11_20h54.28.783,IntentionalBinding_NupurShah,,2025.1.1,120.24644457095427,2025-11-11 20h54.39.512828 +0530,
0.7,1000,exp,358,10,29,space,0.44225895794807,None,400,1,[2.5881634170073085],[2.5881684169871733],29,10,358,8,1786.7530820000102,,1786.747487250017,1786.7530820000102,1787.7436456659925,1787.7436456659925,1787.7436456659925,1788.188166833017,space,0.44225895794807,None,1788.1899373329943,1788.8935981667057,1789.199100833037,1789.1820289579919,1789.1835300830426,1789.199100833037,1789.199100833037,1789.199100833037,1791.7875736250426,400,1,[2.5881634170073085],[2.5881684169871733],P1,001,2025-11-11_20h54.28.783,IntentionalBinding_NupurShah,,2025.1.1,120.24644457095427,2025-11-11 20h54.39.512828 +0530,
0.1,1000,exp,359,11,29,space,0.40977620700141415,None,500,1,[3.5759525829926133],[3.575958041998092],29,11,359,3,1791.7933487910195,,1791.788105750049,1791.7933487910195,1792.7770829580259,1792.7770829580259,1792.7871481660404,1793.1887477080454,space,0.40977620700141415,None,1793.1915650410228,1793.292027957683,1793.5974935000413,1793.5817413330078,1793.5833759580273,1793.5974935000413,1793.5974935000413,1793.5974935000413,1797.1737617080216,500,1,[3.5759525829926133],[3.575958041998092],P1,001,2025-11-11_20h54.28.783,IntentionalBinding_NupurShah,,2025.1.1,120.24644457095427,2025-11-11 20h54.39.512828 +0530,
0.1,400,unexp,360,0,30,space,0.36251325003104284,None,300,1,[2.2149259169818833],[2.2149320829776116],30,0,360,0,1797.186693916039,,1797.173947791045,1797.186693916039,1798.1702603750164,1798.1702603750164,1798.1766723330365,1798.5392051660456,space,0.36251325003104284,None,1798.5416702910443,1798.6439299166707,1798.9593460410251,1798.9430597500177,1798.944579291041,1798.9593460410251,1798.9593460410251,1798.9593460410251,1801.1746247500414,300,1,[2.2149259169818833],[2.2149320829776116],P1,001,2025-11-11_20h54.28.783,IntentionalBinding_NupurShah,,2025.1.1,120.24644457095427,2025-11-11 20h54.39.512828 +0530,
0.4,1000,exp,361,1,30,space,0.6663345830165781,None,400,1,[2.321940707974136],[2.321946374955587],30,1,361,7,1801.1867562910193,,1801.17484195804,1801.1867562910193,1802.1703720410005,1802.1703720410005,1802.1770700000343,1802.8386171250022,space,0.6663345830165781,None,1802.840546249994,1803.2441910416858,1803.5506300830166,1803.5332054580213,1803.5346080000163,1803.5506300830166,1803.5506300830166,1803.5506300830166,1805.8728719160426,400,1,[2.321940707974136],[2.321946374955587],P1,001,2025-11-11_20h54.28.783,IntentionalBinding_NupurShah,,2025.1.1,120.24644457095427,2025-11-11 20h54.39.512828 +0530,
0.1,1000,exp,362,2,30,space,0.6429575000074692,None,100,1,[1.6698894170112908],[1.6698947499971837],30,2,362,3,1805.8780607910012,,1805.873059583013,1805.8780607910012,1806.8695890830131,1806.8695890830131,1806.8695890830131,1807.5219394580345,space,0.6429575000074692,None,1807.5232694160077,1807.626079791695,1807.9340126659954,1807.915486041049,1807.9170687909937,1807.9340126659954,1807.9340126659954,1807.9340126659954,1809.6041897910181,100,1,[1.6698894170112908],[1.6698947499971837],P1,001,2025-11-11_20h54.28.783,IntentionalBinding_NupurShah,,2025.1.1,120.24644457095427,2025-11-11 20h54.39.512828 +0530,
0.1,1000,exp,363,3,30,space,0.3763345410116017,None,100,1,[1.2470857500447892],[1.2470912920543924],30,3,363,9,1809.6093713330338,,1809.6043850409915,1809.6093713330338,1810.5942242500023,1810.5942242500023,1810.6035967500065,1810.9721267080167,space,0.3763345410116017,None,1810.9737966250395,1811.076344916659,1811.382948500046,1811.365584040992,1811.3667320410023,1811.382948500046,1811.382948500046,1811.382948500046,1812.6303662080318,100,1,[1.2470857500447892],[1.2470912920543924],P1,001,2025-11-11_20h54.28.783,IntentionalBinding_NupurShah,,2025.1.1,120.24644457095427,2025-11-11 20h54.39.512828 +0530,
0.7,1000,exp,364,4,30,space,0.33684695698320866,None,700,1,[1.5059348749928176],[1.5059402079787105],30,4,364,11,1812.6365283330088,,1812.630567208049,1812.6365283330088,1813.6265972080291,1813.6265972080291,1813.6265972080291,1813.9724228330306,space,0.33684695698320866,None,1813.9738839160418,1814.6766819576771,1814.9816152910353,1814.9653352909954,1814.9667957079946,1814.9816152910353,1814.9816152910353,1814.9816152910353,1816.4878355830442,700,1,[1.5059348749928176],[1.5059402079787105],P1,001,2025-11-11_20h54.28.783,IntentionalBinding_NupurShah,,2025.1.1,120.24644457095427,2025-11-11 20h54.39.512828 +0530,
0.7,1000,exp,365,5,30,space,0.46247016597772017,None,800,1,[1.2195232500089332],[1.2195293749682605],30,5,365,8,1816.5039955000393,,1816.4880257080076,1816.5039955000393,1817.4780287910253,1817.4780287910253,1817.4936292500352,1817.9456321250182,space,0.46247016597772017,None,1817.9469443330308,1818.6538563327088,1818.9611298750388,1818.94285583304,1818.9446565830149,1818.9611298750388,1818.9611298750388,1818.9611298750388,1820.1809249580256,800,1,[1.2195232500089332],[1.2195293749682605],P1,001,2025-11-11_20h54.28.783,IntentionalBinding_NupurShah,,2025.1.1,120.24644457095427,2025-11-11 20h54.39.512828 +0530,
0.4,1000,exp,366,6,30,space,0.3257429160294123,None,400,1,[1.739940041967202],[1.7399456250132062],30,6,366,4,1820.186046582996,,1820.1811174160102,1820.186046582996,1821.1777255830239,1821.1777255830239,1821.1777255830239,1821.5057232500403,space,0.3257429160294123,None,1821.5072959160316,1821.910758541668,1822.2171811250155,1822.1996750000399,1822.2011146250297,1822.2171811250155,1822.2171811250155,1822.2171811250155,1823.9574030830408,400,1,[1.739940041967202],[1.7399456250132062],P1,001,2025-11-11_20h54.28.783,IntentionalBinding_NupurShah,,2025.1.1,120.24644457095427,2025-11-11 20h54.39.512828 +0530,
0.7,400,unexp,367,7,30,space,0.26452299900120124,None,900,1,[1.5308096670196392],[1.5308151250355877],30,7,367,2,1823.969970166043,,1823.9575942080119,1823.969970166043,1824.9538592080353,1824.9538592080353,1824.9606386660016,1825.2221562910127,space,0.26452299900120124,None,1825.2242692500004,1825.9272624996995,1826.2328566249926,1826.2165214580018,1826.2178598330356,1826.2328566249926,1826.2328566249926,1826.2328566249926,1827.7639646250173,900,1,[1.5308096670196392],[1.5308151250355877],P1,001,2025-11-11_20h54.28.783,IntentionalBinding_NupurShah,,2025.1.1,120.24644457095427,2025-11-11 20h54.39.512828 +0530,
0.1,1000,exp,368,8,30,space,0.5405543330125511,None,200,1,[2.355764333042316],[2.3557698749937117],30,8,368,6,1827.7695472500054,,1827.7641528330278,1827.7695472500054,1828.761827957991,1828.761827957991,1828.761827957991,1829.3056932910113,space,0.5405543330125511,None,1829.307225166005,1829.4108400826847,1829.7170608330052,1829.6987457910436,1829.7001685409923,1829.7170608330052,1829.7170608330052,1829.7170608330052,1832.073112166021,200,1,[2.355764333042316],[2.3557698749937117],P1,001,2025-11-11_20h54.28.783,IntentionalBinding_NupurShah,,2025.1.1,120.24644457095427,2025-11-11 20h54.39.512828 +0530,
0.7,1000,exp,369,9,30,space,0.34459154098294675,None,500,1,[1.9803460410330445],[1.980351333040744],30,9,369,5,1832.078213166038,,1832.0733004580252,1832.078213166038,1833.070535833016,1833.070535833016,1833.070535833016,1833.4223201250425,space,0.34459154098294675,None,1833.423988458002,1834.1270222917121,1834.4337556660175,1834.4159428330022,1834.4177710830118,1834.4337556660175,1834.4337556660175,1834.4337556660175,1836.4143978329957,500,1,[1.9803460410330445],[1.980351333040744],P1,001,2025-11-11_20h54.28.783,IntentionalBinding_NupurShah,,2025.1.1,120.24644457095427,2025-11-11 20h54.39.512828 +0530,
0.4,1000,exp,370,10,30,space,0.36308529099915177,None,400,1,[1.6321727079921402],[1.6321779579739086],30,10,370,10,1836.4196959999972,,1836.4145870830398,1836.4196959999972,1837.410076125001,1837.410076125001,1837.410076125001,1837.7785184580134,space,0.36308529099915177,None,1837.779774916009,1838.1777496247125,1838.4810849160422,1838.465453166049,1838.4667754160473,1838.4810849160422,1838.4810849160422,1838.4810849160422,1840.1135490000015,400,1,[1.6321727079921402],[1.6321779579739086],P1,001,2025-11-11_20h54.28.783,IntentionalBinding_NupurShah,,2025.1.1,120.24644457095427,2025-11-11 20h54.39.512828 +0530,
0.4,400,unexp,371,11,30,space,0.4281190410256386,None,500,1,[1.5219190419884399],[1.5219242919702083],30,11,371,1,1840.1195102080237,,1840.1137418330181,1840.1195102080237,1841.110928833019,1841.110928833019,1841.110928833019,1841.5459877499961,space,0.4281190410256386,None,1841.5471210830146,1841.9544059576622,1842.2584764159983,1842.2429588750238,1842.2440933330217,1842.2584764159983,1842.2584764159983,1842.2584764159983,1843.7806698750355,500,1,[1.5219190419884399],[1.5219242919702083],P1,001,2025-11-11_20h54.28.783,IntentionalBinding_NupurShah,,2025.1.1,120.24644457095427,2025-11-11 20h54.39.512828 +0530,
0.1,1000,exp,372,0,31,space,0.7010917490115389,None,300,1,[2.4464218339999206],[2.4464269999880344],31,0,372,3,1843.7863720830064,,1843.78085775004,1843.7863720830064,1844.7779377910192,1844.7779377910192,1844.7779377910192,1845.4890487500234,space,0.7010917490115389,None,1845.4906618749956,1845.5921299167132,1845.9008163330145,1845.8832918750122,1845.8847540410352,1845.9008163330145,1845.9008163330145,1845.9008163330145,1848.3475303330342,300,1,[2.4464218339999206],[2.4464269999880344],P1,001,2025-11-11_20h54.28.783,IntentionalBinding_NupurShah,,2025.1.1,120.24644457095427,2025-11-11 20h54.39.512828 +0530,
0.7,1000,exp,373,1,31,space,0.3507150410441682,None,700,1,[3.573701999965124],[3.573707707982976],31,1,373,5,1848.3530060410267,,1848.3477296250057,1848.3530060410267,1849.3442790830159,1849.3442790830159,1849.3442790830159,1849.7055430409964,space,0.3507150410441682,None,1849.7068857080303,1850.410082666673,1850.717088000034,1850.6998156250338,1850.7013166660327,1850.717088000034,1850.717088000034,1850.717088000034,1854.2910988749936,700,1,[3.573701999965124],[3.573707707982976],P1,001,2025-11-11_20h54.28.783,IntentionalBinding_NupurShah,,2025.1.1,120.24644457095427,2025-11-11 20h54.39.512828 +0530,
0.4,1000,exp,374,2,31,space,0.545475916005671,None,400,1,[2.6174334170063958],[2.6174404580378905],31,2,374,4,1854.3037372910185,,1854.291285208019,1854.3037372910185,1855.2874838330317,1855.2874838330317,1855.294495708018,1855.8394821660477,space,0.545475916005671,None,1855.840985375049,1856.2444899996665,1856.562512250035,1856.5433893330046,1856.545261375024,1856.562512250035,1856.562512250035,1856.562512250035,1859.1802510410198,400,1,[2.6174334170063958],[2.6174404580378905],P1,001,2025-11-11_20h54.28.783,IntentionalBinding_NupurShah,,2025.1.1,120.24644457095427,2025-11-11 20h54.39.512828 +0530,
0.1,1000,exp,375,3,31,space,0.4097815409768373,None,100,1,[1.6192106250091456],[1.6192159169586375],31,3,375,6,1859.1864083330147,,1859.1804546249914,1859.1864083330147,1860.1790090409922,1860.1790090409922,1860.1790090409922,1860.5951872080332,space,0.4097815409768373,None,1860.5963770830422,1860.7044707916832,1861.0113045000471,1860.9929446250317,1860.9947864999995,1861.0113045000471,1861.0113045000471,1861.0113045000471,1862.6308038330171,100,1,[1.6192106250091456],[1.6192159169586375],P1,001,2025-11-11_20h54.28.783,IntentionalBinding_NupurShah,,2025.1.1,120.24644457095427,2025-11-11 20h54.39.512828 +0530,
0.4,1000,exp,376,4,31,space,0.6035876250243746,None,100,1,[1.3871555420337245],[1.387161125021521],31,4,376,10,1862.6364522910444,,1862.6309914580197,1862.6364522910444,1863.6281788329943,1863.6281788329943,1863.6281788329943,1864.2403937500203,space,0.6035876250243746,None,1864.2418319580029,1864.6439177916657,1864.9504973330186,1864.9334476660006,1864.935136041022,1864.9504973330186,1864.9504973330186,1864.9504973330186,1866.3379420000128,100,1,[1.3871555420337245],[1.387161125021521],P1,001,2025-11-11_20h54.28.783,IntentionalBinding_NupurShah,,2025.1.1,120.24644457095427,2025-11-11 20h54.39.512828 +0530,
0.1,400,unexp,377,5,31,space,0.3186334570054896,None,100,1,[1.7883852500235662],[1.7883906249771826],31,5,377,0,1866.353792000038,,1866.3381341249915,1866.353792000038,1867.3281091250246,1867.3281091250246,1867.3440075000399,1867.6555415830226,space,0.3186334570054896,None,1867.6569034580025,1867.7610553326706,1868.067984291003,1868.0504465000122,1868.0520511660143,1868.067984291003,1868.067984291003,1868.067984291003,1869.856653833005,100,1,[1.7883852500235662],[1.7883906249771826],P1,001,2025-11-11_20h54.28.783,IntentionalBinding_NupurShah,,2025.1.1,120.24644457095427,2025-11-11 20h54.39.512828 +0530,
0.1,1000,exp,378,6,31,space,0.2834393329685554,None,100,1,[1.1631115000345744],[1.1631170420441777],31,6,378,9,1869.8617497500381,,1869.8568400410004,1869.8617497500381,1870.8542521250201,1870.8542521250201,1870.860587291012,1871.1451360410429,space,0.2834393329685554,None,1871.1464543750044,1871.2544414167098,1871.5611125830328,1871.5431692080456,1871.545016916003,1871.5611125830328,1871.5611125830328,1871.5611125830328,1872.7245407910086,100,1,[1.1631115000345744],[1.1631170420441777],P1,001,2025-11-11_20h54.28.783,IntentionalBinding_NupurShah,,2025.1.1,120.24644457095427,2025-11-11 20h54.39.512828 +0530,
0.7,1000,exp,379,7,31,space,0.4399706660187803,None,400,1,[1.5358538329601288],[1.5358592909760773],31,7,379,11,1872.737312333018,,1872.7247260410222,1872.737312333018,1873.7206663750112,1873.7206663750112,1873.7275695000426,1874.162688875047,space,0.4399706660187803,None,1874.1639966249932,1874.8710508326806,1875.1782732499996,1875.1600166250137,1875.1618529160041,1875.1782732499996,1875.1782732499996,1875.1782732499996,1876.7143997910316,400,1,[1.5358538329601288],[1.5358592909760773],P1,001,2025-11-11_20h54.28.783,IntentionalBinding_NupurShah,,2025.1.1,120.24644457095427,2025-11-11 20h54.39.512828 +0530,
0.7,1000,exp,380,8,31,space,0.38075083203148097,None,500,1,[1.902714041993022],[1.9027205419843085],31,8,380,8,1876.719813875039,,1876.7145814160467,1876.719813875039,1877.7110394160263,1877.7110394160263,1877.7110394160263,1878.0969142499962,space,0.38075083203148097,None,1878.0983729159925,1878.8045995826872,1879.111287333013,1879.0927230410161,1879.0945222500013,1879.111287333013,1879.111287333013,1879.111287333013,1881.0143057500245,500,1,[1.902714041993022],[1.9027205419843085],P1,001,2025-11-11_20h54.28.783,IntentionalBinding_NupurShah,,2025.1.1,120.24644457095427,2025-11-11 20h54.39.512828 +0530,
0.7,400,unexp,381,9,31,space,0.7477126240264624,None,400,1,[1.6537456669611856],[1.6537512499489821],31,9,381,2,1881.0198722080095,,1881.0144952500123,1881.0198722080095,1882.0107810830232,1882.0107810830232,1882.0107810830232,1882.7622445410234,space,0.7477126240264624,None,1882.7635986660025,1883.4712829996754,1883.7779881660244,1883.7603927910095,1883.7622274160385,1883.7779881660244,1883.7779881660244,1883.7779881660244,1885.4320179999922,400,1,[1.6537456669611856],[1.6537512499489821],P1,001,2025-11-11_20h54.28.783,IntentionalBinding_NupurShah,,2025.1.1,120.24644457095427,2025-11-11 20h54.39.512828 +0530,
0.4,400,unexp,382,10,31,space,0.34556054102722555,None,400,1,[2.330386499990709],[2.3303919159807265],31,10,382,1,1885.4375474580447,,1885.432217708032,1885.4375474580447,1886.4278420830378,1886.4278420830378,1886.4278420830378,1886.7792008329998,space,0.34556054102722555,None,1886.7804340000148,1887.188529582698,1887.4938318750355,1887.4769057499943,1887.4786827909993,1887.4938318750355,1887.4938318750355,1887.4938318750355,1889.824502375035,400,1,[2.330386499990709],[2.3303919159807265],P1,001,2025-11-11_20h54.28.783,IntentionalBinding_NupurShah,,2025.1.1,120.24644457095427,2025-11-11 20h54.39.512828 +0530,
0.4,1000,exp,383,11,31,space,0.5145638739923015,None,500,1,[1.7153437919914722],[1.7153491249773651],31,11,383,7,1889.83734370803,,1889.8246985830483,1889.83734370803,1890.821028666047,1890.821028666047,1890.8274411660386,1891.3395664580166,space,0.5145638739923015,None,1891.341279083048,1891.744987666669,1892.0491282910225,1892.0328463750193,1892.0345103330328,1892.0491282910225,1892.0491282910225,1892.0491282910225,1893.7647792909993,500,1,[1.7153437919914722],[1.7153491249773651],P1,001,2025-11-11_20h54.28.783,IntentionalBinding_NupurShah,,2025.1.1,120.24644457095427,2025-11-11 20h54.39.512828 +0530,
0.1,400,unexp,384,0,32,space,0.5421488329884596,None,600,1,[4.334926417039242],[4.334931917022914],32,0,384,0,1893.7700005000224,,1893.7649782910012,1893.7700005000224,1894.7611754580284,1894.7611754580284,1894.7611754580284,1895.3061478750315,space,0.5421488329884596,None,1895.3075631660176,1895.4125545827012,1895.729480583046,1895.7102675000206,1895.7120490830275,1895.729480583046,1895.729480583046,1895.729480583046,1900.0647022080375,600,1,[4.334926417039242],[4.334931917022914],P1,001,2025-11-11_20h54.28.783,IntentionalBinding_NupurShah,,2025.1.1,120.24644457095427,2025-11-11 20h54.39.512828 +0530,
0.7,1000,exp,385,1,32,space,0.5892252499470487,None,600,1,[3.374433582997881],[3.374439542007167],32,1,385,8,1900.070085666026,,1900.0649060000433,1900.070085666026,1901.062056958035,1901.062056958035,1901.062056958035,1901.655858083046,space,0.5892252499470487,None,1901.6572155000176,1902.3607636666895,1902.666016916046,1902.6496753750253,1902.6514521660283,1902.666016916046,1902.666016916046,1902.666016916046,1906.0407457080437,600,1,[3.374433582997881],[3.374439542007167],P1,001,2025-11-11_20h54.28.783,IntentionalBinding_NupurShah,,2025.1.1,120.24644457095427,2025-11-11 20h54.39.512828 +0530,
0.4,400,unexp,386,2,32,space,0.9683456239872612,None,400,1,[2.542512124986388],[2.5425175830023363],32,2,386,1,1906.045956625021,,1906.040943916014,1906.045956625021,1907.0378037909977,1907.0378037909977,1907.0445362500031,1908.0121614580275,space,0.9683456239872612,None,1908.0134316660115,1908.4212727916931,1908.7294063750305,1908.7103765410138,1908.71219762502,1908.7294063750305,1908.7294063750305,1908.7294063750305,1911.2722067910363,400,1,[2.542512124986388],[2.5425175830023363],P1,001,2025-11-11_20h54.28.783,IntentionalBinding_NupurShah,,2025.1.1,120.24644457095427,2025-11-11 20h54.39.512828 +0530,
0.1,1000,exp,387,3,32,space,4.85302712500561,None,400,1,[2.306707167008426],[2.3067126250243746],32,3,387,9,1911.2877183750388,,1911.2724368330091,1911.2877183750388,1912.2714533749968,1912.2714533749968,1912.2777052500169,1917.1290993330185,space,4.85302712500561,None,1917.1302720830427,1917.2283032916641,1917.5335532909958,1917.5164341659984,1917.5180853750207,1917.5335532909958,1917.5335532909958,1917.5335532909958,1919.8405612499919,400,1,[2.306707167008426],[2.3067126250243746],P1,001,2025-11-11_20h54.28.783,IntentionalBinding_NupurShah,,2025.1.1,120.24644457095427,2025-11-11 20h54.39.512828 +0530,
0.1,1000,exp,388,4,32,space,0.7205065409652889,None,300 ,1,[4.262179917015601],[4.2621853339951485],32,4,388,3,1919.8463004580117,,1919.8407476660213,1919.8463004580117,1920.837821083027,1920.837821083027,1920.844169832999,1921.5625216250191,space,0.7205065409652889,None,1921.563818250026,1921.6718082077025,1921.9778852080344,1921.9599511660053,1921.9617680830415,1921.9778852080344,1921.9778852080344,1921.9778852080344,1926.2403595829965,300 ,1,[4.262179917015601],[4.2621853339951485],P1,001,2025-11-11_20h54.28.783,IntentionalBinding_NupurShah,,2025.1.1,120.24644457095427,2025-11-11 20h54.39.512828 +0530,
0.4,1000,exp,389,5,32,space,1.1289708740077913,None,500,1,[3.1875357080134563],[3.1875415410031565],32,5,389,4,1926.2454220830114,,1926.240544625034,1926.2454220830114,1927.238298625045,1927.238298625045,1927.244991750049,1928.3726658330415,space,1.1289708740077913,None,1928.3740073750378,1928.7779626246813,1929.0838602500153,1929.0666582080303,1929.0683461250155,1929.0838602500153,1929.0838602500153,1929.0838602500153,1932.2716842080117,500,1,[3.1875357080134563],[3.1875415410031565],P1,001,2025-11-11_20h54.28.783,IntentionalBinding_NupurShah,,2025.1.1,120.24644457095427,2025-11-11 20h54.39.512828 +0530,
0.7,400,unexp,390,6,32,space,1.0422273330041207,None,100 ,1,[3.730153332988266],[3.7301583329681307],32,6,390,2,1932.287729625008,,1932.2718686250155,1932.287729625008,1933.262050874997,1933.262050874997,1933.2770762080327,1934.3064263330307,space,1.0422273330041207,None,1934.3079095000285,1935.0114063746917,1935.3169207500177,1935.3008704160457,1935.3022533330368,1935.3169207500177,1935.3169207500177,1935.3169207500177,1939.0473892080481,100 ,1,[3.730153332988266],[3.7301583329681307],P1,001,2025-11-11_20h54.28.783,IntentionalBinding_NupurShah,,2025.1.1,120.24644457095427,2025-11-11 20h54.39.512828 +0530,
0.7,1000,exp,391,7,32,space,1.5669427499524318,None,700 ,1,[3.59570220799651],[3.595707583008334],32,7,391,5,1939.0542117910227,,1939.0475892910035,1939.0542117910227,1940.0451565830153,1940.0451565830153,1940.0451565830153,1941.623188416008,space,1.5669427499524318,None,1941.6248329160153,1942.3282135826923,1942.635932291043,1942.6172139580012,1942.6189414580003,1942.635932291043,1942.635932291043,1942.635932291043,1946.2319417500403,700 ,1,[3.59570220799651],[3.595707583008334],P1,001,2025-11-11_20h54.28.783,IntentionalBinding_NupurShah,,2025.1.1,120.24644457095427,2025-11-11 20h54.39.512828 +0530,
0.4,1000,exp,392,8,32,space,4.287911291001365,None,400,1,[2.311996750009712],[2.3120019159978256],32,8,392,10,1946.2370881250245,,1946.2321446660208,1946.2370881250245,1947.2289680000395,1947.2289680000395,1947.2289680000395,1951.5237929160357,space,4.287911291001365,None,1951.5251969580422,1951.927942582701,1952.2352893750067,1952.2175940410234,1952.2192728749942,1952.2352893750067,1952.2352893750067,1952.2352893750067,1954.5475811249926,400,1,[2.311996750009712],[2.3120019159978256],P1,001,2025-11-11_20h54.28.783,IntentionalBinding_NupurShah,,2025.1.1,120.24644457095427,2025-11-11 20h54.39.512828 +0530,
0.7,1000,exp,393,9,32,space,0.7298720410326496,None,200,1,[2.462005167035386],[2.462010500021279],32,9,393,11,1954.5543353329995,,1954.5477806660347,1954.5543353329995,1955.5451730409986,1955.5451730409986,1955.5451730409986,1956.2797835830133,space,0.7298720410326496,None,1956.2815875410452,1956.988192916677,1957.2929950410035,1957.276944541023,1957.2784557500272,1957.2929950410035,1957.2929950410035,1957.2929950410035,1959.7553013750003,200,1,[2.462005167035386],[2.462010500021279],P1,001,2025-11-11_20h54.28.783,IntentionalBinding_NupurShah,,2025.1.1,120.24644457095427,2025-11-11 20h54.39.512828 +0530,
0.1,1000,exp,394,10,32,space,1.167342291038949,None,500,1,[2.372843167046085],[2.3728496250114404],32,10,394,6,1959.7713346250239,,1959.7554873750196,1959.7713346250239,1960.7454996250453,1960.7454996250453,1960.76104570803,1961.9233069579932,space,1.167342291038949,None,1961.9245082910056,1962.0267999997052,1962.3321488330257,1962.3166779160383,1962.318175833032,1962.3321488330257,1962.3321488330257,1962.3321488330257,1964.705286875018,500,1,[2.372843167046085],[2.3728496250114404],P1,001,2025-11-11_20h54.28.783,IntentionalBinding_NupurShah,,2025.1.1,120.24644457095427,2025-11-11 20h54.39.512828 +0530,
0.4,1000,exp,395,11,32,space,0.3904384989873506,None,200,1,[3.5139145409921184],[3.5139197499956936],32,11,395,7,1964.7103257080307,,1964.705478375021,1964.7103257080307,1965.6965132080368,1965.6965132080368,1965.7042022499954,1966.0900977909914,space,0.3904384989873506,None,1966.0917087910348,1966.4952164166646,1966.8009450410027,1966.7833834580379,1966.785047915997,1966.8009450410027,1966.8009450410027,1966.8009450410027,1970.3151754580322,200,1,[3.5139145409921184],[3.5139197499956936],P1,001,2025-11-11_20h54.28.783,IntentionalBinding_NupurShah,,2025.1.1,120.24644457095427,2025-11-11 20h54.39.512828 +0530,
0.1,1000,exp,396,0,33,space,0.8737409159657545,None,500,1,[3.853122250002343],[3.8531275000423193],33,0,396,9,1970.3211312910425,,1970.315383875044,1970.3211312910425,1971.311974000011,1971.311974000011,1971.311974000011,1972.1900377910351,space,0.8737409159657545,None,1972.1913527910365,1972.2957951246683,1972.6021199580282,1972.5846477500163,1972.5861987910466,1972.6021199580282,1972.6021199580282,1972.6021199580282,1976.4555333750322,500,1,[3.853122250002343],[3.8531275000423193],P1,001,2025-11-11_20h54.28.783,IntentionalBinding_NupurShah,,2025.1.1,120.24644457095427,2025-11-11 20h54.39.512828 +0530,
0.4,1000,exp,397,1,33,space,0.8537899160292,None,400,1,[2.1586923340219073],[2.1586977089755237],33,1,397,10,1976.4714249160024,,1976.4557188750478,1976.4714249160024,1977.4450093330233,1977.4450093330233,1977.4612533750478,1978.3066063330043,space,0.8537899160292,None,1978.3072701659985,1978.7111914996678,1979.0171284580138,1979.0009002080187,1979.0024224160006,1979.0171284580138,1979.0171284580138,1979.0171284580138,1981.1761152080144,400,1,[2.1586923340219073],[2.1586977089755237],P1,001,2025-11-11_20h54.28.783,IntentionalBinding_NupurShah,,2025.1.1,120.24644457095427,2025-11-11 20h54.39.512828 +0530,
0.1,1000,exp,398,2,33,space,0.47202995704719797,None,100,1,[2.4866071669966914],[2.486612042004708],33,2,398,6,1981.188203458034,,1981.1763068330474,1981.188203458034,1982.1715308330022,1982.1715308330022,1982.177929041034,1982.6466187080368,space,0.47202995704719797,None,1982.648273083032,1982.7475582917143,1983.0623043749947,1983.0444422910223,1983.0463907910162,1983.0623043749947,1983.0623043749947,1983.0623043749947,1985.5491850000108,100,1,[2.4866071669966914],[2.486612042004708],P1,001,2025-11-11_20h54.28.783,IntentionalBinding_NupurShah,,2025.1.1,120.24644457095427,2025-11-11 20h54.39.512828 +0530,
0.7,1000,exp,399,3,33,space,0.8367862080340274,None,200,1,[2.3753191659925506],[2.3753252910100855],33,3,399,8,1985.5541745829978,,1985.5493722910178,1985.5541745829978,1986.5457043329952,1986.5457043329952,1986.5457043329952,1987.3896625410416,space,0.8367862080340274,None,1987.390177916037,1988.0953594996865,1988.400228500017,1988.3835129160434,1988.385289958038,1988.400228500017,1988.400228500017,1988.400228500017,1990.7758358750143,200,1,[2.3753191659925506],[2.3753252910100855],P1,001,2025-11-11_20h54.28.783,IntentionalBinding_NupurShah,,2025.1.1,120.24644457095427,2025-11-11 20h54.39.512828 +0530,
0.7,1000,exp,400,4,33,space,0.4466813320177607,None,400,1,[3.1144944169791415],[3.1144994169590063],33,4,400,5,1990.7882623750484,,1990.7760252080043,1990.7882623750484,1991.7718115830212,1991.7718115830212,1991.7786025000387,1992.2237233750056,space,0.4466813320177607,None,1992.2253779160092,1992.9282546666839,1993.233830125013,1993.2171077910461,1993.218471625005,1993.233830125013,1993.233830125013,1993.233830125013,1996.3486104159965,400,1,[3.1144944169791415],[3.1144994169590063],P1,001,2025-11-11_20h54.28.783,IntentionalBinding_NupurShah,,2025.1.1,120.24644457095427,2025-11-11 20h54.39.512828 +0530,
0.4,1000,exp,401,5,33,space,0.8525278330198489,None,500,1,[3.564728500030469],[3.5647337500122376],33,5,401,4,1996.3541856250376,,1996.3488040000084,1996.3541856250376,1997.3459906250355,1997.3459906250355,1997.3459906250355,1998.2071203330415,space,0.8525278330198489,None,1998.2086815410294,1998.6119956666992,1998.9174377080053,1998.9006993329967,1998.9021572080092,1998.9174377080053,1998.9174377080053,1998.9174377080053,2002.4824572500074,500,1,[3.564728500030469],[3.5647337500122376],P1,001,2025-11-11_20h54.28.783,IntentionalBinding_NupurShah,,2025.1.1,120.24644457095427,2025-11-11 20h54.39.512828 +0530,
0.7,400,unexp,402,6,33,space,0.5753754580509849,None,500,1,[4.741004042036366],[4.741009292018134],33,6,402,2,2002.487547916011,,2002.4826661249972,2002.487547916011,2003.4789975830354,2003.4789975830354,2003.4789975830354,2004.0571270000073,space,0.5753754580509849,None,2004.0585595830344,2004.762290249699,2005.0680602079956,2005.0512329580379,2005.0526373329922,2005.0680602079956,2005.0680602079956,2005.0680602079956,2009.809352875047,500,1,[4.741004042036366],[4.741009292018134],P1,001,2025-11-11_20h54.28.783,IntentionalBinding_NupurShah,,2025.1.1,120.24644457095427,2025-11-11 20h54.39.512828 +0530,
0.1,400,unexp,403,7,33,space,0.8688396250363439,None,400,1,[3.046626000024844],[3.0466317500104196],33,7,403,0,2009.8216688330285,,2009.809537416033,2009.8216688330285,2010.8052854160196,2010.8052854160196,2010.8117067080457,2011.680846666044,space,0.8688396250363439,None,2011.682256,2011.7877594166823,2012.0952567910426,2012.077638457995,2012.0796365410206,2012.0952567910426,2012.0952567910426,2012.0952567910426,2015.1421757910284,400,1,[3.046626000024844],[3.0466317500104196],P1,001,2025-11-11_20h54.28.783,IntentionalBinding_NupurShah,,2025.1.1,120.24644457095427,2025-11-11 20h54.39.512828 +0530,
0.7,1000,exp,404,8,33,space,1.0363653320237063,None,700,1,[5.945130000007339],[5.945135832997039],33,8,404,11,2015.1545288329944,,2015.1423745410284,2015.1545288329944,2016.138808541,2016.138808541,2016.1464665000094,2017.1802484579966,space,1.0363653320237063,None,2017.1815666250186,2017.889098457705,2018.1957931250217,2018.1776608329965,2018.1791926660226,2018.1957931250217,2018.1957931250217,2018.1957931250217,2024.1412344580167,700,1,[5.945130000007339],[5.945135832997039],P1,001,2025-11-11_20h54.28.783,IntentionalBinding_NupurShah,,2025.1.1,120.24644457095427,2025-11-11 20h54.39.512828 +0530,
0.4,1000,exp,405,9,33,space,0.5023987070308067,None,400,1,[2.2287767910165712],[2.22878225002205],33,9,405,7,2024.1463426660048,,2024.1414185000467,2024.1463426660048,2025.1388835000107,2025.1388835000107,2025.1456066660467,2025.6474018750014,space,0.5023987070308067,None,2025.6486315410002,2026.056011916666,2026.3625536250183,2026.344704499992,2026.3465335410438,2026.3625536250183,2026.3625536250183,2026.3625536250183,2028.5916444160393,400,1,[2.2287767910165712],[2.22878225002205],P1,001,2025-11-11_20h54.28.783,IntentionalBinding_NupurShah,,2025.1.1,120.24644457095427,2025-11-11 20h54.39.512828 +0530,
0.4,400,unexp,406,10,33,space,0.7914920409675688,None,500,1,[5.803505082963966],[5.803510917001404],33,10,406,1,2028.5967131250072,,2028.5918725000229,2028.5967131250072,2029.588773083,2029.588773083,2029.595163000049,2030.3901446250384,space,0.7914920409675688,None,2030.391519249999,2030.7948384996891,2031.1021626660367,2031.0850037499913,2031.0864841250004,2031.1021626660367,2031.1021626660367,2031.1021626660367,2036.9059603750356,500,1,[5.803505082963966],[5.803510917001404],P1,001,2025-11-11_20h54.28.783,IntentionalBinding_NupurShah,,2025.1.1,120.24644457095427,2025-11-11 20h54.39.512828 +0530,
0.1,1000,exp,407,11,33,space,0.7883501659962349,None,600,1,[4.738587916013785],[4.738593415997457],33,11,407,3,2036.9219780830317,,2036.9061518750386,2036.9219780830317,2037.895823916013,2037.895823916013,2037.9121205410338,2038.6910084999981,space,0.7883501659962349,None,2038.6926076660166,2038.7940485826732,2039.1027746250038,2039.0847031250014,2039.0860900830012,2039.1027746250038,2039.1027746250038,2039.1027746250038,2043.8416489160154,600,1,[4.738587916013785],[4.738593415997457],P1,001,2025-11-11_20h54.28.783,IntentionalBinding_NupurShah,,2025.1.1,120.24644457095427,2025-11-11 20h54.39.512828 +0530,
