pos,corr_resp,thisN,thisTrialN,thisRepN,key_resp.keys,key_resp.corr,key_resp.rt,key_resp.duration,trials.thisRepN,trials.thisTrialN,trials.thisN,trials.thisIndex,trials_2.thisRepN,trials_2.thisTrialN,trials_2.thisN,trials_2.thisIndex,thisRow.t,notes,trial.started,fixation.started,line1.started,line2.started,line3.started,line4.started,fixation.stopped,probe.started,key_resp.started,trial.stopped,trials.key_resp.keys,trials.key_resp.corr,trials.key_resp.rt,trials.key_resp.duration,trials_2.key_resp.keys,trials_2.key_resp.corr,trials_2.key_resp.rt,trials_2.key_resp.duration,participant,session,date,expName,expVersion,psychopyVersion,frameRate,expStart,
-50,x,0,0,0,x,1,1.2142467079975177,None,0,0,0,0,,,,,0.026447374999406748,,0.018166458001360297,0.026447374999406748,1.0087679169955663,1.0087679169955663,1.0087679169955663,1.0087679169955663,1.021481624993612,1.9934717919968534,1.9934717919968534,3.439725250005722,x,1,1.2142467079975177,None,,,,,parti4,001,2025-10-02_16h18.12.645,MotorSequenceLearning_NupurShah,,2025.1.1,119.47175659205593,2025-10-02 16h18.27.148750 +0530,
150,v,1,1,0,v,1,1.3778384990000632,None,0,1,1,1,,,,,3.4532070830027806,,3.4400030830001924,3.4532070830027806,4.432535875006579,4.432535875006579,4.432535875006579,4.432535875006579,4.4492030830006115,5.432014457997866,5.432014457997866,6.817305332995602,v,1,1.3778384990000632,None,,,,,parti4,001,2025-10-02_16h18.12.645,MotorSequenceLearning_NupurShah,,2025.1.1,119.47175659205593,2025-10-02 16h18.27.148750 +0530,
50,c,2,2,0,c,1,1.0283998319937382,None,0,2,2,2,,,,,6.827350125007797,,6.817836542002624,6.827350125007797,7.815324916999089,7.815324916999089,7.815324916999089,7.815324916999089,7.822972791997017,8.815380667001591,8.815380667001591,9.850712625004235,c,1,1.0283998319937382,None,,,,,parti4,001,2025-10-02_16h18.12.645,MotorSequenceLearning_NupurShah,,2025.1.1,119.47175659205593,2025-10-02 16h18.27.148750 +0530,
-150,z,3,3,0,z,1,0.6554090819990961,None,0,3,3,3,,,,,9.861438708001515,,9.851297333007096,9.861438708001515,10.84884391700325,10.84884391700325,10.84884391700325,10.84884391700325,10.856949249995523,11.849260292001418,11.849260292001418,12.508000667003216,z,1,0.6554090819990961,None,,,,,parti4,001,2025-10-02_16h18.12.645,MotorSequenceLearning_NupurShah,,2025.1.1,119.47175659205593,2025-10-02 16h18.27.148750 +0530,
-50,x,4,0,1,x,1,0.8086272080108756,None,1,0,4,0,,,,,12.518473167001503,,12.508552333005355,12.518473167001503,13.508365250003408,13.508365250003408,13.508365250003408,13.508365250003408,13.516383833004511,14.507975291999173,14.507975291999173,15.325077582994709,x,1,0.8086272080108756,None,,,,,parti4,001,2025-10-02_16h18.12.645,MotorSequenceLearning_NupurShah,,2025.1.1,119.47175659205593,2025-10-02 16h18.27.148750 +0530,
150,v,5,1,1,v,1,0.3051385409926297,None,1,1,5,1,,,,,15.349363500004984,,15.32560983300209,15.349363500004984,16.3251897500013,16.3251897500013,16.3251897500013,16.3251897500013,16.340715124999406,17.32449495799665,17.32449495799665,17.634180249995552,v,1,0.3051385409926297,None,,,,,parti4,001,2025-10-02_16h18.12.645,MotorSequenceLearning_NupurShah,,2025.1.1,119.47175659205593,2025-10-02 16h18.27.148750 +0530,
50,c,6,2,1,c,1,0.3480060410074657,None,1,2,6,2,,,,,17.644591707998188,,17.63476170800277,17.644591707998188,18.634334957998362,18.634334957998362,18.634334957998362,18.634334957998362,18.641272916996968,19.632614250003826,19.632614250003826,19.984192707997863,c,1,0.3480060410074657,None,,,,,parti4,001,2025-10-02_16h18.12.645,MotorSequenceLearning_NupurShah,,2025.1.1,119.47175659205593,2025-10-02 16h18.27.148750 +0530,
-150,z,7,3,1,z,1,0.6083198330015875,None,1,3,7,3,,,,,19.994202500005485,,19.984961875001318,19.994202500005485,20.982201332997647,20.982201332997647,20.982201332997647,20.982201332997647,20.98984520799422,21.982166792004136,21.982166792004136,22.601087417002418,z,1,0.6083198330015875,None,,,,,parti4,001,2025-10-02_16h18.12.645,MotorSequenceLearning_NupurShah,,2025.1.1,119.47175659205593,2025-10-02 16h18.27.148750 +0530,
-50,x,8,0,2,x,1,0.4192024990043137,None,2,0,8,0,,,,,22.611590542001068,,22.601682833002997,22.611590542001068,23.59894529200392,23.59894529200392,23.59894529200392,23.59894529200392,23.606593375006923,24.59945283300476,24.59945283300476,25.02455016699969,x,1,0.4192024990043137,None,,,,,parti4,001,2025-10-02_16h18.12.645,MotorSequenceLearning_NupurShah,,2025.1.1,119.47175659205593,2025-10-02 16h18.27.148750 +0530,
150,v,9,1,2,v,1,0.3144918750040233,None,2,1,9,1,,,,,25.034784582996508,,25.025071541997022,25.034784582996508,26.0242195000028,26.0242195000028,26.0242195000028,26.0242195000028,26.032253124998533,27.01607066699944,27.01607066699944,27.33400524999888,v,1,0.3144918750040233,None,,,,,parti4,001,2025-10-02_16h18.12.645,MotorSequenceLearning_NupurShah,,2025.1.1,119.47175659205593,2025-10-02 16h18.27.148750 +0530,
50,c,10,2,2,c,1,0.33170054099173285,None,2,2,10,2,,,,,27.343871292003314,,27.3345272919978,27.343871292003314,28.33229195799504,28.33229195799504,28.33229195799504,28.33229195799504,28.33994537500257,29.3328115829936,29.3328115829936,29.66727562500455,c,1,0.33170054099173285,None,,,,,parti4,001,2025-10-02_16h18.12.645,MotorSequenceLearning_NupurShah,,2025.1.1,119.47175659205593,2025-10-02 16h18.27.148750 +0530,
-150,z,11,3,2,z,1,0.313523166012601,None,2,3,11,3,,,,,29.676627666995046,,29.66776949999621,29.676627666995046,30.658632874998148,30.658632874998148,30.658632874998148,30.658632874998148,30.67440625000745,31.65899854199961,31.65899854199961,31.974473666996346,z,1,0.313523166012601,None,,,,,parti4,001,2025-10-02_16h18.12.645,MotorSequenceLearning_NupurShah,,2025.1.1,119.47175659205593,2025-10-02 16h18.27.148750 +0530,
-50,x,12,0,3,x,1,0.797407000005478,None,3,0,12,0,,,,,31.98465658299392,,31.974973707998288,31.98465658299392,32.974190249995445,32.974190249995445,32.974190249995445,32.974190249995445,32.98238333300105,33.96622037500492,33.96622037500492,34.76766875000612,x,1,0.797407000005478,None,,,,,parti4,001,2025-10-02_16h18.12.645,MotorSequenceLearning_NupurShah,,2025.1.1,119.47175659205593,2025-10-02 16h18.27.148750 +0530,
150,v,13,1,3,v,1,0.830869083001744,None,3,1,13,1,,,,,34.77744437499496,,34.768189833004726,34.77744437499496,35.766465000007884,35.766465000007884,35.766465000007884,35.766465000007884,35.77495258300041,36.765733624997665,36.765733624997665,37.601037375003216,v,1,0.830869083001744,None,,,,,parti4,001,2025-10-02_16h18.12.645,MotorSequenceLearning_NupurShah,,2025.1.1,119.47175659205593,2025-10-02 16h18.27.148750 +0530,
50,c,14,2,3,c,1,0.7618820829957258,None,3,2,14,2,,,,,37.61089500000526,,37.601524249999784,37.61089500000526,38.5991554170032,38.5991554170032,38.5991554170032,38.5991554170032,38.60688045799907,39.59971041699464,39.59971041699464,40.36783958300657,c,1,0.7618820829957258,None,,,,,parti4,001,2025-10-02_16h18.12.645,MotorSequenceLearning_NupurShah,,2025.1.1,119.47175659205593,2025-10-02 16h18.27.148750 +0530,
-150,z,15,3,3,z,1,0.3211724989960203,None,3,3,15,3,,,,,40.37765845800459,,40.36833258300612,40.37765845800459,41.36628187500173,41.36628187500173,41.36628187500173,41.36628187500173,41.37348708299396,42.366300791996764,42.366300791996764,42.69143629200698,z,1,0.3211724989960203,None,,,,,parti4,001,2025-10-02_16h18.12.645,MotorSequenceLearning_NupurShah,,2025.1.1,119.47175659205593,2025-10-02 16h18.27.148750 +0530,
-50,x,16,0,4,x,1,0.7277356659906218,None,4,0,16,0,,,,,42.71633075000136,,42.6920567079942,42.71633075000136,43.69215020800766,43.69215020800766,43.69215020800766,43.69215020800766,43.70795366700622,44.69078066700604,44.69078066700604,45.42498220800189,x,1,0.7277356659906218,None,,,,,parti4,001,2025-10-02_16h18.12.645,MotorSequenceLearning_NupurShah,,2025.1.1,119.47175659205593,2025-10-02 16h18.27.148750 +0530,
150,v,17,1,4,v,1,0.20296729099936783,None,4,1,17,1,,,,,45.4498912919953,,45.42560254200362,45.4498912919953,46.425216167001054,46.425216167001054,46.425216167001054,46.425216167001054,46.44077883299906,47.41641154199897,47.41641154199897,47.62486529200396,v,1,0.20296729099936783,None,,,,,parti4,001,2025-10-02_16h18.12.645,MotorSequenceLearning_NupurShah,,2025.1.1,119.47175659205593,2025-10-02 16h18.27.148750 +0530,
50,c,18,2,4,c,1,0.41819233298883773,None,4,2,18,2,,,,,47.63523637500475,,47.62538341700565,47.63523637500475,48.62546116700105,48.62546116700105,48.62546116700105,48.62546116700105,48.63362491699809,49.62415575000341,49.62415575000341,50.05129941699852,c,1,0.41819233298883773,None,,,,,parti4,001,2025-10-02_16h18.12.645,MotorSequenceLearning_NupurShah,,2025.1.1,119.47175659205593,2025-10-02 16h18.27.148750 +0530,
-150,z,19,3,4,z,1,0.2745441250008298,None,4,3,19,3,,,,,50.06118891699589,,50.05185904199607,50.06118891699589,51.04925479200028,51.04925479200028,51.04925479200028,51.04925479200028,51.056645332995686,52.04983400000492,52.04983400000492,52.33461904199794,z,1,0.2745441250008298,None,,,,,parti4,001,2025-10-02_16h18.12.645,MotorSequenceLearning_NupurShah,,2025.1.1,119.47175659205593,2025-10-02 16h18.27.148750 +0530,
-50,x,20,0,5,x,1,0.34693095700640697,None,5,0,20,0,,,,,52.34414562500024,,52.33513033299823,52.34414562500024,53.33337345799373,53.33337345799373,53.33337345799373,53.33337345799373,53.34099612499995,54.33263345800515,54.33263345800515,54.68421566700272,x,1,0.34693095700640697,None,,,,,parti4,001,2025-10-02_16h18.12.645,MotorSequenceLearning_NupurShah,,2025.1.1,119.47175659205593,2025-10-02 16h18.27.148750 +0530,
150,v,21,1,5,v,1,1.4579244580090744,None,5,1,21,1,,,,,54.693666332997964,,54.68470158299897,54.693666332997964,55.682781042007264,55.682781042007264,55.682781042007264,55.682781042007264,55.69038641700172,56.683370832994115,56.683370832994115,58.151567666995106,v,1,1.4579244580090744,None,,,,,parti4,001,2025-10-02_16h18.12.645,MotorSequenceLearning_NupurShah,,2025.1.1,119.47175659205593,2025-10-02 16h18.27.148750 +0530,
50,c,22,2,5,c,1,0.25948562400299124,None,5,2,22,2,,,,,58.17640820800443,,58.15215995800099,58.17640820800443,59.14938395800709,59.14938395800709,59.14938395800709,59.14938395800709,59.17362695799966,60.14986108300218,60.14986108300218,60.418071666994365,c,1,0.25948562400299124,None,,,,,parti4,001,2025-10-02_16h18.12.645,MotorSequenceLearning_NupurShah,,2025.1.1,119.47175659205593,2025-10-02 16h18.27.148750 +0530,
-150,z,23,3,5,z,1,1.54311545699602,None,5,3,23,3,,,,,60.427449833005085,,60.41858466700069,60.427449833005085,61.416694583007484,61.416694583007484,61.416694583007484,61.416694583007484,61.4243262920063,62.41620362500544,62.41620362500544,63.96797825000249,z,1,1.54311545699602,None,,,,,parti4,001,2025-10-02_16h18.12.645,MotorSequenceLearning_NupurShah,,2025.1.1,119.47175659205593,2025-10-02 16h18.27.148750 +0530,
-50,x,24,0,6,x,1,0.25410395799553953,None,6,0,24,0,,,,,63.97721079199982,,63.968488917002105,63.97721079199982,64.96618687499722,64.96618687499722,64.96618687499722,64.96618687499722,64.97391504200641,65.96620174999407,65.96620174999407,66.22467454199796,x,1,0.25410395799553953,None,,,,,parti4,001,2025-10-02_16h18.12.645,MotorSequenceLearning_NupurShah,,2025.1.1,119.47175659205593,2025-10-02 16h18.27.148750 +0530,
150,v,25,1,6,v,1,0.24278133199550211,None,6,1,25,1,,,,,66.23438995800097,,66.22517345800588,66.23438995800097,67.2254009169992,67.2254009169992,67.2254009169992,67.2254009169992,67.23366183300095,68.21635358300409,68.21635358300409,68.46837208300713,v,1,0.24278133199550211,None,,,,,parti4,001,2025-10-02_16h18.12.645,MotorSequenceLearning_NupurShah,,2025.1.1,119.47175659205593,2025-10-02 16h18.27.148750 +0530,
50,c,26,2,6,c,1,0.2973117910005385,None,6,2,26,2,,,,,68.47836829199514,,68.46895829199639,68.47836829199514,69.46622187500179,69.46622187500179,69.46622187500179,69.46622187500179,69.47382466700219,70.46695512499718,70.46695512499718,70.76823349999904,c,1,0.2973117910005385,None,,,,,parti4,001,2025-10-02_16h18.12.645,MotorSequenceLearning_NupurShah,,2025.1.1,119.47175659205593,2025-10-02 16h18.27.148750 +0530,
-150,z,27,3,6,z,1,0.3420917070034193,None,6,3,27,3,,,,,70.77863679200527,,70.76882291700167,70.77863679200527,71.76630050000676,71.76630050000676,71.76630050000676,71.76630050000676,71.77407050000329,72.76617124999757,72.76617124999757,73.11778995800705,z,1,0.3420917070034193,None,,,,,parti4,001,2025-10-02_16h18.12.645,MotorSequenceLearning_NupurShah,,2025.1.1,119.47175659205593,2025-10-02 16h18.27.148750 +0530,
-50,x,28,0,7,x,1,0.5580188739986625,None,7,0,28,0,,,,,73.12761862500338,,73.11827866699605,73.12761862500338,74.10977075000119,74.10977075000119,74.10977075000119,74.10977075000119,74.12490604199411,75.10921858300571,75.10921858300571,75.6757592500071,x,1,0.5580188739986625,None,,,,,parti4,001,2025-10-02_16h18.12.645,MotorSequenceLearning_NupurShah,,2025.1.1,119.47175659205593,2025-10-02 16h18.27.148750 +0530,
150,v,29,1,7,v,1,0.4531328330049291,None,7,1,29,1,,,,,75.70031037500303,,75.67627341700427,75.70031037500303,76.6669197500014,76.6669197500014,76.6669197500014,76.6669197500014,76.6907837500039,77.67521512499661,77.67521512499661,78.13460645799933,v,1,0.4531328330049291,None,,,,,parti4,001,2025-10-02_16h18.12.645,MotorSequenceLearning_NupurShah,,2025.1.1,119.47175659205593,2025-10-02 16h18.27.148750 +0530,
50,c,30,2,7,c,1,0.3967264160019113,None,7,2,30,2,,,,,78.14413174999936,,78.13510075000522,78.14413174999936,79.12712683300197,79.12712683300197,79.12712683300197,79.12712683300197,79.13457629199547,80.13353383299545,80.13353383299545,80.53515549999429,c,1,0.3967264160019113,None,,,,,parti4,001,2025-10-02_16h18.12.645,MotorSequenceLearning_NupurShah,,2025.1.1,119.47175659205593,2025-10-02 16h18.27.148750 +0530,
-150,z,31,3,7,z,1,0.44817108201095834,None,7,3,31,3,,,,,80.54546725000546,,80.5357544169965,80.54546725000546,81.5330830830062,81.5330830830062,81.5330830830062,81.5330830830062,81.54072400000587,82.53305633300624,82.53305633300624,82.98507483300637,z,1,0.44817108201095834,None,,,,,parti4,001,2025-10-02_16h18.12.645,MotorSequenceLearning_NupurShah,,2025.1.1,119.47175659205593,2025-10-02 16h18.27.148750 +0530,
-50,x,32,0,8,x,1,0.40043537500605453,None,8,0,32,0,,,,,82.99495466699591,,82.98566754200147,82.99495466699591,83.98374454199802,83.98374454199802,83.98374454199802,83.98374454199802,83.99145808299363,84.98380645799625,84.98380645799625,85.39188404199376,x,1,0.40043537500605453,None,,,,,parti4,001,2025-10-02_16h18.12.645,MotorSequenceLearning_NupurShah,,2025.1.1,119.47175659205593,2025-10-02 16h18.27.148750 +0530,
150,v,33,1,8,v,1,0.3383362489985302,None,8,1,33,1,,,,,85.40143308299594,,85.39237483299803,85.40143308299594,86.39222279199748,86.39222279199748,86.39222279199748,86.39222279199748,86.39222279199748,87.39189425000222,87.39189425000222,87.73518241700367,v,1,0.3383362489985302,None,,,,,parti4,001,2025-10-02_16h18.12.645,MotorSequenceLearning_NupurShah,,2025.1.1,119.47175659205593,2025-10-02 16h18.27.148750 +0530,
50,c,34,2,8,c,1,0.35431424900889397,None,8,2,34,2,,,,,87.74513708299492,,87.73585224999988,87.74513708299492,88.73314095800743,88.73314095800743,88.73314095800743,88.73314095800743,88.74081887499779,89.73383383300097,89.73383383300097,90.09238695800013,c,1,0.35431424900889397,None,,,,,parti4,001,2025-10-02_16h18.12.645,MotorSequenceLearning_NupurShah,,2025.1.1,119.47175659205593,2025-10-02 16h18.27.148750 +0530,
-150,z,35,3,8,z,1,0.30953312398924027,None,8,3,35,3,,,,,90.10228979200474,,90.09287049999693,90.10228979200474,91.09264508300112,91.09264508300112,91.09264508300112,91.09264508300112,91.10044112500327,92.09146858300664,92.09146858300664,92.40916658300557,z,1,0.30953312398924027,None,,,,,parti4,001,2025-10-02_16h18.12.645,MotorSequenceLearning_NupurShah,,2025.1.1,119.47175659205593,2025-10-02 16h18.27.148750 +0530,
-50,x,36,0,9,x,1,1.9078441659949021,None,9,0,36,0,,,,,92.41891437499726,,92.40966062499501,92.41891437499726,93.40989504200115,93.40989504200115,93.40989504200115,93.40989504200115,93.41789774999779,94.4091682080034,94.4091682080034,96.3253697080072,x,1,1.9078441659949021,None,,,,,parti4,001,2025-10-02_16h18.12.645,MotorSequenceLearning_NupurShah,,2025.1.1,119.47175659205593,2025-10-02 16h18.27.148750 +0530,
150,v,37,1,9,v,1,1.4406416660058312,None,9,1,37,1,,,,,96.33576495799934,,96.32585820800159,96.33576495799934,97.31671587500023,97.31671587500023,97.31671587500023,97.31671587500023,97.33323304199439,98.31730512500508,98.31730512500508,99.75913424999453,v,1,1.4406416660058312,None,,,,,parti4,001,2025-10-02_16h18.12.645,MotorSequenceLearning_NupurShah,,2025.1.1,119.47175659205593,2025-10-02 16h18.27.148750 +0530,
50,c,38,2,9,c,1,1.255588498999714,None,9,2,38,2,,,,,99.76718391700706,,99.75962812500075,99.76718391700706,100.75894391699694,100.75894391699694,100.75894391699694,100.75894391699694,100.75894391699694,101.75045745799434,101.75045745799434,103.00931962499453,c,1,1.255588498999714,None,,,,,parti4,001,2025-10-02_16h18.12.645,MotorSequenceLearning_NupurShah,,2025.1.1,119.47175659205593,2025-10-02 16h18.27.148750 +0530,
-150,z,39,3,9,z,1,1.0998976250120904,None,9,3,39,3,,,,,103.01891016699665,,103.00979204199393,103.01891016699665,104.00967158300045,104.00967158300045,104.00967158300045,104.00967158300045,104.01764529199863,105.00902783300262,105.00902783300262,106.11854345799657,z,1,1.0998976250120904,None,,,,,parti4,001,2025-10-02_16h18.12.645,MotorSequenceLearning_NupurShah,,2025.1.1,119.47175659205593,2025-10-02 16h18.27.148750 +0530,
-50,x,40,0,10,x,1,0.6096880409895675,None,10,0,40,0,,,,,106.12885908299359,,106.11914574999537,106.12885908299359,107.10991699999431,107.10991699999431,107.10991699999431,107.10991699999431,107.12611774999823,108.11721454199869,108.11721454199869,108.73528024999541,x,1,0.6096880409895675,None,,,,,parti4,001,2025-10-02_16h18.12.645,MotorSequenceLearning_NupurShah,,2025.1.1,119.47175659205593,2025-10-02 16h18.27.148750 +0530,
150,v,41,1,10,v,1,0.7877125410013832,None,10,1,41,1,,,,,108.74535591699532,,108.73587262499495,108.74535591699532,109.73341991699999,109.73341991699999,109.73341991699999,109.73341991699999,109.74108633300057,110.73424004200206,110.73424004200206,111.52555695800402,v,1,0.7877125410013832,None,,,,,parti4,001,2025-10-02_16h18.12.645,MotorSequenceLearning_NupurShah,,2025.1.1,119.47175659205593,2025-10-02 16h18.27.148750 +0530,
50,c,42,2,10,c,1,1.3325724580063252,None,10,2,42,2,,,,,111.53563316700456,,111.52606879199448,111.53563316700456,112.52671437499521,112.52671437499521,112.52671437499521,112.52671437499521,112.53486137499567,113.51725958299357,113.51725958299357,114.85230187499837,c,1,1.3325724580063252,None,,,,,parti4,001,2025-10-02_16h18.12.645,MotorSequenceLearning_NupurShah,,2025.1.1,119.47175659205593,2025-10-02 16h18.27.148750 +0530,
-150,z,43,3,10,z,1,0.26826841599540785,None,10,3,43,3,,,,,114.86293270799797,,114.85288291699544,114.86293270799797,115.85066095800721,115.85066095800721,115.85066095800721,115.85066095800721,115.85824945800414,116.85068708300241,116.85068708300241,117.12581066699931,z,1,0.26826841599540785,None,,,,,parti4,001,2025-10-02_16h18.12.645,MotorSequenceLearning_NupurShah,,2025.1.1,119.47175659205593,2025-10-02 16h18.27.148750 +0530,
-50,x,44,0,11,x,1,0.32008004099770915,None,11,0,44,0,,,,,117.13624312500178,,117.12639258299896,117.13624312500178,118.12643308300176,118.12643308300176,118.12643308300176,118.12643308300176,118.13448887500272,119.12595254200278,119.12595254200278,119.45233149999694,x,1,0.32008004099770915,None,,,,,parti4,001,2025-10-02_16h18.12.645,MotorSequenceLearning_NupurShah,,2025.1.1,119.47175659205593,2025-10-02 16h18.27.148750 +0530,
150,v,45,1,11,v,1,0.3160988739982713,None,11,1,45,1,,,,,119.4623363330029,,119.45306004199665,119.4623363330029,120.45024870800262,120.45024870800262,120.45024870800262,120.45024870800262,120.45799354200426,121.45077583300008,121.45077583300008,121.76828741699865,v,1,0.3160988739982713,None,,,,,parti4,001,2025-10-02_16h18.12.645,MotorSequenceLearning_NupurShah,,2025.1.1,119.47175659205593,2025-10-02 16h18.27.148750 +0530,
50,c,46,2,11,c,1,0.4954486659989925,None,11,2,46,2,,,,,121.77831341700221,,121.7688145830034,121.77831341700221,122.75993787500192,122.75993787500192,122.75993787500192,122.75993787500192,122.77499716699822,123.75946279200434,123.75946279200434,124.25952533300733,c,1,0.4954486659989925,None,,,,,parti4,001,2025-10-02_16h18.12.645,MotorSequenceLearning_NupurShah,,2025.1.1,119.47175659205593,2025-10-02 16h18.27.148750 +0530,
-150,z,47,3,11,z,1,0.3193588739959523,None,11,3,47,3,,,,,124.26925704200403,,124.26001991699741,124.26925704200403,125.2600977080001,125.2600977080001,125.2600977080001,125.2600977080001,125.26806866700645,126.25858629199502,126.25858629199502,126.58550904199365,z,1,0.3193588739959523,None,,,,,parti4,001,2025-10-02_16h18.12.645,MotorSequenceLearning_NupurShah,,2025.1.1,119.47175659205593,2025-10-02 16h18.27.148750 +0530,
-50,x,48,0,12,x,1,1.3913259160035523,None,12,0,48,0,,,,,126.59498337500554,,126.58598074999463,126.59498337500554,127.57786458299961,127.57786458299961,127.57786458299961,127.57786458299961,127.58543608299806,128.58450095799344,128.58450095799344,129.98595291700622,x,1,1.3913259160035523,None,,,,,parti4,001,2025-10-02_16h18.12.645,MotorSequenceLearning_NupurShah,,2025.1.1,119.47175659205593,2025-10-02 16h18.27.148750 +0530,
150,v,49,1,12,v,1,0.3761034990020562,None,12,1,49,1,,,,,129.99594941700343,,129.98654275000445,129.99594941700343,130.9844497919985,130.9844497919985,130.9844497919985,130.9844497919985,130.9920282499952,131.98371808300726,131.98371808300726,132.36893704200338,v,1,0.3761034990020562,None,,,,,parti4,001,2025-10-02_16h18.12.645,MotorSequenceLearning_NupurShah,,2025.1.1,119.47175659205593,2025-10-02 16h18.27.148750 +0530,
50,c,50,2,12,c,1,0.5099318319989834,None,12,2,50,2,,,,,132.37841012500576,,132.36942487499618,132.37841012500576,133.36711274999834,133.36711274999834,133.36711274999834,133.36711274999834,133.37476200000674,134.36789270800364,134.36789270800364,134.88555129199813,c,1,0.5099318319989834,None,,,,,parti4,001,2025-10-02_16h18.12.645,MotorSequenceLearning_NupurShah,,2025.1.1,119.47175659205593,2025-10-02 16h18.27.148750 +0530,
-150,z,51,3,12,z,1,0.7500278750085272,None,12,3,51,3,,,,,134.8949042919994,,134.88605741699575,134.8949042919994,135.87945066699467,135.87945066699467,135.87945066699467,135.87945066699467,135.88685987499775,136.88460445799865,136.88460445799865,137.64373083300598,z,1,0.7500278750085272,None,,,,,parti4,001,2025-10-02_16h18.12.645,MotorSequenceLearning_NupurShah,,2025.1.1,119.47175659205593,2025-10-02 16h18.27.148750 +0530,
-50,x,52,0,13,x,1,0.29072816600091755,None,13,0,52,0,,,,,137.6547202500078,,137.64431416700245,137.6547202500078,138.64350470800127,138.64350470800127,138.64350470800127,138.64350470800127,138.6515520420071,139.64304837500094,139.64304837500094,139.93600349999906,x,1,0.29072816600091755,None,,,,,parti4,001,2025-10-02_16h18.12.645,MotorSequenceLearning_NupurShah,,2025.1.1,119.47175659205593,2025-10-02 16h18.27.148750 +0530,
150,v,53,1,13,v,1,0.24443587400310207,None,13,1,53,1,,,,,139.94640104200516,,139.93672133299697,139.94640104200516,140.93385345800198,140.93385345800198,140.93385345800198,140.93385345800198,140.94144979200792,141.93429704199662,141.93429704199662,142.18584329199803,v,1,0.24443587400310207,None,,,,,parti4,001,2025-10-02_16h18.12.645,MotorSequenceLearning_NupurShah,,2025.1.1,119.47175659205593,2025-10-02 16h18.27.148750 +0530,
50,c,54,2,13,c,1,0.26782695700239856,None,13,2,54,2,,,,,142.19637595799577,,142.1864797080052,142.19637595799577,143.18430129199987,143.18430129199987,143.18430129199987,143.18430129199987,143.19198158300424,144.18389441700128,144.18389441700128,144.4596104999946,c,1,0.26782695700239856,None,,,,,parti4,001,2025-10-02_16h18.12.645,MotorSequenceLearning_NupurShah,,2025.1.1,119.47175659205593,2025-10-02 16h18.27.148750 +0530,
-150,z,55,3,13,z,1,0.3735199160000775,None,13,3,55,3,,,,,144.48434254199674,,144.46023387499736,144.48434254199674,145.45135104200745,145.45135104200745,145.45135104200745,145.45135104200745,145.47378899999603,146.4511411669955,146.4511411669955,146.82618370800628,z,1,0.3735199160000775,None,,,,,parti4,001,2025-10-02_16h18.12.645,MotorSequenceLearning_NupurShah,,2025.1.1,119.47175659205593,2025-10-02 16h18.27.148750 +0530,
-50,x,56,0,14,x,1,0.4552510829962557,None,14,0,56,0,,,,,146.83620395799517,,146.82671658300387,146.83620395799517,147.82671745799598,147.82671745799598,147.82671745799598,147.82671745799598,147.83450445800554,148.8264780419995,148.8264780419995,149.28551075000723,x,1,0.4552510829962557,None,,,,,parti4,001,2025-10-02_16h18.12.645,MotorSequenceLearning_NupurShah,,2025.1.1,119.47175659205593,2025-10-02 16h18.27.148750 +0530,
150,v,57,1,14,v,1,0.4746562910004286,None,14,1,57,1,,,,,149.2946782920044,,149.28599925000162,149.2946782920044,150.27668820800318,150.27668820800318,150.27668820800318,150.27668820800318,150.29170770800556,151.2759585830063,151.2759585830063,151.7524379999959,v,1,0.4746562910004286,None,,,,,parti4,001,2025-10-02_16h18.12.645,MotorSequenceLearning_NupurShah,,2025.1.1,119.47175659205593,2025-10-02 16h18.27.148750 +0530,
50,c,58,2,14,c,1,0.9944746240071254,None,14,2,58,2,,,,,151.75914912500593,,151.75291799999832,151.75914912500593,152.75117983299424,152.75117983299424,152.75117983299424,152.75117983299424,152.75117983299424,153.7512160000042,153.7512160000042,154.75280254200334,c,1,0.9944746240071254,None,,,,,parti4,001,2025-10-02_16h18.12.645,MotorSequenceLearning_NupurShah,,2025.1.1,119.47175659205593,2025-10-02 16h18.27.148750 +0530,
-150,z,59,3,14,z,1,0.34262712400231976,None,14,3,59,3,,,,,154.7633352499979,,154.75340712499747,154.7633352499979,155.75072708299558,155.75072708299558,155.75072708299558,155.75072708299558,155.75900837499648,156.74385329200595,156.74385329200595,157.09390941700258,z,1,0.34262712400231976,None,,,,,parti4,001,2025-10-02_16h18.12.645,MotorSequenceLearning_NupurShah,,2025.1.1,119.47175659205593,2025-10-02 16h18.27.148750 +0530,
-50,x,60,0,15,x,1,1.4505342500051484,None,15,0,60,0,,,,,157.11835395799426,,157.09444058299414,157.11835395799426,158.09344962499745,158.09344962499745,158.09344962499745,158.09344962499745,158.10865475000173,159.09392683299666,159.09392683299666,160.55280162500276,x,1,1.4505342500051484,None,,,,,parti4,001,2025-10-02_16h18.12.645,MotorSequenceLearning_NupurShah,,2025.1.1,119.47175659205593,2025-10-02 16h18.27.148750 +0530,
150,v,61,1,15,v,1,1.148808290992747,None,15,1,61,1,,,,,160.56290570800775,,160.55349770799512,160.56290570800775,161.5514170420065,161.5514170420065,161.5514170420065,161.5514170420065,161.55829266700312,162.55071404199407,162.55071404199407,163.7031259170035,v,1,1.148808290992747,None,,,,,parti4,001,2025-10-02_16h18.12.645,MotorSequenceLearning_NupurShah,,2025.1.1,119.47175659205593,2025-10-02 16h18.27.148750 +0530,
50,c,62,2,15,c,1,0.2973367080121534,None,15,2,62,2,,,,,163.7132809580071,,163.70375241700094,163.7132809580071,164.70080458300072,164.70080458300072,164.70080458300072,164.70080458300072,164.7085760829941,165.70127458299976,165.70127458299976,166.00285395799438,c,1,0.2973367080121534,None,,,,,parti4,001,2025-10-02_16h18.12.645,MotorSequenceLearning_NupurShah,,2025.1.1,119.47175659205593,2025-10-02 16h18.27.148750 +0530,
-150,z,63,3,15,z,1,0.33820820799155626,None,15,3,63,3,,,,,166.01332991699746,,166.0034695420036,166.01332991699746,167.00138425000478,167.00138425000478,167.00138425000478,167.00138425000478,167.0089675420022,168.00127350000548,168.00127350000548,168.3432255420048,z,1,0.33820820799155626,None,,,,,parti4,001,2025-10-02_16h18.12.645,MotorSequenceLearning_NupurShah,,2025.1.1,119.47175659205593,2025-10-02 16h18.27.148750 +0530,
-50,x,64,0,16,x,1,0.7574400410085218,None,16,0,64,0,,,,,168.3680531669961,,168.34381799999392,168.3680531669961,169.34365454199724,169.34365454199724,169.34365454199724,169.34365454199724,169.3585374999966,170.3429413749982,170.3429413749982,171.10227120800118,x,1,0.7574400410085218,None,,,,,parti4,001,2025-10-02_16h18.12.645,MotorSequenceLearning_NupurShah,,2025.1.1,119.47175659205593,2025-10-02 16h18.27.148750 +0530,
150,v,65,1,16,v,1,0.2982075410109246,None,16,1,65,1,,,,,171.11256208299892,,171.10280974999478,171.11256208299892,172.09398279199377,172.09398279199377,172.09398279199377,172.09398279199377,172.10988670799998,173.09320066700457,173.09320066700457,173.3932320830063,v,1,0.2982075410109246,None,,,,,parti4,001,2025-10-02_16h18.12.645,MotorSequenceLearning_NupurShah,,2025.1.1,119.47175659205593,2025-10-02 16h18.27.148750 +0530,
50,c,66,2,16,c,1,0.29947087400068995,None,16,2,66,2,,,,,173.40295854200667,,173.3937410829967,173.40295854200667,174.3936640000029,174.3936640000029,174.3936640000029,174.3936640000029,174.4014808750071,175.39291279199824,175.39291279199824,175.70304316699912,c,1,0.29947087400068995,None,,,,,parti4,001,2025-10-02_16h18.12.645,MotorSequenceLearning_NupurShah,,2025.1.1,119.47175659205593,2025-10-02 16h18.27.148750 +0530,
-150,z,67,3,16,z,1,0.32814291599788703,None,16,3,67,3,,,,,175.71360841700516,,175.7036592499935,175.71360841700516,176.700965541997,176.700965541997,176.700965541997,176.700965541997,176.7085774169973,177.70142225000018,177.70142225000018,178.03613641699485,z,1,0.32814291599788703,None,,,,,parti4,001,2025-10-02_16h18.12.645,MotorSequenceLearning_NupurShah,,2025.1.1,119.47175659205593,2025-10-02 16h18.27.148750 +0530,
-50,x,68,0,17,x,1,0.31275704099971335,None,17,0,68,0,,,,,178.0454417919973,,178.03663491700718,178.0454417919973,179.03433191700606,179.03433191700606,179.03433191700606,179.03433191700606,179.0420052499976,180.03476083300484,180.03476083300484,180.35282066700165,x,1,0.31275704099971335,None,,,,,parti4,001,2025-10-02_16h18.12.645,MotorSequenceLearning_NupurShah,,2025.1.1,119.47175659205593,2025-10-02 16h18.27.148750 +0530,
150,v,69,1,17,v,1,0.43331066600512713,None,17,1,69,1,,,,,180.36187183299626,,180.35329654200177,180.36187183299626,181.35165587499796,181.35165587499796,181.35165587499796,181.35165587499796,181.35905774999992,182.35105300000578,182.35105300000578,182.78646312499768,v,1,0.43331066600512713,None,,,,,parti4,001,2025-10-02_16h18.12.645,MotorSequenceLearning_NupurShah,,2025.1.1,119.47175659205593,2025-10-02 16h18.27.148750 +0530,
50,c,70,2,17,c,1,1.307364291002159,None,17,2,70,2,,,,,182.79671116700047,,182.78704737499356,182.79671116700047,183.78443829200114,183.78443829200114,183.78443829200114,183.78443829200114,183.7928290830023,184.78491345800285,184.78491345800285,186.10329354199348,c,1,1.307364291002159,None,,,,,parti4,001,2025-10-02_16h18.12.645,MotorSequenceLearning_NupurShah,,2025.1.1,119.47175659205593,2025-10-02 16h18.27.148750 +0530,
-150,z,71,3,17,z,1,0.3186337490042206,None,17,3,71,3,,,,,186.11386966699501,,186.10392745799618,186.11386966699501,187.10178941700724,187.10178941700724,187.10178941700724,187.10178941700724,187.10934337500657,188.1015449580009,188.1015449580009,188.4269215420063,z,1,0.3186337490042206,None,,,,,parti4,001,2025-10-02_16h18.12.645,MotorSequenceLearning_NupurShah,,2025.1.1,119.47175659205593,2025-10-02 16h18.27.148750 +0530,
-50,x,72,0,18,x,1,0.5557622490014182,None,18,0,72,0,,,,,188.43699570800527,,188.42744795800536,188.43699570800527,189.42740779199812,189.42740779199812,189.42740779199812,189.42740779199812,189.43546750000678,190.42363200000545,190.42363200000545,190.98622770799557,x,1,0.5557622490014182,None,,,,,parti4,001,2025-10-02_16h18.12.645,MotorSequenceLearning_NupurShah,,2025.1.1,119.47175659205593,2025-10-02 16h18.27.148750 +0530,
150,v,73,1,18,v,1,0.3597447909996845,None,18,1,73,1,,,,,190.99593108300178,,190.98674470800324,190.99593108300178,191.98452470799384,191.98452470799384,191.98452470799384,191.98452470799384,191.9922443329997,192.9844442080066,192.9844442080066,193.35328900000604,v,1,0.3597447909996845,None,,,,,parti4,001,2025-10-02_16h18.12.645,MotorSequenceLearning_NupurShah,,2025.1.1,119.47175659205593,2025-10-02 16h18.27.148750 +0530,
50,c,74,2,18,c,1,0.30048624900518917,None,18,2,74,2,,,,,193.36359841699596,,193.3540170829947,193.36359841699596,194.35113137500593,194.35113137500593,194.35113137500593,194.35113137500593,194.35875366699474,195.35163929199916,195.35163929199916,195.66072874999372,c,1,0.30048624900518917,None,,,,,parti4,001,2025-10-02_16h18.12.645,MotorSequenceLearning_NupurShah,,2025.1.1,119.47175659205593,2025-10-02 16h18.27.148750 +0530,
-150,z,75,3,18,z,1,0.3318323740095366,None,18,3,75,3,,,,,195.6710152500018,,195.66122137500497,195.6710152500018,196.6608697920019,196.6608697920019,196.6608697920019,196.6608697920019,196.66887612499704,197.66036083300423,197.66036083300423,198.00326504200348,z,1,0.3318323740095366,None,,,,,parti4,001,2025-10-02_16h18.12.645,MotorSequenceLearning_NupurShah,,2025.1.1,119.47175659205593,2025-10-02 16h18.27.148750 +0530,
-50,x,76,0,19,x,1,0.5040408329950878,None,19,0,76,0,,,,,198.01336358299886,,198.0038794580032,198.01336358299886,199.00195595799596,199.00195595799596,199.00195595799596,199.00195595799596,199.00957254199602,200.00119045800238,200.00119045800238,200.50975470800768,x,1,0.5040408329950878,None,,,,,parti4,001,2025-10-02_16h18.12.645,MotorSequenceLearning_NupurShah,,2025.1.1,119.47175659205593,2025-10-02 16h18.27.148750 +0530,
150,v,77,1,19,v,1,0.49536420800723135,None,19,1,77,1,,,,,200.51964412500092,,200.5102448329999,200.51964412500092,201.50128812500043,201.50128812500043,201.50128812500043,201.50128812500043,201.5180126250052,202.5018100830057,202.5018100830057,203.00331183300295,v,1,0.49536420800723135,None,,,,,parti4,001,2025-10-02_16h18.12.645,MotorSequenceLearning_NupurShah,,2025.1.1,119.47175659205593,2025-10-02 16h18.27.148750 +0530,
50,c,78,2,19,c,1,0.7439530410047155,None,19,2,78,2,,,,,203.01369237499603,,203.0039487920003,203.01369237499603,204.00190470799862,204.00190470799862,204.00190470799862,204.00190470799862,204.00960112499888,205.00120904200594,205.00120904200594,205.75270883299527,c,1,0.7439530410047155,None,,,,,parti4,001,2025-10-02_16h18.12.645,MotorSequenceLearning_NupurShah,,2025.1.1,119.47175659205593,2025-10-02 16h18.27.148750 +0530,
-150,z,79,3,19,z,1,0.6068394989997614,None,19,3,79,3,,,,,205.76164220800274,,205.75309716700576,205.76164220800274,206.74349245800113,206.74349245800113,206.74349245800113,206.74349245800113,206.7590853330039,207.7512707499991,207.7512707499991,208.36198012500245,z,1,0.6068394989997614,None,,,,,parti4,001,2025-10-02_16h18.12.645,MotorSequenceLearning_NupurShah,,2025.1.1,119.47175659205593,2025-10-02 16h18.27.148750 +0530,
-50,x,80,0,20,x,1,0.6891282909928123,None,20,0,80,0,,,,,208.37233187499805,,208.3625258749962,208.37233187499805,209.36219324999547,209.36219324999547,209.36219324999547,209.36219324999547,209.37046929200005,210.3599602500035,210.3599602500035,211.05307508300757,x,1,0.6891282909928123,None,,,,,parti4,001,2025-10-02_16h18.12.645,MotorSequenceLearning_NupurShah,,2025.1.1,119.47175659205593,2025-10-02 16h18.27.148750 +0530,
150,v,81,1,20,v,1,0.2938576659944374,None,20,1,81,1,,,,,211.06322275000275,,211.0535848330037,211.06322275000275,212.0518364580057,212.0518364580057,212.0518364580057,212.0518364580057,212.05956141700153,213.05133637500694,213.05133637500694,213.35341179200623,v,1,0.2938576659944374,None,,,,,parti4,001,2025-10-02_16h18.12.645,MotorSequenceLearning_NupurShah,,2025.1.1,119.47175659205593,2025-10-02 16h18.27.148750 +0530,
50,c,82,2,20,c,1,0.4531389159965329,None,20,2,82,2,,,,,213.36367554200115,,213.35399316699477,213.36367554200115,214.35217787500005,214.35217787500005,214.35217787500005,214.35217787500005,214.3601187919994,215.35188020800706,215.35188020800706,215.81065491700429,c,1,0.4531389159965329,None,,,,,parti4,001,2025-10-02_16h18.12.645,MotorSequenceLearning_NupurShah,,2025.1.1,119.47175659205593,2025-10-02 16h18.27.148750 +0530,
-150,z,83,3,20,z,1,0.44695124999270774,None,20,3,83,3,,,,,215.83536741700664,,215.81115608300024,215.83536741700664,216.8111825829983,216.8111825829983,216.8111825829983,216.8111825829983,216.82701762499346,217.81012579200615,217.81012579200615,218.26075845799642,z,1,0.44695124999270774,None,,,,,parti4,001,2025-10-02_16h18.12.645,MotorSequenceLearning_NupurShah,,2025.1.1,119.47175659205593,2025-10-02 16h18.27.148750 +0530,
-50,x,84,0,21,x,1,0.3072193330008304,None,21,0,84,0,,,,,218.2704803749948,,218.26125229199533,218.2704803749948,219.26143699999375,219.26143699999375,219.26143699999375,219.26143699999375,219.26995733300282,220.25980241700017,220.25980241700017,220.5701919580024,x,1,0.3072193330008304,None,,,,,parti4,001,2025-10-02_16h18.12.645,MotorSequenceLearning_NupurShah,,2025.1.1,119.47175659205593,2025-10-02 16h18.27.148750 +0530,
150,v,85,1,21,v,1,0.32949833299790043,None,21,1,85,1,,,,,220.5808497919934,,220.5707740420039,220.5808497919934,221.5687883329956,221.5687883329956,221.5687883329956,221.5687883329956,221.57693120799377,222.56864866700198,222.56864866700198,222.90344995800115,v,1,0.32949833299790043,None,,,,,parti4,001,2025-10-02_16h18.12.645,MotorSequenceLearning_NupurShah,,2025.1.1,119.47175659205593,2025-10-02 16h18.27.148750 +0530,
50,c,86,2,21,c,1,0.2983851239987416,None,21,2,86,2,,,,,222.91368570800114,,222.90401595800358,222.91368570800114,223.90149079200637,223.90149079200637,223.90149079200637,223.90149079200637,223.90891083299357,224.90155066699663,224.90155066699663,225.20343245800177,c,1,0.2983851239987416,None,,,,,parti4,001,2025-10-02_16h18.12.645,MotorSequenceLearning_NupurShah,,2025.1.1,119.47175659205593,2025-10-02 16h18.27.148750 +0530,
-150,z,87,3,21,z,1,0.4682966660038801,None,21,3,87,3,,,,,225.21359070799372,,225.20401883299928,225.21359070799372,226.2014655420062,226.2014655420062,226.2014655420062,226.2014655420062,226.20908766699722,227.2014928330027,227.2014928330027,227.67796287499368,z,1,0.4682966660038801,None,,,,,parti4,001,2025-10-02_16h18.12.645,MotorSequenceLearning_NupurShah,,2025.1.1,119.47175659205593,2025-10-02 16h18.27.148750 +0530,
-50,x,88,0,22,x,1,0.6421967909991508,None,22,0,88,0,,,,,227.68807058299717,,227.67846033300157,227.68807058299717,228.67746150000312,228.67746150000312,228.67746150000312,228.67746150000312,228.6854275000078,229.67680529199424,229.67680529199424,230.32700241700513,x,1,0.6421967909991508,None,,,,,parti4,001,2025-10-02_16h18.12.645,MotorSequenceLearning_NupurShah,,2025.1.1,119.47175659205593,2025-10-02 16h18.27.148750 +0530,
150,v,89,1,22,v,1,0.34322349999274593,None,22,1,89,1,,,,,230.33743520799908,,230.327516749996,230.33743520799908,231.3275857080007,231.3275857080007,231.3275857080007,231.3275857080007,231.3350816250022,232.3275952499971,232.3275952499971,232.67749050000566,v,1,0.34322349999274593,None,,,,,parti4,001,2025-10-02_16h18.12.645,MotorSequenceLearning_NupurShah,,2025.1.1,119.47175659205593,2025-10-02 16h18.27.148750 +0530,
50,c,90,2,22,c,1,0.3354069159977371,None,22,2,90,2,,,,,232.70232275000308,,232.67796729199472,232.70232275000308,233.67810616700444,233.67810616700444,233.67810616700444,233.67810616700444,233.69361866700638,234.67657199999667,234.67657199999667,235.02058058300463,c,1,0.3354069159977371,None,,,,,parti4,001,2025-10-02_16h18.12.645,MotorSequenceLearning_NupurShah,,2025.1.1,119.47175659205593,2025-10-02 16h18.27.148750 +0530,
-150,z,91,3,22,z,1,0.4094010409899056,None,22,3,91,3,,,,,235.0309520419978,,235.02126291699824,235.0309520419978,236.01835450000362,236.01835450000362,236.01835450000362,236.01835450000362,236.0260936669947,237.01827458299522,237.01827458299522,237.4366742919956,z,1,0.4094010409899056,None,,,,,parti4,001,2025-10-02_16h18.12.645,MotorSequenceLearning_NupurShah,,2025.1.1,119.47175659205593,2025-10-02 16h18.27.148750 +0530,
-50,x,92,0,23,x,1,0.2866975829965668,None,23,0,92,0,,,,,237.4461593330052,,237.43716137499723,237.4461593330052,238.427921333001,238.427921333001,238.427921333001,238.427921333001,238.4437280419952,239.43509025000094,239.43509025000094,239.72715874999994,x,1,0.2866975829965668,None,,,,,parti4,001,2025-10-02_16h18.12.645,MotorSequenceLearning_NupurShah,,2025.1.1,119.47175659205593,2025-10-02 16h18.27.148750 +0530,
150,v,93,1,23,v,1,0.6843238319997909,None,23,1,93,1,,,,,239.73715254200215,,239.7276406250021,239.73715254200215,240.7202634580026,240.7202634580026,240.7202634580026,240.7202634580026,240.7272824170068,241.71838474999822,241.71838474999822,242.41113691699866,v,1,0.6843238319997909,None,,,,,parti4,001,2025-10-02_16h18.12.645,MotorSequenceLearning_NupurShah,,2025.1.1,119.47175659205593,2025-10-02 16h18.27.148750 +0530,
50,c,94,2,23,c,1,0.4038459999865154,None,23,2,94,2,,,,,242.42098645800434,,242.41164345800644,242.42098645800434,243.41160979200504,243.41160979200504,243.41160979200504,243.41160979200504,243.41959504199622,244.41094479200547,244.41094479200547,244.82075891700515,c,1,0.4038459999865154,None,,,,,parti4,001,2025-10-02_16h18.12.645,MotorSequenceLearning_NupurShah,,2025.1.1,119.47175659205593,2025-10-02 16h18.27.148750 +0530,
-150,z,95,3,23,z,1,0.9136371659988072,None,23,3,95,3,,,,,244.8314474170038,,244.8214415830007,244.8314474170038,245.81845274999796,245.81845274999796,245.81845274999796,245.81845274999796,245.82661324999935,246.8192175830045,246.8192175830045,247.73694175000128,z,1,0.9136371659988072,None,,,,,parti4,001,2025-10-02_16h18.12.645,MotorSequenceLearning_NupurShah,,2025.1.1,119.47175659205593,2025-10-02 16h18.27.148750 +0530,
-50,x,96,0,24,x,1,0.42869583299034275,None,24,0,96,0,,,,,247.74672208300035,,247.73743770799774,247.74672208300035,248.73531491699396,248.73531491699396,248.73531491699396,248.73531491699396,248.74349274999986,249.73516125000606,249.73516125000606,250.17006579200097,x,1,0.42869583299034275,None,,,,,parti4,001,2025-10-02_16h18.12.645,MotorSequenceLearning_NupurShah,,2025.1.1,119.47175659205593,2025-10-02 16h18.27.148750 +0530,
150,v,97,1,24,v,1,0.8237162489967886,None,24,1,97,1,,,,,250.17729216700536,,250.17062566700042,250.17729216700536,251.16145666700322,251.16145666700322,251.16145666700322,251.16145666700322,251.169497416995,252.168983208001,252.168983208001,253.0037833749957,v,1,0.8237162489967886,None,,,,,parti4,001,2025-10-02_16h18.12.645,MotorSequenceLearning_NupurShah,,2025.1.1,119.47175659205593,2025-10-02 16h18.27.148750 +0530,
50,c,98,2,24,c,1,0.907312915995135,None,24,2,98,2,,,,,253.0131148750079,,253.00428133300738,253.0131148750079,254.00252754200483,254.00252754200483,254.00252754200483,254.00252754200483,254.01031495799543,255.00238720800553,255.00238720800553,255.91134504199727,c,1,0.907312915995135,None,,,,,parti4,001,2025-10-02_16h18.12.645,MotorSequenceLearning_NupurShah,,2025.1.1,119.47175659205593,2025-10-02 16h18.27.148750 +0530,
-150,z,99,3,24,z,1,0.6044637080049142,None,24,3,99,3,,,,,255.93600629200228,,255.91183637500217,255.93600629200228,256.9113943330012,256.9113943330012,256.9113943330012,256.9113943330012,256.9272200830019,257.91032337500656,257.91032337500656,258.5207558330003,z,1,0.6044637080049142,None,,,,,parti4,001,2025-10-02_16h18.12.645,MotorSequenceLearning_NupurShah,,2025.1.1,119.47175659205593,2025-10-02 16h18.27.148750 +0530,
-50,x,100,0,25,x,1,0.565497832998517,None,25,0,100,0,,,,,258.5312128749938,,258.5213481249957,258.5312128749938,259.51868191700487,259.51868191700487,259.51868191700487,259.51868191700487,259.5262920420064,260.5191395830043,260.5191395830043,261.0879692919989,x,1,0.565497832998517,None,,,,,parti4,001,2025-10-02_16h18.12.645,MotorSequenceLearning_NupurShah,,2025.1.1,119.47175659205593,2025-10-02 16h18.27.148750 +0530,
150,v,101,1,25,v,1,0.33684920700034127,None,25,1,101,1,,,,,261.09795433300314,,261.08865291699476,261.09795433300314,262.0854061669961,262.0854061669961,262.0854061669961,262.0854061669961,262.09310125000775,263.0857632919942,263.0857632919942,263.4282548750052,v,1,0.33684920700034127,None,,,,,parti4,001,2025-10-02_16h18.12.645,MotorSequenceLearning_NupurShah,,2025.1.1,119.47175659205593,2025-10-02 16h18.27.148750 +0530,
50,c,102,2,25,c,1,0.5533207080006832,None,25,2,102,2,,,,,263.4527978749975,,263.4287304169993,263.4527978749975,264.4281879170012,264.4281879170012,264.4281879170012,264.4281879170012,264.44386583300366,265.42740383300406,265.42740383300406,265.9871235419996,c,1,0.5533207080006832,None,,,,,parti4,001,2025-10-02_16h18.12.645,MotorSequenceLearning_NupurShah,,2025.1.1,119.47175659205593,2025-10-02 16h18.27.148750 +0530,
-150,z,103,3,25,z,1,0.3982530829962343,None,25,3,103,3,,,,,265.9968682920007,,265.98763158300426,265.9968682920007,266.9783699170075,266.9783699170075,266.9783699170075,266.9783699170075,266.9940567500016,267.98531304199423,267.98531304199423,268.3873386250052,z,1,0.3982530829962343,None,,,,,parti4,001,2025-10-02_16h18.12.645,MotorSequenceLearning_NupurShah,,2025.1.1,119.47175659205593,2025-10-02 16h18.27.148750 +0530,
-50,x,104,0,26,x,1,0.39826533300220035,None,26,0,104,0,,,,,268.39791216699814,,268.3878954170068,268.39791216699814,269.3854443750024,269.3854443750024,269.3854443750024,269.3854443750024,269.3931854580005,270.3853875420027,270.3853875420027,270.7873189999955,x,1,0.39826533300220035,None,,,,,parti4,001,2025-10-02_16h18.12.645,MotorSequenceLearning_NupurShah,,2025.1.1,119.47175659205593,2025-10-02 16h18.27.148750 +0530,
150,v,105,1,26,v,1,0.3935848330002045,None,26,1,105,1,,,,,270.79669862499577,,270.7877987079992,270.79669862499577,271.78614666700014,271.78614666700014,271.78614666700014,271.78614666700014,271.79387612499704,272.7859425420029,272.7859425420029,273.18742683299934,v,1,0.3935848330002045,None,,,,,parti4,001,2025-10-02_16h18.12.645,MotorSequenceLearning_NupurShah,,2025.1.1,119.47175659205593,2025-10-02 16h18.27.148750 +0530,
50,c,106,2,26,c,1,0.3305578739964403,None,26,2,106,2,,,,,273.1976641670044,,273.1879783330078,273.1976641670044,274.18597595799656,274.18597595799656,274.18597595799656,274.18597595799656,274.1932630420051,275.1859528329951,275.1859528329951,275.5207522080018,c,1,0.3305578739964403,None,,,,,parti4,001,2025-10-02_16h18.12.645,MotorSequenceLearning_NupurShah,,2025.1.1,119.47175659205593,2025-10-02 16h18.27.148750 +0530,
-150,z,107,3,26,z,1,0.5332120410021162,None,26,3,107,3,,,,,275.5314481670066,,275.5213544169965,275.5314481670066,276.5188759580051,276.5188759580051,276.5188759580051,276.5188759580051,276.5265762920026,277.5193794579973,277.5193794579973,278.0613330829947,z,1,0.5332120410021162,None,,,,,parti4,001,2025-10-02_16h18.12.645,MotorSequenceLearning_NupurShah,,2025.1.1,119.47175659205593,2025-10-02 16h18.27.148750 +0530,
-50,x,108,0,27,x,1,0.3729663740086835,None,27,0,108,0,,,,,278.0714265419956,,278.0618492920039,278.0714265419956,279.0616761249985,279.0616761249985,279.0616761249985,279.0616761249985,279.06985045800684,280.0606478749978,280.0606478749978,280.4373891669966,x,1,0.3729663740086835,None,,,,,parti4,001,2025-10-02_16h18.12.645,MotorSequenceLearning_NupurShah,,2025.1.1,119.47175659205593,2025-10-02 16h18.27.148750 +0530,
150,v,109,1,27,v,1,1.2730170819995692,None,27,1,109,1,,,,,280.4464865829941,,280.437885249994,280.4464865829941,281.4355282080069,281.4355282080069,281.4355282080069,281.4355282080069,281.4431212920026,282.43555829199613,282.43555829199613,283.7112400000042,v,1,1.2730170819995692,None,,,,,parti4,001,2025-10-02_16h18.12.645,MotorSequenceLearning_NupurShah,,2025.1.1,119.47175659205593,2025-10-02 16h18.27.148750 +0530,
50,c,110,2,27,c,1,0.3844942069990793,None,27,2,110,2,,,,,283.7360763330071,,283.71182808300364,283.7360763330071,284.7114672500029,284.7114672500029,284.7114672500029,284.7114672500029,284.727092000001,285.71085979200143,285.71085979200143,286.10441320799873,c,1,0.3844942069990793,None,,,,,parti4,001,2025-10-02_16h18.12.645,MotorSequenceLearning_NupurShah,,2025.1.1,119.47175659205593,2025-10-02 16h18.27.148750 +0530,
-150,z,111,3,27,z,1,0.3175123330001952,None,27,3,111,3,,,,,286.1144677919947,,286.10504129200126,286.1144677919947,287.10224708300666,287.10224708300666,287.10224708300666,287.10224708300666,287.11012949999713,288.1027989580034,288.1027989580034,288.4275164580031,z,1,0.3175123330001952,None,,,,,parti4,001,2025-10-02_16h18.12.645,MotorSequenceLearning_NupurShah,,2025.1.1,119.47175659205593,2025-10-02 16h18.27.148750 +0530,
-50,x,112,0,28,x,1,0.30937662500946317,None,28,0,112,0,,,,,288.43715212499956,,288.42800425000314,288.43715212499956,289.4190062919952,289.4190062919952,289.4190062919952,289.4190062919952,289.4356028330076,290.4189794999984,290.4189794999984,290.73752758299815,x,1,0.30937662500946317,None,,,,,parti4,001,2025-10-02_16h18.12.645,MotorSequenceLearning_NupurShah,,2025.1.1,119.47175659205593,2025-10-02 16h18.27.148750 +0530,
150,v,113,1,28,v,1,1.2398715829913272,None,28,1,113,1,,,,,290.7468994170049,,290.7380105420016,290.7468994170049,291.7362575419975,291.7362575419975,291.7362575419975,291.7362575419975,291.7444590829982,292.73647954199987,292.73647954199987,293.97771950000606,v,1,1.2398715829913272,None,,,,,parti4,001,2025-10-02_16h18.12.645,MotorSequenceLearning_NupurShah,,2025.1.1,119.47175659205593,2025-10-02 16h18.27.148750 +0530,
50,c,114,2,28,c,1,0.7557752080028877,None,28,2,114,2,,,,,293.98768045799807,,293.9782038330013,293.98768045799807,294.96908016700763,294.96908016700763,294.96908016700763,294.96908016700763,294.9862259579968,295.97766004200093,295.97766004200093,296.7377192499989,c,1,0.7557752080028877,None,,,,,parti4,001,2025-10-02_16h18.12.645,MotorSequenceLearning_NupurShah,,2025.1.1,119.47175659205593,2025-10-02 16h18.27.148750 +0530,
-150,z,115,3,28,z,1,0.9440213320049224,None,28,3,115,3,,,,,296.7481281250075,,296.73826637500315,296.7481281250075,297.73574679199373,297.73574679199373,297.73574679199373,297.73574679199373,297.7432206670055,298.7364438749937,298.7364438749937,299.68779354200524,z,1,0.9440213320049224,None,,,,,parti4,001,2025-10-02_16h18.12.645,MotorSequenceLearning_NupurShah,,2025.1.1,119.47175659205593,2025-10-02 16h18.27.148750 +0530,
-50,x,116,0,29,x,1,0.71101399899635,None,29,0,116,0,,,,,299.6969674169959,,299.68820954200055,299.6969674169959,300.68584466699394,300.68584466699394,300.68584466699394,300.68584466699394,300.69368887500605,301.686288041994,301.686288041994,302.40403087499726,x,1,0.71101399899635,None,,,,,parti4,001,2025-10-02_16h18.12.645,MotorSequenceLearning_NupurShah,,2025.1.1,119.47175659205593,2025-10-02 16h18.27.148750 +0530,
150,v,117,1,29,v,1,0.3231392910092836,None,29,1,117,1,,,,,302.4140688750049,,302.40451950000715,302.4140688750049,303.3954112079955,303.3954112079955,303.3954112079955,303.3954112079955,303.4110748749954,304.3941102499957,304.3941102499957,304.7208678330062,v,1,0.3231392910092836,None,,,,,parti4,001,2025-10-02_16h18.12.645,MotorSequenceLearning_NupurShah,,2025.1.1,119.47175659205593,2025-10-02 16h18.27.148750 +0530,
50,c,118,2,29,c,1,0.2744980819988996,None,29,2,118,2,,,,,304.73064512500423,,304.72136470800615,304.73064512500423,305.7193072079972,305.7193072079972,305.7193072079972,305.7193072079972,305.72739129200636,306.7196971670055,306.7196971670055,307.00447429199994,c,1,0.2744980819988996,None,,,,,parti4,001,2025-10-02_16h18.12.645,MotorSequenceLearning_NupurShah,,2025.1.1,119.47175659205593,2025-10-02 16h18.27.148750 +0530,
-150,z,119,3,29,z,1,0.3358170819992665,None,29,3,119,3,,,,,307.01448629199876,,307.0050339580048,307.01448629199876,308.0025730829948,308.0025730829948,308.0025730829948,308.0025730829948,308.0103599580034,309.00334137500613,309.00334137500613,309.34525358300016,z,1,0.3358170819992665,None,,,,,parti4,001,2025-10-02_16h18.12.645,MotorSequenceLearning_NupurShah,,2025.1.1,119.47175659205593,2025-10-02 16h18.27.148750 +0530,
-50,x,120,0,30,x,1,0.6848634160123765,None,30,0,120,0,,,,,309.3550026669982,,309.345757957999,309.3550026669982,310.3453926670045,310.3453926670045,310.3453926670045,310.3453926670045,310.3536083329964,311.3443188749952,311.3443188749952,312.0378142499976,x,1,0.6848634160123765,None,,,,,parti4,001,2025-10-02_16h18.12.645,MotorSequenceLearning_NupurShah,,2025.1.1,119.47175659205593,2025-10-02 16h18.27.148750 +0530,
150,v,121,1,30,v,1,0.4393330830062041,None,30,1,121,1,,,,,312.0474208749947,,312.0383032499958,312.0474208749947,313.036515957996,313.036515957996,313.036515957996,313.036515957996,313.04420708300313,314.03587854199577,314.03587854199577,314.4778881670063,v,1,0.4393330830062041,None,,,,,parti4,001,2025-10-02_16h18.12.645,MotorSequenceLearning_NupurShah,,2025.1.1,119.47175659205593,2025-10-02 16h18.27.148750 +0530,
50,c,122,2,30,c,1,0.27855470799840987,None,30,2,122,2,,,,,314.48790104199725,,314.478369000004,314.48790104199725,315.4707485830004,315.4707485830004,315.4707485830004,315.4707485830004,315.47840045799967,316.46974379199673,316.46974379199673,316.7544012500002,c,1,0.27855470799840987,None,,,,,parti4,001,2025-10-02_16h18.12.645,MotorSequenceLearning_NupurShah,,2025.1.1,119.47175659205593,2025-10-02 16h18.27.148750 +0530,
-150,z,123,3,30,z,1,1.7740177490049973,None,30,3,123,3,,,,,316.7641242920072,,316.75491195800714,316.7641242920072,317.7527624170034,317.7527624170034,317.7527624170034,317.7527624170034,317.7607629580016,318.7531597079942,318.7531597079942,320.5379065830057,z,1,1.7740177490049973,None,,,,,parti4,001,2025-10-02_16h18.12.645,MotorSequenceLearning_NupurShah,,2025.1.1,119.47175659205593,2025-10-02 16h18.27.148750 +0530,
-50,x,124,0,31,x,1,0.40013116599584464,None,31,0,124,0,,,,,320.547484833005,,320.53839783300646,320.547484833005,321.535964833005,321.535964833005,321.535964833005,321.535964833005,321.5433101249946,322.5359884579957,322.5359884579957,322.93749541700527,x,1,0.40013116599584464,None,,,,,parti4,001,2025-10-02_16h18.12.645,MotorSequenceLearning_NupurShah,,2025.1.1,119.47175659205593,2025-10-02 16h18.27.148750 +0530,
150,v,125,1,31,v,1,1.4693820829998003,None,31,1,125,1,,,,,322.9440987919952,,322.93796391700744,322.9440987919952,323.92812091700034,323.92812091700034,323.92812091700034,323.92812091700034,323.9361500829982,324.92872825000086,324.92872825000086,326.4045679580013,v,1,1.4693820829998003,None,,,,,parti4,001,2025-10-02_16h18.12.645,MotorSequenceLearning_NupurShah,,2025.1.1,119.47175659205593,2025-10-02 16h18.27.148750 +0530,
50,c,126,2,31,c,1,1.2193525409966242,None,31,2,126,2,,,,,326.4150867499993,,326.4051707920007,326.4150867499993,327.4028005,327.4028005,327.4028005,327.4028005,327.4103455000004,328.40275054199446,328.40275054199446,329.6284933749994,c,1,1.2193525409966242,None,,,,,parti4,001,2025-10-02_16h18.12.645,MotorSequenceLearning_NupurShah,,2025.1.1,119.47175659205593,2025-10-02 16h18.27.148750 +0530,
-150,z,127,3,31,z,1,1.025935166006093,None,31,3,127,3,,,,,329.6535251669993,,329.6290980000049,329.6535251669993,330.6289205829962,330.6289205829962,330.6289205829962,330.6289205829962,330.64445058300043,331.628053249995,331.628053249995,332.6623993749963,z,1,1.025935166006093,None,,,,,parti4,001,2025-10-02_16h18.12.645,MotorSequenceLearning_NupurShah,,2025.1.1,119.47175659205593,2025-10-02 16h18.27.148750 +0530,
-50,x,128,0,32,x,1,0.8425028320052661,None,32,0,128,0,,,,,332.6722516250011,,332.6629135830008,332.6722516250011,333.66220316699764,333.66220316699764,333.66220316699764,333.66220316699764,333.670046291998,334.66138416700414,334.66138416700414,335.5099562079995,x,1,0.8425028320052661,None,,,,,parti4,001,2025-10-02_16h18.12.645,MotorSequenceLearning_NupurShah,,2025.1.1,119.47175659205593,2025-10-02 16h18.27.148750 +0530,
150,v,129,1,32,v,1,1.1361860829929356,None,32,1,129,1,,,,,335.52038437500596,,335.5104846250033,335.52038437500596,336.50356199999806,336.50356199999806,336.50356199999806,336.50356199999806,336.51193766700453,337.5028275000077,337.5028275000077,338.64487208299397,v,1,1.1361860829929356,None,,,,,parti4,001,2025-10-02_16h18.12.645,MotorSequenceLearning_NupurShah,,2025.1.1,119.47175659205593,2025-10-02 16h18.27.148750 +0530,
50,c,130,2,32,c,1,0.9990914579975652,None,32,2,130,2,,,,,338.6551450830011,,338.6453623749985,338.6551450830011,339.64564929199696,339.64564929199696,339.64564929199696,339.64564929199696,339.65351679199375,340.63683508300164,340.63683508300164,341.6383866670076,c,1,0.9990914579975652,None,,,,,parti4,001,2025-10-02_16h18.12.645,MotorSequenceLearning_NupurShah,,2025.1.1,119.47175659205593,2025-10-02 16h18.27.148750 +0530,
-150,z,131,3,32,z,1,2.391700499007129,None,32,3,131,3,,,,,341.6488994579995,,341.63898429200344,341.6488994579995,342.63629541700357,342.63629541700357,342.63629541700357,342.63629541700357,342.6439669579995,343.63674758300476,343.63674758300476,346.0381749579974,z,1,2.391700499007129,None,,,,,parti4,001,2025-10-02_16h18.12.645,MotorSequenceLearning_NupurShah,,2025.1.1,119.47175659205593,2025-10-02 16h18.27.148750 +0530,
-50,x,132,0,33,x,1,4.995856331996038,None,33,0,132,0,,,,,346.04748787499557,,346.0386671669985,346.04748787499557,347.0370575419947,347.0370575419947,347.0370575419947,347.0370575419947,347.04465629199694,348.0368109999981,348.0368109999981,353.0381918329949,x,1,4.995856331996038,None,,,,,parti4,001,2025-10-02_16h18.12.645,MotorSequenceLearning_NupurShah,,2025.1.1,119.47175659205593,2025-10-02 16h18.27.148750 +0530,
150,v,133,1,33,v,1,1.2481483750016196,None,33,1,133,1,,,,,353.0474782920064,,353.0386877080018,353.0474782920064,354.0364084169996,354.0364084169996,354.0364084169996,354.0364084169996,354.04379629199684,355.0363826670073,355.0363826670073,356.2884840420011,v,1,1.2481483750016196,None,,,,,parti4,001,2025-10-02_16h18.12.645,MotorSequenceLearning_NupurShah,,2025.1.1,119.47175659205593,2025-10-02 16h18.27.148750 +0530,
50,c,134,2,33,c,1,1.031080082000699,None,33,2,134,2,,,,,356.29869729200436,,356.2890258749976,356.29869729200436,357.28649112500716,357.28649112500716,357.28649112500716,357.28649112500716,357.29420045799634,358.2864969170041,358.2864969170041,359.32158725000045,c,1,1.031080082000699,None,,,,,parti4,001,2025-10-02_16h18.12.645,MotorSequenceLearning_NupurShah,,2025.1.1,119.47175659205593,2025-10-02 16h18.27.148750 +0530,
-150,z,135,3,33,z,1,1.329776206999668,None,33,3,135,3,,,,,359.3322181669937,,359.32216325000627,359.3322181669937,360.3198298329953,360.3198298329953,360.3198298329953,360.3198298329953,360.3275169169938,361.31974900000205,361.31974900000205,362.6547709169972,z,1,1.329776206999668,None,,,,,parti4,001,2025-10-02_16h18.12.645,MotorSequenceLearning_NupurShah,,2025.1.1,119.47175659205593,2025-10-02 16h18.27.148750 +0530,
-50,x,136,0,34,x,1,0.8343470410036389,None,34,0,136,0,,,,,362.6642137500021,,362.6552555829985,362.6642137500021,363.65375974999915,363.65375974999915,363.65375974999915,363.65375974999915,363.6615059169999,364.6459044999938,364.6459044999938,365.4876381250069,x,1,0.8343470410036389,None,,,,,parti4,001,2025-10-02_16h18.12.645,MotorSequenceLearning_NupurShah,,2025.1.1,119.47175659205593,2025-10-02 16h18.27.148750 +0530,
150,v,137,1,34,v,1,1.1432980410027085,None,34,1,137,1,,,,,365.49637745799555,,365.48801366699627,365.49637745799555,366.4785597919981,366.4785597919981,366.4785597919981,366.4785597919981,366.4937423749943,367.4781918749941,367.4781918749941,368.6288693329989,v,1,1.1432980410027085,None,,,,,parti4,001,2025-10-02_16h18.12.645,MotorSequenceLearning_NupurShah,,2025.1.1,119.47175659205593,2025-10-02 16h18.27.148750 +0530,
50,c,138,2,34,c,1,1.0846365409961436,None,34,2,138,2,,,,,368.6538310420001,,368.62945658300305,368.6538310420001,369.62909058299556,369.62909058299556,369.62909058299556,369.62909058299556,369.64419170799374,370.6286273750011,370.6286273750011,371.72198225000466,c,1,1.0846365409961436,None,,,,,parti4,001,2025-10-02_16h18.12.645,MotorSequenceLearning_NupurShah,,2025.1.1,119.47175659205593,2025-10-02 16h18.27.148750 +0530,
-150,z,139,3,34,z,1,1.1773629990057088,None,34,3,139,3,,,,,371.7318585830071,,371.7225257920072,371.7318585830071,372.7200198329956,372.7200198329956,372.7200198329956,372.7200198329956,372.727632042006,373.7199517919944,373.7199517919944,374.9053383749997,z,1,1.1773629990057088,None,,,,,parti4,001,2025-10-02_16h18.12.645,MotorSequenceLearning_NupurShah,,2025.1.1,119.47175659205593,2025-10-02 16h18.27.148750 +0530,
-50,x,140,0,35,x,1,0.893631416009157,None,35,0,140,0,,,,,374.9147171670047,,374.9058524169959,374.9147171670047,375.904170541995,375.904170541995,375.904170541995,375.904170541995,375.91183149999415,376.90383233300236,376.90383233300236,377.805326917005,x,1,0.893631416009157,None,,,,,parti4,001,2025-10-02_16h18.12.645,MotorSequenceLearning_NupurShah,,2025.1.1,119.47175659205593,2025-10-02 16h18.27.148750 +0530,
150,v,141,1,35,v,1,0.8673485000035726,None,35,1,141,1,,,,,377.8153568330017,,377.80585579200124,377.8153568330017,378.80339637500583,378.80339637500583,378.80339637500583,378.80339637500583,378.8110695829964,379.80404233299487,379.80404233299487,380.67884337500436,v,1,0.8673485000035726,None,,,,,parti4,001,2025-10-02_16h18.12.645,MotorSequenceLearning_NupurShah,,2025.1.1,119.47175659205593,2025-10-02 16h18.27.148750 +0530,
50,c,142,2,35,c,1,0.9866408739908366,None,35,2,142,2,,,,,380.6892318330065,,380.67936033300066,380.6892318330065,381.679386667005,381.679386667005,381.679386667005,381.679386667005,381.68730083300034,382.6706149579986,382.6706149579986,383.66203987499466,c,1,0.9866408739908366,None,,,,,parti4,001,2025-10-02_16h18.12.645,MotorSequenceLearning_NupurShah,,2025.1.1,119.47175659205593,2025-10-02 16h18.27.148750 +0530,
-150,z,143,3,35,z,1,0.8492461660061963,None,35,3,143,3,,,,,383.6724055829982,,383.6625269579963,383.6724055829982,384.66309570800513,384.66309570800513,384.66309570800513,384.66309570800513,384.6711833750014,385.6539863329963,385.6539863329963,386.5055109170062,z,1,0.8492461660061963,None,,,,,parti4,001,2025-10-02_16h18.12.645,MotorSequenceLearning_NupurShah,,2025.1.1,119.47175659205593,2025-10-02 16h18.27.148750 +0530,
-50,x,144,0,36,x,1,0.650262458002544,None,36,0,144,0,,,,,386.5158478749945,,386.50611383300566,386.5158478749945,387.5035045830009,387.5035045830009,387.5035045830009,387.5035045830009,387.5112214999972,388.50391041699913,388.50391041699913,389.1622838330077,x,1,0.650262458002544,None,,,,,parti4,001,2025-10-02_16h18.12.645,MotorSequenceLearning_NupurShah,,2025.1.1,119.47175659205593,2025-10-02 16h18.27.148750 +0530,
150,v,145,1,36,v,1,1.038699540993548,None,36,1,145,1,,,,,389.17243216700444,,389.16277229199477,389.17243216700444,390.1631067080016,390.1631067080016,390.1631067080016,390.1631067080016,390.17114212500746,391.1534819579974,391.1534819579974,392.1961032919935,v,1,1.038699540993548,None,,,,,parti4,001,2025-10-02_16h18.12.645,MotorSequenceLearning_NupurShah,,2025.1.1,119.47175659205593,2025-10-02 16h18.27.148750 +0530,
50,c,146,2,36,c,1,0.8631313320074696,None,36,2,146,2,,,,,392.22084062499925,,392.1965855419985,392.22084062499925,393.19598591700196,393.19598591700196,393.19598591700196,393.19598591700196,393.2115907499974,394.1951142500038,394.1951142500038,395.0629270829959,c,1,0.8631313320074696,None,,,,,parti4,001,2025-10-02_16h18.12.645,MotorSequenceLearning_NupurShah,,2025.1.1,119.47175659205593,2025-10-02 16h18.27.148750 +0530,
-150,z,147,3,36,z,1,0.9131405410007574,None,36,3,147,3,,,,,395.0730407499941,,395.0634500830056,395.0730407499941,396.0629150830064,396.0629150830064,396.0629150830064,396.0629150830064,396.07026799999585,397.06297295799595,397.06297295799595,397.97926408299827,z,1,0.9131405410007574,None,,,,,parti4,001,2025-10-02_16h18.12.645,MotorSequenceLearning_NupurShah,,2025.1.1,119.47175659205593,2025-10-02 16h18.27.148750 +0530,
-50,x,148,0,37,x,1,1.1004883330024313,None,37,0,148,0,,,,,398.0040904579946,,397.97987770799955,398.0040904579946,398.97962733299937,398.97962733299937,398.97962733299937,398.97962733299937,398.99510770800407,399.97965662500064,399.97965662500064,401.0889670000033,x,1,1.1004883330024313,None,,,,,parti4,001,2025-10-02_16h18.12.645,MotorSequenceLearning_NupurShah,,2025.1.1,119.47175659205593,2025-10-02 16h18.27.148750 +0530,
150,v,149,1,37,v,1,1.094656582994503,None,37,1,149,1,,,,,401.0988455829938,,401.0894735829934,401.0988455829938,402.0870424169989,402.0870424169989,402.0870424169989,402.0870424169989,402.09521533299994,403.0875025830028,403.0875025830028,404.18919099999766,v,1,1.094656582994503,None,,,,,parti4,001,2025-10-02_16h18.12.645,MotorSequenceLearning_NupurShah,,2025.1.1,119.47175659205593,2025-10-02 16h18.27.148750 +0530,
50,c,150,2,37,c,1,1.6925393330020597,None,37,2,150,2,,,,,404.1995983749948,,404.18990812500124,404.1995983749948,405.1876801250037,405.1876801250037,405.1876801250037,405.1876801250037,405.19452624999394,406.1874995420076,406.1874995420076,407.88832195800205,c,1,1.6925393330020597,None,,,,,parti4,001,2025-10-02_16h18.12.645,MotorSequenceLearning_NupurShah,,2025.1.1,119.47175659205593,2025-10-02 16h18.27.148750 +0530,
-150,z,151,3,37,z,1,0.8024832489900291,None,37,3,151,3,,,,,407.8980802080041,,407.8888342499995,407.8980802080041,408.87994262500433,408.87994262500433,408.87994262500433,408.87994262500433,408.89542454200273,409.8786579169973,409.8786579169973,410.68923058299697,z,1,0.8024832489900291,None,,,,,parti4,001,2025-10-02_16h18.12.645,MotorSequenceLearning_NupurShah,,2025.1.1,119.47175659205593,2025-10-02 16h18.27.148750 +0530,
-50,x,152,0,38,x,1,0.6794684999913443,None,38,0,152,0,,,,,410.69920912499947,,410.6898867919954,410.69920912499947,411.68714908299444,411.68714908299444,411.68714908299444,411.68714908299444,411.69475945799786,412.68766587499704,412.68766587499704,413.37227587499365,x,1,0.6794684999913443,None,,,,,parti4,001,2025-10-02_16h18.12.645,MotorSequenceLearning_NupurShah,,2025.1.1,119.47175659205593,2025-10-02 16h18.27.148750 +0530,
150,v,153,1,38,v,1,1.4838217490032548,None,38,1,153,1,,,,,413.3814955830021,,413.3727674999973,413.3814955830021,414.37097645799804,414.37097645799804,414.37097645799804,414.37097645799804,414.37870804200065,415.37096241700056,415.37096241700056,416.8632437079941,v,1,1.4838217490032548,None,,,,,parti4,001,2025-10-02_16h18.12.645,MotorSequenceLearning_NupurShah,,2025.1.1,119.47175659205593,2025-10-02 16h18.27.148750 +0530,
50,c,154,2,38,c,1,1.0028474160062615,None,38,2,154,2,,,,,416.887823750003,,416.863766208,416.887823750003,417.86319950000325,417.86319950000325,417.86319950000325,417.86319950000325,417.87841208299506,418.8632265000051,418.8632265000051,419.87240962499345,c,1,1.0028474160062615,None,,,,,parti4,001,2025-10-02_16h18.12.645,MotorSequenceLearning_NupurShah,,2025.1.1,119.47175659205593,2025-10-02 16h18.27.148750 +0530,
-150,z,155,3,38,z,1,1.002758457994787,None,38,3,155,3,,,,,419.88196812500246,,419.87290316699364,419.88196812500246,420.8710414579982,420.8710414579982,420.8710414579982,420.8710414579982,420.8784905000066,421.8711137079954,421.8711137079954,422.87957866699435,z,1,1.002758457994787,None,,,,,parti4,001,2025-10-02_16h18.12.645,MotorSequenceLearning_NupurShah,,2025.1.1,119.47175659205593,2025-10-02 16h18.27.148750 +0530,
-50,x,156,0,39,x,1,0.8299819990061224,None,39,0,156,0,,,,,422.8894297499937,,422.8800590000028,422.8894297499937,423.88020808300644,423.88020808300644,423.88020808300644,423.88020808300644,423.8882564170053,424.8799038330035,424.8799038330035,425.7130434580031,x,1,0.8299819990061224,None,,,,,parti4,001,2025-10-02_16h18.12.645,MotorSequenceLearning_NupurShah,,2025.1.1,119.47175659205593,2025-10-02 16h18.27.148750 +0530,
150,v,157,1,39,v,1,0.8287098330038134,None,39,1,157,1,,,,,425.73803999999654,,425.7135099169973,425.73803999999654,426.713419000007,426.713419000007,426.713419000007,426.713419000007,426.7284424170066,427.71324033300334,427.71324033300334,428.5458118749957,v,1,0.8287098330038134,None,,,,,parti4,001,2025-10-02_16h18.12.645,MotorSequenceLearning_NupurShah,,2025.1.1,119.47175659205593,2025-10-02 16h18.27.148750 +0530,
50,c,158,2,39,c,1,0.30190704099368304,None,39,2,158,2,,,,,428.5556166669994,,428.5463020419993,428.5556166669994,429.5470292920072,429.5470292920072,429.5470292920072,429.5470292920072,429.5470292920072,430.5377776670066,430.5377776670066,430.8443143330078,c,1,0.30190704099368304,None,,,,,parti4,001,2025-10-02_16h18.12.645,MotorSequenceLearning_NupurShah,,2025.1.1,119.47175659205593,2025-10-02 16h18.27.148750 +0530,
-150,z,159,3,39,z,1,0.9165094990021316,None,39,3,159,3,,,,,430.8544150420057,,430.8447607919952,430.8544150420057,431.8378663750045,431.8378663750045,431.8378663750045,431.8378663750045,431.8461365419935,432.83821191699826,432.83821191699826,433.76289495799574,z,1,0.9165094990021316,None,,,,,parti4,001,2025-10-02_16h18.12.645,MotorSequenceLearning_NupurShah,,2025.1.1,119.47175659205593,2025-10-02 16h18.27.148750 +0530,
-50,x,160,0,40,x,1,0.49026416600099765,None,40,0,160,0,,,,,433.7734356669971,,433.76341949999915,433.7734356669971,434.7545861249964,434.7545861249964,434.7545861249964,434.7545861249964,434.77121750000515,435.7545333330054,435.7545333330054,436.24636362500314,x,1,0.49026416600099765,None,,,,,parti4,001,2025-10-02_16h18.12.645,MotorSequenceLearning_NupurShah,,2025.1.1,119.47175659205593,2025-10-02 16h18.27.148750 +0530,
150,v,161,1,40,v,1,0.9328499160037609,None,40,1,161,1,,,,,436.25622362499416,,436.24685295800737,436.25622362499416,437.23824649999733,437.23824649999733,437.23824649999733,437.23824649999733,437.254547250006,438.2467759580031,438.2467759580031,439.1896810420003,v,1,0.9328499160037609,None,,,,,parti4,001,2025-10-02_16h18.12.645,MotorSequenceLearning_NupurShah,,2025.1.1,119.47175659205593,2025-10-02 16h18.27.148750 +0530,
50,c,162,2,40,c,1,0.38975929099251516,None,40,2,162,2,,,,,439.1997354579944,,439.1902819579991,439.1997354579944,440.1880063330027,440.1880063330027,440.1880063330027,440.1880063330027,440.1957388330047,441.1879337080027,441.1879337080027,441.5795407919941,c,1,0.38975929099251516,None,,,,,parti4,001,2025-10-02_16h18.12.645,MotorSequenceLearning_NupurShah,,2025.1.1,119.47175659205593,2025-10-02 16h18.27.148750 +0530,
-150,z,163,3,40,z,1,0.9093785409932025,None,40,3,163,3,,,,,441.5874982499954,,441.5800449579983,441.5874982499954,442.5801627500041,442.5801627500041,442.5801627500041,442.5801627500041,442.5801627500041,443.5714581670036,443.5714581670036,444.48993374999554,z,1,0.9093785409932025,None,,,,,parti4,001,2025-10-02_16h18.12.645,MotorSequenceLearning_NupurShah,,2025.1.1,119.47175659205593,2025-10-02 16h18.27.148750 +0530,
-50,x,164,0,41,x,1,0.40369116599322297,None,41,0,164,0,,,,,444.49957724999695,,444.49039666699537,444.49957724999695,445.4879673749965,445.4879673749965,445.4879673749965,445.4879673749965,445.49564916700183,446.48795929200423,446.48795929200423,446.8969519999955,x,1,0.40369116599322297,None,,,,,parti4,001,2025-10-02_16h18.12.645,MotorSequenceLearning_NupurShah,,2025.1.1,119.47175659205593,2025-10-02 16h18.27.148750 +0530,
150,v,165,1,41,v,1,0.9638976249989355,None,41,1,165,1,,,,,446.9213748330076,,446.897461792003,446.9213748330076,447.89717645800556,447.89717645800556,447.89717645800556,447.89717645800556,447.9129554999963,448.8967400830006,448.8967400830006,449.86309345799964,v,1,0.9638976249989355,None,,,,,parti4,001,2025-10-02_16h18.12.645,MotorSequenceLearning_NupurShah,,2025.1.1,119.47175659205593,2025-10-02 16h18.27.148750 +0530,
50,c,166,2,41,c,1,0.9668004159902921,None,41,2,166,2,,,,,449.87314362499455,,449.8635817500035,449.87314362499455,450.8637090830016,450.8637090830016,450.8637090830016,450.8637090830016,450.8717740830034,451.8627635830053,451.8627635830053,452.83976262499345,c,1,0.9668004159902921,None,,,,,parti4,001,2025-10-02_16h18.12.645,MotorSequenceLearning_NupurShah,,2025.1.1,119.47175659205593,2025-10-02 16h18.27.148750 +0530,
-150,z,167,3,41,z,1,0.9351508739928249,None,41,3,167,3,,,,,452.8500975420029,,452.8403331669979,452.8500975420029,453.83754862500064,453.83754862500064,453.83754862500064,453.83754862500064,453.84517341699393,454.8383798750001,454.8383798750001,455.78040429200337,z,1,0.9351508739928249,None,,,,,parti4,001,2025-10-02_16h18.12.645,MotorSequenceLearning_NupurShah,,2025.1.1,119.47175659205593,2025-10-02 16h18.27.148750 +0530,
-50,x,168,0,42,x,1,1.1657001660059905,None,42,0,168,0,,,,,455.80505829199683,,455.7809198330069,455.80505829199683,456.7804218329984,456.7804218329984,456.7804218329984,456.7804218329984,456.79636137500347,457.77996158300084,457.77996158300084,458.9561833750049,x,1,1.1657001660059905,None,,,,,parti4,001,2025-10-02_16h18.12.645,MotorSequenceLearning_NupurShah,,2025.1.1,119.47175659205593,2025-10-02 16h18.27.148750 +0530,
150,v,169,1,42,v,1,1.5127143749996321,None,42,1,169,1,,,,,458.9657487079967,,458.95669912500307,458.9657487079967,459.9543830420007,459.9543830420007,459.9543830420007,459.9543830420007,459.9624657920067,460.9548397920007,460.9548397920007,462.4728854999994,v,1,1.5127143749996321,None,,,,,parti4,001,2025-10-02_16h18.12.645,MotorSequenceLearning_NupurShah,,2025.1.1,119.47175659205593,2025-10-02 16h18.27.148750 +0530,
50,c,170,2,42,c,1,1.182351748997462,None,42,2,170,2,,,,,462.4831526670023,,462.47343291700236,462.4831526670023,463.4717287920066,463.4717287920066,463.4717287920066,463.4717287920066,463.4793639999989,464.4710992080072,464.4710992080072,465.65606491699873,c,1,1.182351748997462,None,,,,,parti4,001,2025-10-02_16h18.12.645,MotorSequenceLearning_NupurShah,,2025.1.1,119.47175659205593,2025-10-02 16h18.27.148750 +0530,
-150,z,171,3,42,z,1,1.0937115819979226,None,42,3,171,3,,,,,465.6654729580041,,465.65655124999466,465.6654729580041,466.6473337500065,466.6473337500065,466.6473337500065,466.6473337500065,466.6630029579974,467.6549203330069,467.6549203330069,468.7562928749976,z,1,1.0937115819979226,None,,,,,parti4,001,2025-10-02_16h18.12.645,MotorSequenceLearning_NupurShah,,2025.1.1,119.47175659205593,2025-10-02 16h18.27.148750 +0530,
-50,x,172,0,43,x,1,1.0164845830004197,None,43,0,172,0,,,,,468.7661317500024,,468.75677220799844,468.7661317500024,469.7549790829944,469.7549790829944,469.7549790829944,469.7549790829944,469.7627220419963,470.75494054199953,470.75494054199953,471.77306099999987,x,1,1.0164845830004197,None,,,,,parti4,001,2025-10-02_16h18.12.645,MotorSequenceLearning_NupurShah,,2025.1.1,119.47175659205593,2025-10-02 16h18.27.148750 +0530,
150,v,173,1,43,v,1,1.2697917909972603,None,43,1,173,1,,,,,471.7834482920007,,471.77362804200675,471.7834482920007,472.7712424170022,472.7712424170022,472.7712424170022,472.7712424170022,472.7794679170038,473.7716245000047,473.7716245000047,475.04672204199596,v,1,1.2697917909972603,None,,,,,parti4,001,2025-10-02_16h18.12.645,MotorSequenceLearning_NupurShah,,2025.1.1,119.47175659205593,2025-10-02 16h18.27.148750 +0530,
50,c,174,2,43,c,1,0.9925979989930056,None,43,2,174,2,,,,,475.05720983300125,,475.0472197920026,475.05720983300125,476.0471657080052,476.0471657080052,476.0471657080052,476.0471657080052,476.0550880829978,477.04670770799567,477.04670770799567,478.0466036669968,c,1,0.9925979989930056,None,,,,,parti4,001,2025-10-02_16h18.12.645,MotorSequenceLearning_NupurShah,,2025.1.1,119.47175659205593,2025-10-02 16h18.27.148750 +0530,
-150,z,175,3,43,z,1,1.0797996250039432,None,43,3,175,3,,,,,478.056659666996,,478.0470847079996,478.056659666996,479.0472173750022,479.0472173750022,479.0472173750022,479.0472173750022,479.0552138329949,480.04658875000314,480.04658875000314,481.12986375000037,z,1,1.0797996250039432,None,,,,,parti4,001,2025-10-02_16h18.12.645,MotorSequenceLearning_NupurShah,,2025.1.1,119.47175659205593,2025-10-02 16h18.27.148750 +0530,
-50,x,176,0,44,x,1,1.0015596659941366,None,44,0,176,0,,,,,481.1401300830039,,481.13035704199865,481.1401300830039,482.13063404199784,482.13063404199784,482.13063404199784,482.13063404199784,482.1384260420018,483.1217202919943,483.1217202919943,484.1298810419976,x,1,1.0015596659941366,None,,,,,parti4,001,2025-10-02_16h18.12.645,MotorSequenceLearning_NupurShah,,2025.1.1,119.47175659205593,2025-10-02 16h18.27.148750 +0530,
150,v,177,1,44,v,1,1.277829248996568,None,44,1,177,1,,,,,484.13967020799464,,484.13036391700734,484.13967020799464,485.1212589170027,485.1212589170027,485.1212589170027,485.1212589170027,485.13800824999635,486.13044645800255,486.13044645800255,487.41261579199636,v,1,1.277829248996568,None,,,,,parti4,001,2025-10-02_16h18.12.645,MotorSequenceLearning_NupurShah,,2025.1.1,119.47175659205593,2025-10-02 16h18.27.148750 +0530,
50,c,178,2,44,c,1,1.0254098320001503,None,44,2,178,2,,,,,487.4224834170018,,487.41313549999904,487.4224834170018,488.4047165420052,488.4047165420052,488.4047165420052,488.4047165420052,488.42139437500737,489.40580837499874,489.40580837499874,490.44010233299923,c,1,1.0254098320001503,None,,,,,parti4,001,2025-10-02_16h18.12.645,MotorSequenceLearning_NupurShah,,2025.1.1,119.47175659205593,2025-10-02 16h18.27.148750 +0530,
-150,z,179,3,44,z,1,1.1621981659991434,None,44,3,179,3,,,,,490.4504661249957,,490.4406836249982,490.4504661249957,491.43804599999567,491.43804599999567,491.43804599999567,491.43804599999567,491.4456627920008,492.43804166700284,492.43804166700284,493.60677533299895,z,1,1.1621981659991434,None,,,,,parti4,001,2025-10-02_16h18.12.645,MotorSequenceLearning_NupurShah,,2025.1.1,119.47175659205593,2025-10-02 16h18.27.148750 +0530,
-50,x,180,0,45,x,1,0.8014531250082655,None,45,0,180,0,,,,,493.6169493750058,,493.6073820830061,493.6169493750058,494.6047143750038,494.6047143750038,494.6047143750038,494.6047143750038,494.61216391700145,495.60472391700023,495.60472391700023,496.41331970799365,x,1,0.8014531250082655,None,,,,,parti4,001,2025-10-02_16h18.12.645,MotorSequenceLearning_NupurShah,,2025.1.1,119.47175659205593,2025-10-02 16h18.27.148750 +0530,
150,v,181,1,45,v,1,1.1455218739865813,None,45,1,181,1,,,,,496.4234519580059,,496.41381887500756,496.4234519580059,497.40482154200436,497.40482154200436,497.40482154200436,497.40482154200436,497.4221197080042,498.4047786250012,498.4047786250012,499.556931500003,v,1,1.1455218739865813,None,,,,,parti4,001,2025-10-02_16h18.12.645,MotorSequenceLearning_NupurShah,,2025.1.1,119.47175659205593,2025-10-02 16h18.27.148750 +0530,
50,c,182,2,45,c,1,1.782253707991913,None,45,2,182,2,,,,,499.5675229579938,,499.5575404580013,499.5675229579938,500.5549907079985,500.5549907079985,500.5549907079985,500.5549907079985,500.56298708300164,501.5548444580054,501.5548444580054,503.33998462499585,c,1,1.782253707991913,None,,,,,parti4,001,2025-10-02_16h18.12.645,MotorSequenceLearning_NupurShah,,2025.1.1,119.47175659205593,2025-10-02 16h18.27.148750 +0530,
-150,z,183,3,45,z,1,0.9984524579922436,None,45,3,183,3,,,,,503.3492218750034,,503.3404741669947,503.3492218750034,504.3291646669968,504.3291646669968,504.3291646669968,504.3291646669968,504.3461389580043,505.3386497080064,505.3386497080064,506.3401806670008,z,1,0.9984524579922436,None,,,,,parti4,001,2025-10-02_16h18.12.645,MotorSequenceLearning_NupurShah,,2025.1.1,119.47175659205593,2025-10-02 16h18.27.148750 +0530,
-50,x,184,0,46,x,1,0.7408401249995222,None,46,0,184,0,,,,,506.34970141699887,,506.3407278329978,506.34970141699887,507.33819029199367,507.33819029199367,507.33819029199367,507.33819029199367,507.3458338329947,508.3382675419998,508.3382675419998,509.0809113330033,x,1,0.7408401249995222,None,,,,,parti4,001,2025-10-02_16h18.12.645,MotorSequenceLearning_NupurShah,,2025.1.1,119.47175659205593,2025-10-02 16h18.27.148750 +0530,
150,v,185,1,46,v,1,1.1712458319962025,None,46,1,185,1,,,,,509.0909341670049,,509.08140045800246,509.0909341670049,510.0813737080025,510.0813737080025,510.0813737080025,510.0813737080025,510.0894502500014,511.08085924999614,511.08085924999614,512.2569570420019,v,1,1.1712458319962025,None,,,,,parti4,001,2025-10-02_16h18.12.645,MotorSequenceLearning_NupurShah,,2025.1.1,119.47175659205593,2025-10-02 16h18.27.148750 +0530,
50,c,186,2,46,c,1,0.6285817500029225,None,46,2,186,2,,,,,512.267393874994,,512.257547250003,512.267393874994,513.2549436249974,513.2549436249974,513.2549436249974,513.2549436249974,513.2626115830062,514.2554515829979,514.2554515829979,514.8900658329949,c,1,0.6285817500029225,None,,,,,parti4,001,2025-10-02_16h18.12.645,MotorSequenceLearning_NupurShah,,2025.1.1,119.47175659205593,2025-10-02 16h18.27.148750 +0530,
-150,z,187,3,46,z,1,0.8412294580048183,None,46,3,187,3,,,,,514.8999747079943,,514.8906250419968,514.8999747079943,515.8890491670027,515.8890491670027,515.8890491670027,515.8890491670027,515.8972583750001,516.8888542079949,516.8888542079949,517.7397807499947,z,1,0.8412294580048183,None,,,,,parti4,001,2025-10-02_16h18.12.645,MotorSequenceLearning_NupurShah,,2025.1.1,119.47175659205593,2025-10-02 16h18.27.148750 +0530,
-50,x,188,0,47,x,1,0.46717024900135584,None,47,0,188,0,,,,,517.7494232080062,,517.7402855830005,517.7494232080062,518.7316671669978,518.7316671669978,518.7316671669978,518.7316671669978,518.7471048750012,519.7308084170072,519.7308084170072,520.2072238330002,x,1,0.46717024900135584,None,,,,,parti4,001,2025-10-02_16h18.12.645,MotorSequenceLearning_NupurShah,,2025.1.1,119.47175659205593,2025-10-02 16h18.27.148750 +0530,
150,v,189,1,47,v,1,1.2413814989995444,None,47,1,189,1,,,,,520.2165887500014,,520.2077118330053,520.2165887500014,521.205106333,521.205106333,521.205106333,521.205106333,521.2129273750033,522.205561291994,522.205561291994,523.4572979579971,v,1,1.2413814989995444,None,,,,,parti4,001,2025-10-02_16h18.12.645,MotorSequenceLearning_NupurShah,,2025.1.1,119.47175659205593,2025-10-02 16h18.27.148750 +0530,
50,c,190,2,47,c,1,0.9920120410097297,None,47,2,190,2,,,,,523.4674102919962,,523.4578896669991,523.4674102919962,524.4557807079982,524.4557807079982,524.4557807079982,524.4557807079982,524.4634544169967,525.4558980830043,525.4558980830043,526.4569101249945,c,1,0.9920120410097297,None,,,,,parti4,001,2025-10-02_16h18.12.645,MotorSequenceLearning_NupurShah,,2025.1.1,119.47175659205593,2025-10-02 16h18.27.148750 +0530,
-150,z,191,3,47,z,1,1.143333750005695,None,47,3,191,3,,,,,526.4663546670054,,526.4574082080071,526.4663546670054,527.455775082999,527.455775082999,527.455775082999,527.455775082999,527.463453874996,528.455595958003,528.455595958003,529.607296000002,z,1,1.143333750005695,None,,,,,parti4,001,2025-10-02_16h18.12.645,MotorSequenceLearning_NupurShah,,2025.1.1,119.47175659205593,2025-10-02 16h18.27.148750 +0530,
-50,x,192,0,48,x,1,1.0326187500031665,None,48,0,192,0,,,,,529.6178816669999,,529.6078867920005,529.6178816669999,530.605148542003,530.605148542003,530.605148542003,530.605148542003,530.6128355830006,531.6052024170058,531.6052024170058,532.6404947919946,x,1,1.0326187500031665,None,,,,,parti4,001,2025-10-02_16h18.12.645,MotorSequenceLearning_NupurShah,,2025.1.1,119.47175659205593,2025-10-02 16h18.27.148750 +0530,
150,v,193,1,48,v,1,0.8456701660034014,None,48,1,193,1,,,,,532.6509376670001,,532.6410665830044,532.6509376670001,533.638532500001,533.638532500001,533.638532500001,533.638532500001,533.6461156250007,534.6391896249988,534.6391896249988,535.4902102500055,v,1,0.8456701660034014,None,,,,,parti4,001,2025-10-02_16h18.12.645,MotorSequenceLearning_NupurShah,,2025.1.1,119.47175659205593,2025-10-02 16h18.27.148750 +0530,
50,c,194,2,48,c,1,1.2327535830117995,None,48,2,194,2,,,,,535.4997205830005,,535.4907065000007,535.4997205830005,536.4886081669974,536.4886081669974,536.4886081669974,536.4886081669974,536.4961907920078,537.4890769170015,537.4890769170015,538.7232525419968,c,1,1.2327535830117995,None,,,,,parti4,001,2025-10-02_16h18.12.645,MotorSequenceLearning_NupurShah,,2025.1.1,119.47175659205593,2025-10-02 16h18.27.148750 +0530,
-150,z,195,3,48,z,1,0.8953849989920855,None,48,3,195,3,,,,,538.7334661670029,,538.7237939170009,538.7334661670029,539.7147034999944,539.7147034999944,539.7147034999944,539.7147034999944,539.7302369579993,540.7135437499965,540.7135437499965,541.6141570420004,z,1,0.8953849989920855,None,,,,,parti4,001,2025-10-02_16h18.12.645,MotorSequenceLearning_NupurShah,,2025.1.1,119.47175659205593,2025-10-02 16h18.27.148750 +0530,
-50,x,196,0,49,x,1,0.8803112910100026,None,49,0,196,0,,,,,541.6234351250023,,541.6146555000014,541.6234351250023,542.614426375003,542.614426375003,542.614426375003,542.614426375003,542.614426375003,543.6135495829949,543.6135495829949,544.4982610830048,x,1,0.8803112910100026,None,,,,,parti4,001,2025-10-02_16h18.12.645,MotorSequenceLearning_NupurShah,,2025.1.1,119.47175659205593,2025-10-02 16h18.27.148750 +0530,
150,v,197,1,49,v,1,1.5076833749917569,None,49,1,197,1,,,,,544.5080285000004,,544.4987554580002,544.5080285000004,545.498191125007,545.498191125007,545.498191125007,545.498191125007,545.5063494170026,546.4970462920028,546.4970462920028,548.0069817080075,v,1,1.5076833749917569,None,,,,,parti4,001,2025-10-02_16h18.12.645,MotorSequenceLearning_NupurShah,,2025.1.1,119.47175659205593,2025-10-02 16h18.27.148750 +0530,
50,c,198,2,49,c,1,0.6449212909938069,None,49,2,198,2,,,,,548.0136289999937,,548.0074612080061,548.0136289999937,548.9983946249995,548.9983946249995,548.9983946249995,548.9983946249995,549.0065814580012,550.0059768329957,550.0059768329957,550.6572841669986,c,1,0.6449212909938069,None,,,,,parti4,001,2025-10-02_16h18.12.645,MotorSequenceLearning_NupurShah,,2025.1.1,119.47175659205593,2025-10-02 16h18.27.148750 +0530,
-150,z,199,3,49,z,1,0.6955701240076451,None,49,3,199,3,,,,,550.6671113750053,,550.657751916995,550.6671113750053,551.6554793329997,551.6554793329997,551.6554793329997,551.6554793329997,551.663194875,552.6561617499974,552.6561617499974,553.3570052499999,z,1,0.6955701240076451,None,,,,,parti4,001,2025-10-02_16h18.12.645,MotorSequenceLearning_NupurShah,,2025.1.1,119.47175659205593,2025-10-02 16h18.27.148750 +0530,
-50,x,0,0,0,x,1,0.44766545698803384,None,,,,,0,0,0,0,553.3830634170008,,553.374288542007,553.3830634170008,554.3562676250003,554.3562676250003,554.3562676250003,554.3562676250003,554.3797362080077,555.3480683329981,555.3480683329981,555.7974120419967,,,,,x,1,0.44766545698803384,None,parti4,001,2025-10-02_16h18.12.645,MotorSequenceLearning_NupurShah,,2025.1.1,119.47175659205593,2025-10-02 16h18.27.148750 +0530,
150,v,1,1,0,v,1,0.7763080410077237,None,,,,,0,1,1,1,555.8054891250067,,555.7979205830052,555.8054891250067,556.7979327079956,556.7979327079956,556.7979327079956,556.7979327079956,556.7979327079956,557.7893009580002,557.7893009580002,558.5739703330037,,,,,v,1,0.7763080410077237,None,parti4,001,2025-10-02_16h18.12.645,MotorSequenceLearning_NupurShah,,2025.1.1,119.47175659205593,2025-10-02 16h18.27.148750 +0530,
50,c,2,2,0,c,1,0.32097229101054836,None,,,,,0,2,2,2,558.5843325000023,,558.5745871249965,558.5843325000023,559.5721850419941,559.5721850419941,559.5721850419941,559.5721850419941,559.5797754170053,560.5726332920021,560.5726332920021,560.8982936670072,,,,,c,1,0.32097229101054836,None,parti4,001,2025-10-02_16h18.12.645,MotorSequenceLearning_NupurShah,,2025.1.1,119.47175659205593,2025-10-02 16h18.27.148750 +0530,
-50,x,3,3,1,x,1,0.30426362399884965,None,,,,,1,3,3,0,560.9077670419938,,560.8987994579948,560.9077670419938,561.8984749999945,561.8984749999945,561.8984749999945,561.8984749999945,561.906605917,562.8972182500002,562.8972182500002,563.207396208003,,,,,x,1,0.30426362399884965,None,parti4,001,2025-10-02_16h18.12.645,MotorSequenceLearning_NupurShah,,2025.1.1,119.47175659205593,2025-10-02 16h18.27.148750 +0530,
-50,x,4,4,2,x,1,0.7237251659971662,None,,,,,2,4,4,0,563.2166173750011,,563.2078937080078,563.2166173750011,564.205622124995,564.205622124995,564.205622124995,564.205622124995,564.2134178749984,565.2059401250008,565.2059401250008,565.9308966249955,,,,,x,1,0.7237251659971662,None,parti4,001,2025-10-02_16h18.12.645,MotorSequenceLearning_NupurShah,,2025.1.1,119.47175659205593,2025-10-02 16h18.27.148750 +0530,
-150,z,5,5,0,z,1,0.7016656659980072,None,,,,,0,5,5,3,565.9394626249996,,565.9313853750064,565.9394626249996,566.9228175419994,566.9228175419994,566.9228175419994,566.9228175419994,566.9304255830066,567.9227317080076,567.9227317080076,568.6318661669939,,,,,z,1,0.7016656659980072,None,parti4,001,2025-10-02_16h18.12.645,MotorSequenceLearning_NupurShah,,2025.1.1,119.47175659205593,2025-10-02 16h18.27.148750 +0530,
-150,z,6,6,1,z,1,0.5089495409920346,None,,,,,1,6,6,3,568.6418806250003,,568.6323775000055,568.6418806250003,569.631688333,569.631688333,569.631688333,569.631688333,569.6395687500044,570.6305809170008,570.6305809170008,571.1410787500063,,,,,z,1,0.5089495409920346,None,parti4,001,2025-10-02_16h18.12.645,MotorSequenceLearning_NupurShah,,2025.1.1,119.47175659205593,2025-10-02 16h18.27.148750 +0530,
-50,x,7,7,3,x,1,0.9001848740008427,None,,,,,3,7,7,0,571.1512099579995,,571.1416619579977,571.1512099579995,572.1396983330051,572.1396983330051,572.1396983330051,572.1396983330051,572.1474687500013,573.1394187919941,573.1394187919941,574.0408044579963,,,,,x,1,0.9001848740008427,None,parti4,001,2025-10-02_16h18.12.645,MotorSequenceLearning_NupurShah,,2025.1.1,119.47175659205593,2025-10-02 16h18.27.148750 +0530,
50,c,8,8,1,c,1,1.0398774160130415,None,,,,,1,8,8,2,574.0475278329977,,574.0413170829997,574.0475278329977,575.0324079580023,575.0324079580023,575.0324079580023,575.0324079580023,575.0406415000034,576.0397142919974,576.0397142919974,577.080893374994,,,,,c,1,1.0398774160130415,None,parti4,001,2025-10-02_16h18.12.645,MotorSequenceLearning_NupurShah,,2025.1.1,119.47175659205593,2025-10-02 16h18.27.148750 +0530,
150,v,9,9,1,v,1,0.9807847909978591,None,,,,,1,9,9,1,577.0897288749984,,577.0813929169963,577.0897288749984,578.0730973330064,578.0730973330064,578.0730973330064,578.0730973330064,578.080837542002,579.0806687919976,579.0806687919976,580.0646057919948,,,,,v,1,0.9807847909978591,None,parti4,001,2025-10-02_16h18.12.645,MotorSequenceLearning_NupurShah,,2025.1.1,119.47175659205593,2025-10-02 16h18.27.148750 +0530,
-50,x,10,10,4,x,1,0.9470689579902682,None,,,,,4,10,10,0,580.0749253329996,,580.0651101669937,580.0749253329996,581.0557271669968,581.0557271669968,581.0557271669968,581.0557271669968,581.0732477919955,582.065439375001,582.065439375001,583.0143504169973,,,,,x,1,0.9470689579902682,None,parti4,001,2025-10-02_16h18.12.645,MotorSequenceLearning_NupurShah,,2025.1.1,119.47175659205593,2025-10-02 16h18.27.148750 +0530,
150,v,11,11,2,v,1,1.4131159160024254,None,,,,,2,11,11,1,583.0229042499996,,583.0148361250031,583.0229042499996,584.0057978749974,584.0057978749974,584.0057978749974,584.0057978749974,584.0134858749952,585.0063023330003,585.0063023330003,586.4241550000006,,,,,v,1,1.4131159160024254,None,parti4,001,2025-10-02_16h18.12.645,MotorSequenceLearning_NupurShah,,2025.1.1,119.47175659205593,2025-10-02 16h18.27.148750 +0530,
150,v,12,12,3,v,1,0.9822092079994036,None,,,,,3,12,12,1,586.4341761249962,,586.424688500003,586.4341761249962,587.4151997080044,587.4151997080044,587.4151997080044,587.4151997080044,587.4303382079961,588.423160624996,588.423160624996,589.4077412500046,,,,,v,1,0.9822092079994036,None,parti4,001,2025-10-02_16h18.12.645,MotorSequenceLearning_NupurShah,,2025.1.1,119.47175659205593,2025-10-02 16h18.27.148750 +0530,
50,c,13,13,2,c,1,1.2409429570107022,None,,,,,2,13,13,2,589.4144491250045,,589.4082596249937,589.4144491250045,590.4058614170062,590.4058614170062,590.4058614170062,590.4058614170062,590.4058614170062,591.4063739580015,591.4063739580015,592.6484795419965,,,,,c,1,1.2409429570107022,None,parti4,001,2025-10-02_16h18.12.645,MotorSequenceLearning_NupurShah,,2025.1.1,119.47175659205593,2025-10-02 16h18.27.148750 +0530,
-50,x,14,14,5,x,1,2.0657079579978017,None,,,,,5,14,14,0,592.6584581250063,,592.648969707996,592.6584581250063,593.6482424580026,593.6482424580026,593.6482424580026,593.6482424580026,593.655932833004,594.6485022080014,594.6485022080014,596.7243232920009,,,,,x,1,2.0657079579978017,None,parti4,001,2025-10-02_16h18.12.645,MotorSequenceLearning_NupurShah,,2025.1.1,119.47175659205593,2025-10-02 16h18.27.148750 +0530,
-150,z,15,15,2,z,1,1.3241204569931142,None,,,,,2,15,15,3,596.7342173750076,,596.7248215,596.7342173750076,597.7162519580015,597.7162519580015,597.7162519580015,597.7162519580015,597.7309093749936,598.7231288750045,598.7231288750045,600.0578654169949,,,,,z,1,1.3241204569931142,None,parti4,001,2025-10-02_16h18.12.645,MotorSequenceLearning_NupurShah,,2025.1.1,119.47175659205593,2025-10-02 16h18.27.148750 +0530,
150,v,16,16,4,v,1,2.1261795830068877,None,,,,,4,16,16,1,600.0672032500006,,600.0583542920067,600.0672032500006,601.0565221249999,601.0565221249999,601.0565221249999,601.0565221249999,601.0641515830066,602.0559356669983,602.0559356669983,604.1905367500003,,,,,v,1,2.1261795830068877,None,parti4,001,2025-10-02_16h18.12.645,MotorSequenceLearning_NupurShah,,2025.1.1,119.47175659205593,2025-10-02 16h18.27.148750 +0530,
50,c,17,17,3,c,1,0.7621334999857936,None,,,,,3,17,17,2,604.1996614170057,,604.1910571250046,604.1996614170057,605.1821730420052,605.1821730420052,605.1821730420052,605.1821730420052,605.1901324579958,606.190200291996,606.190200291996,606.9573349580023,,,,,c,1,0.7621334999857936,None,parti4,001,2025-10-02_16h18.12.645,MotorSequenceLearning_NupurShah,,2025.1.1,119.47175659205593,2025-10-02 16h18.27.148750 +0530,
-50,x,18,18,6,x,1,1.2326122500089696,None,,,,,6,18,18,0,606.9672115830035,,606.9579467500007,606.9672115830035,607.9483930830029,607.9483930830029,607.9483930830029,607.9483930830029,607.9641563330078,608.9484650829982,608.9484650829982,610.191563291999,,,,,x,1,1.2326122500089696,None,parti4,001,2025-10-02_16h18.12.645,MotorSequenceLearning_NupurShah,,2025.1.1,119.47175659205593,2025-10-02 16h18.27.148750 +0530,
50,c,19,19,4,c,1,0.8137693330063485,None,,,,,4,19,19,2,610.2018148750067,,610.192193291994,610.2018148750067,611.1900060420012,611.1900060420012,611.1900060420012,611.1900060420012,611.1975145000033,612.1894245000003,612.1894245000003,613.0080424579937,,,,,c,1,0.8137693330063485,None,parti4,001,2025-10-02_16h18.12.645,MotorSequenceLearning_NupurShah,,2025.1.1,119.47175659205593,2025-10-02 16h18.27.148750 +0530,
50,c,20,20,5,c,1,1.7068856240075547,None,,,,,5,20,20,2,613.0187456669955,,613.0086918750021,613.0187456669955,614.0061070420052,614.0061070420052,614.0061070420052,614.0061070420052,614.0136576250079,615.0061987499939,615.0061987499939,616.7156134170073,,,,,c,1,1.7068856240075547,None,parti4,001,2025-10-02_16h18.12.645,MotorSequenceLearning_NupurShah,,2025.1.1,119.47175659205593,2025-10-02 16h18.27.148750 +0530,
-150,z,21,21,3,z,1,1.0617332910042023,None,,,,,3,21,21,3,616.7403004999942,,616.7161367499939,616.7403004999942,617.7163430829969,617.7163430829969,617.7163430829969,617.7163430829969,617.7352170829981,618.714491125007,618.714491125007,619.7815377079969,,,,,z,1,1.0617332910042023,None,parti4,001,2025-10-02_16h18.12.645,MotorSequenceLearning_NupurShah,,2025.1.1,119.47175659205593,2025-10-02 16h18.27.148750 +0530,
50,c,22,22,6,c,1,0.7535561240074458,None,,,,,6,22,22,2,619.797976582995,,619.7820578329993,619.797976582995,620.7816723750002,620.7816723750002,620.7816723750002,620.7816723750002,620.7900348749972,621.7734979170054,621.7734979170054,622.531684542002,,,,,c,1,0.7535561240074458,None,parti4,001,2025-10-02_16h18.12.645,MotorSequenceLearning_NupurShah,,2025.1.1,119.47175659205593,2025-10-02 16h18.27.148750 +0530,
150,v,23,23,5,v,1,1.0488130409939913,None,,,,,5,23,23,1,622.5416032920039,,622.5321688749973,622.5416032920039,623.5324402499973,623.5324402499973,623.5324402499973,623.5324402499973,623.5405436669971,624.53125,624.53125,625.5822834580031,,,,,v,1,1.0488130409939913,None,parti4,001,2025-10-02_16h18.12.645,MotorSequenceLearning_NupurShah,,2025.1.1,119.47175659205593,2025-10-02 16h18.27.148750 +0530,
50,c,24,24,7,c,1,0.43234266599756666,None,,,,,7,24,24,2,625.592140875,,625.5827942920005,625.592140875,626.5826357920014,626.5826357920014,626.5826357920014,626.5826357920014,626.590664125004,627.5816242080036,627.5816242080036,628.0165665420063,,,,,c,1,0.43234266599756666,None,parti4,001,2025-10-02_16h18.12.645,MotorSequenceLearning_NupurShah,,2025.1.1,119.47175659205593,2025-10-02 16h18.27.148750 +0530,
-50,x,25,25,7,x,1,0.42316770800971426,None,,,,,7,25,25,0,628.0272998330038,,628.0172900420002,628.0272998330038,629.0152229999949,629.0152229999949,629.0152229999949,629.0152229999949,629.0236362080032,630.0147663749958,630.0147663749958,630.4416420829948,,,,,x,1,0.42316770800971426,None,parti4,001,2025-10-02_16h18.12.645,MotorSequenceLearning_NupurShah,,2025.1.1,119.47175659205593,2025-10-02 16h18.27.148750 +0530,
50,c,26,26,8,c,1,0.9804284999991069,None,,,,,8,26,26,2,630.450811792005,,630.4421943750058,630.450811792005,631.4396905830072,631.4396905830072,631.4396905830072,631.4396905830072,631.4474564169941,632.4396248749981,632.4396248749981,633.4248667079955,,,,,c,1,0.9804284999991069,None,parti4,001,2025-10-02_16h18.12.645,MotorSequenceLearning_NupurShah,,2025.1.1,119.47175659205593,2025-10-02 16h18.27.148750 +0530,
-50,x,27,27,8,x,1,0.4362841250112979,None,,,,,8,27,27,0,633.4343396250042,,633.4253998750064,633.4343396250042,634.4235418750031,634.4235418750031,634.4235418750031,634.4235418750031,634.4309644169989,635.4236212079995,635.4236212079995,635.8661708330037,,,,,x,1,0.4362841250112979,None,parti4,001,2025-10-02_16h18.12.645,MotorSequenceLearning_NupurShah,,2025.1.1,119.47175659205593,2025-10-02 16h18.27.148750 +0530,
-50,x,28,28,9,x,1,0.7232262909965357,None,,,,,9,28,28,0,635.8765798329987,,635.8667974169948,635.8765798329987,636.8667507079954,636.8667507079954,636.8667507079954,636.8667507079954,636.8744725419965,637.8656429999974,637.8656429999974,638.5915912079945,,,,,x,1,0.7232262909965357,None,parti4,001,2025-10-02_16h18.12.645,MotorSequenceLearning_NupurShah,,2025.1.1,119.47175659205593,2025-10-02 16h18.27.148750 +0530,
150,v,29,29,6,v,1,0.965567416002159,None,,,,,6,29,29,1,638.6014168749971,,638.5921155830001,638.6014168749971,639.5904500420002,639.5904500420002,639.5904500420002,639.5904500420002,639.5982102919952,640.5902478750068,640.5902478750068,641.5582843750017,,,,,v,1,0.965567416002159,None,parti4,001,2025-10-02_16h18.12.645,MotorSequenceLearning_NupurShah,,2025.1.1,119.47175659205593,2025-10-02 16h18.27.148750 +0530,
150,v,30,30,7,v,1,0.7496639570017578,None,,,,,7,30,30,1,641.5684434169962,,641.5588664579991,641.5684434169962,642.556462624998,642.556462624998,642.556462624998,642.556462624998,642.563889416997,643.5490874170064,643.5490874170064,644.3084334580053,,,,,v,1,0.7496639570017578,None,parti4,001,2025-10-02_16h18.12.645,MotorSequenceLearning_NupurShah,,2025.1.1,119.47175659205593,2025-10-02 16h18.27.148750 +0530,
50,c,31,31,9,v,0,0.441796166007407,None,,,,,9,31,31,2,644.3188248749939,,644.3090809999994,644.3188248749939,645.307250124999,645.307250124999,645.307250124999,645.307250124999,645.3151317919983,646.3070804580057,646.3070804580057,646.7579428750032,,,,,v,0,0.441796166007407,None,parti4,001,2025-10-02_16h18.12.645,MotorSequenceLearning_NupurShah,,2025.1.1,119.47175659205593,2025-10-02 16h18.27.148750 +0530,
150,v,32,32,8,v,1,0.784394998991047,None,,,,,8,32,32,1,646.7674770000012,,646.7584393330035,646.7674770000012,647.7496079580014,647.7496079580014,647.7496079580014,647.7496079580014,647.7651532080054,648.7572512080078,648.7572512080078,649.5497765420005,,,,,v,1,0.784394998991047,None,parti4,001,2025-10-02_16h18.12.645,MotorSequenceLearning_NupurShah,,2025.1.1,119.47175659205593,2025-10-02 16h18.27.148750 +0530,
150,v,33,33,9,v,1,0.5383919159939978,None,,,,,9,33,33,1,649.5601498750038,,649.5504184169986,649.5601498750038,650.5494648330059,650.5494648330059,650.5494648330059,650.5494648330059,650.5575544169988,651.548294207998,651.548294207998,652.0919068329968,,,,,v,1,0.5383919159939978,None,parti4,001,2025-10-02_16h18.12.645,MotorSequenceLearning_NupurShah,,2025.1.1,119.47175659205593,2025-10-02 16h18.27.148750 +0530,
150,v,34,34,10,v,1,0.6053908319881884,None,,,,,10,34,34,1,652.1021164580015,,652.092511875002,652.1021164580015,653.0899867499975,653.0899867499975,653.0899867499975,653.0899867499975,653.0976556249952,654.0903796670027,654.0903796670027,654.699292499994,,,,,v,1,0.6053908319881884,None,parti4,001,2025-10-02_16h18.12.645,MotorSequenceLearning_NupurShah,,2025.1.1,119.47175659205593,2025-10-02 16h18.27.148750 +0530,
-150,z,35,35,4,z,1,0.9224167490028776,None,,,,,4,35,35,3,654.7097318330052,,654.6998308330076,654.7097318330052,655.6996445830009,655.6996445830009,655.6996445830009,655.6996445830009,655.7075482079963,656.6983779580041,656.6983779580041,657.6253730830067,,,,,z,1,0.9224167490028776,None,parti4,001,2025-10-02_16h18.12.645,MotorSequenceLearning_NupurShah,,2025.1.1,119.47175659205593,2025-10-02 16h18.27.148750 +0530,
-50,x,36,36,10,x,1,0.4417077079997398,None,,,,,10,36,36,0,657.6359804170061,,657.6259525420028,657.6359804170061,658.623290042,658.623290042,658.623290042,658.623290042,658.6307649579976,659.6238415419939,659.6238415419939,660.0751344169985,,,,,x,1,0.4417077079997398,None,parti4,001,2025-10-02_16h18.12.645,MotorSequenceLearning_NupurShah,,2025.1.1,119.47175659205593,2025-10-02 16h18.27.148750 +0530,
-150,z,37,37,5,z,1,0.9526140830130316,None,,,,,5,37,37,3,660.0849573330051,,660.0756601250032,660.0849573330051,661.0664457920066,661.0664457920066,661.0664457920066,661.0664457920066,661.0813278330024,662.074002207999,662.074002207999,663.0326052500022,,,,,z,1,0.9526140830130316,None,parti4,001,2025-10-02_16h18.12.645,MotorSequenceLearning_NupurShah,,2025.1.1,119.47175659205593,2025-10-02 16h18.27.148750 +0530,
-50,x,38,38,11,x,1,0.6612018330051797,None,,,,,11,38,38,0,663.0424591250048,,663.0331053749978,663.0424591250048,664.0323146250012,664.0323146250012,664.0323146250012,664.0323146250012,664.040636042002,665.0323826249951,665.0323826249951,665.6995785000036,,,,,x,1,0.6612018330051797,None,parti4,001,2025-10-02_16h18.12.645,MotorSequenceLearning_NupurShah,,2025.1.1,119.47175659205593,2025-10-02 16h18.27.148750 +0530,
50,c,39,39,10,c,1,0.3532552079996094,None,,,,,10,39,39,2,665.7095036249957,,665.7000764999975,665.7095036249957,666.6994612080016,666.6994612080016,666.6994612080016,666.6994612080016,666.7072780000017,667.6983508749981,667.6983508749981,668.058827832996,,,,,c,1,0.3532552079996094,None,parti4,001,2025-10-02_16h18.12.645,MotorSequenceLearning_NupurShah,,2025.1.1,119.47175659205593,2025-10-02 16h18.27.148750 +0530,
50,c,40,40,11,c,1,0.6203141659934772,None,,,,,11,40,40,2,668.0688466249994,,668.059407541994,668.0688466249994,669.0575403330004,669.0575403330004,669.0575403330004,669.0575403330004,669.0652282079973,670.0572320000065,670.0572320000065,670.6826072080003,,,,,c,1,0.6203141659934772,None,parti4,001,2025-10-02_16h18.12.645,MotorSequenceLearning_NupurShah,,2025.1.1,119.47175659205593,2025-10-02 16h18.27.148750 +0530,
50,c,41,41,12,c,1,0.4922676239948487,None,,,,,12,41,41,2,670.7075586669962,,670.683136874999,670.7075586669962,671.6829772500059,671.6829772500059,671.6829772500059,671.6829772500059,671.6987983750005,672.6821401250054,672.6821401250054,673.1819319579954,,,,,c,1,0.4922676239948487,None,parti4,001,2025-10-02_16h18.12.645,MotorSequenceLearning_NupurShah,,2025.1.1,119.47175659205593,2025-10-02 16h18.27.148750 +0530,
-50,x,42,42,12,x,1,1.1226070830016397,None,,,,,12,42,42,0,673.1921443750034,,673.1824231250066,673.1921443750034,674.1747966669936,674.1747966669936,674.1747966669936,674.1747966669936,674.1824540829984,675.1740570830007,675.1740570830007,676.2987344580033,,,,,x,1,1.1226070830016397,None,parti4,001,2025-10-02_16h18.12.645,MotorSequenceLearning_NupurShah,,2025.1.1,119.47175659205593,2025-10-02 16h18.27.148750 +0530,
-50,x,43,43,13,x,1,0.43375579100393225,None,,,,,13,43,43,0,676.3068460420036,,676.2992138749978,676.3068460420036,677.290772124994,677.290772124994,677.290772124994,677.290772124994,677.2984595419985,678.2906529580068,678.2906529580068,678.7326087919937,,,,,x,1,0.43375579100393225,None,parti4,001,2025-10-02_16h18.12.645,MotorSequenceLearning_NupurShah,,2025.1.1,119.47175659205593,2025-10-02 16h18.27.148750 +0530,
-150,z,44,44,6,z,1,0.888875791002647,None,,,,,6,44,44,3,678.7575924999983,,678.7331160419999,678.7575924999983,679.7331874999945,679.7331874999945,679.7331874999945,679.7331874999945,679.7488871670066,680.7317112080054,680.7317112080054,681.6254486670077,,,,,z,1,0.888875791002647,None,parti4,001,2025-10-02_16h18.12.645,MotorSequenceLearning_NupurShah,,2025.1.1,119.47175659205593,2025-10-02 16h18.27.148750 +0530,
-150,z,45,45,7,z,1,0.9569284159952076,None,,,,,7,45,45,3,681.6353762500075,,681.6259642499936,681.6353762500075,682.623564708003,682.623564708003,682.623564708003,682.623564708003,682.6309557079949,683.6235683749983,683.6235683749983,684.5825009999971,,,,,z,1,0.9569284159952076,None,parti4,001,2025-10-02_16h18.12.645,MotorSequenceLearning_NupurShah,,2025.1.1,119.47175659205593,2025-10-02 16h18.27.148750 +0530,
-50,x,46,46,14,x,1,1.0260604579962092,None,,,,,14,46,46,0,684.5907112080022,,684.5829883749975,684.5907112080022,685.5736713749939,685.5736713749939,685.5736713749939,685.5736713749939,685.5813798330055,686.5822756249981,686.5822756249981,687.6166514579963,,,,,x,1,1.0260604579962092,None,parti4,001,2025-10-02_16h18.12.645,MotorSequenceLearning_NupurShah,,2025.1.1,119.47175659205593,2025-10-02 16h18.27.148750 +0530,
150,v,47,47,11,v,1,1.4532497079926543,None,,,,,11,47,47,1,687.6272338330018,,687.6173131249961,687.6272338330018,688.6174556250044,688.6174556250044,688.6174556250044,688.6174556250044,688.6412057080015,689.6152296670043,689.6152296670043,691.0750606670044,,,,,v,1,1.4532497079926543,None,parti4,001,2025-10-02_16h18.12.645,MotorSequenceLearning_NupurShah,,2025.1.1,119.47175659205593,2025-10-02 16h18.27.148750 +0530,
150,v,48,48,12,v,1,0.8132910819986137,None,,,,,12,48,48,1,691.0855789579946,,691.0756406250002,691.0855789579946,692.0660154170037,692.0660154170037,692.0660154170037,692.0660154170037,692.0813469999994,693.0651079999952,693.0651079999952,693.8828798330069,,,,,v,1,0.8132910819986137,None,parti4,001,2025-10-02_16h18.12.645,MotorSequenceLearning_NupurShah,,2025.1.1,119.47175659205593,2025-10-02 16h18.27.148750 +0530,
50,c,49,49,13,c,1,0.6702620409923838,None,,,,,13,49,49,2,693.9076176249946,,693.8834196249954,693.9076176249946,694.8737664170039,694.8737664170039,694.8737664170039,694.8737664170039,694.8980799580022,695.8822002079978,695.8822002079978,696.5589496250032,,,,,c,1,0.6702620409923838,None,parti4,001,2025-10-02_16h18.12.645,MotorSequenceLearning_NupurShah,,2025.1.1,119.47175659205593,2025-10-02 16h18.27.148750 +0530,
-150,z,50,50,8,z,1,0.8157062910031527,None,,,,,8,50,50,3,696.5686694580072,,696.5594511249947,696.5686694580072,697.5576897080027,697.5576897080027,697.5576897080027,697.5576897080027,697.5654058750079,698.5576159170014,698.5576159170014,699.3756054580008,,,,,z,1,0.8157062910031527,None,parti4,001,2025-10-02_16h18.12.645,MotorSequenceLearning_NupurShah,,2025.1.1,119.47175659205593,2025-10-02 16h18.27.148750 +0530,
50,c,51,51,14,c,1,0.9430912079988047,None,,,,,14,51,51,2,699.3863270830043,,699.3762157080055,699.3863270830043,700.3737964169995,700.3737964169995,700.3737964169995,700.3737964169995,700.3812164580013,701.3742483329988,701.3742483329988,702.3257316249947,,,,,c,1,0.9430912079988047,None,parti4,001,2025-10-02_16h18.12.645,MotorSequenceLearning_NupurShah,,2025.1.1,119.47175659205593,2025-10-02 16h18.27.148750 +0530,
50,c,52,52,15,c,1,0.7461336239939556,None,,,,,15,52,52,2,702.3356494580075,,702.3262442499981,702.3356494580075,703.3237980419945,703.3237980419945,703.3237980419945,703.3237980419945,703.3313999999955,704.3242525420064,704.3242525420064,705.0755626250029,,,,,c,1,0.7461336239939556,None,parti4,001,2025-10-02_16h18.12.645,MotorSequenceLearning_NupurShah,,2025.1.1,119.47175659205593,2025-10-02 16h18.27.148750 +0530,
-150,z,53,53,9,z,1,0.8178486659890041,None,,,,,9,53,53,3,705.0848464580049,,705.0760648750002,705.0848464580049,706.0669143749983,706.0669143749983,706.0669143749983,706.0669143749983,706.0827525000059,707.065413874996,707.065413874996,707.8925544999947,,,,,z,1,0.8178486659890041,None,parti4,001,2025-10-02_16h18.12.645,MotorSequenceLearning_NupurShah,,2025.1.1,119.47175659205593,2025-10-02 16h18.27.148750 +0530,
-50,x,54,54,15,x,1,0.8406912079954054,None,,,,,15,54,54,0,707.9021959999955,,707.8930477499962,707.9021959999955,708.8913939170016,708.8913939170016,708.8913939170016,708.8913939170016,708.8996819580061,709.8904522920056,709.8904522920056,710.7329068749968,,,,,x,1,0.8406912079954054,None,parti4,001,2025-10-02_16h18.12.645,MotorSequenceLearning_NupurShah,,2025.1.1,119.47175659205593,2025-10-02 16h18.27.148750 +0530,
-50,x,55,55,16,x,1,0.7519637079967652,None,,,,,16,55,55,0,710.7432468329935,,710.7333917920041,710.7432468329935,711.7336867080012,711.7336867080012,711.7336867080012,711.7336867080012,711.7417549999955,712.732104833005,712.732104833005,713.4926782080001,,,,,x,1,0.7519637079967652,None,parti4,001,2025-10-02_16h18.12.645,MotorSequenceLearning_NupurShah,,2025.1.1,119.47175659205593,2025-10-02 16h18.27.148750 +0530,
50,c,56,56,16,c,1,0.8855254999944009,None,,,,,16,56,56,2,713.5029130000039,,713.4932666670065,713.5029130000039,714.490619958,714.490619958,714.490619958,714.490619958,714.498445707999,715.4905807920004,715.4905807920004,716.3825391669961,,,,,c,1,0.8855254999944009,None,parti4,001,2025-10-02_16h18.12.645,MotorSequenceLearning_NupurShah,,2025.1.1,119.47175659205593,2025-10-02 16h18.27.148750 +0530,
50,c,57,57,17,c,1,0.7298041250032838,None,,,,,17,57,57,2,716.3926666670013,,716.3830540000054,716.3926666670013,717.3834538749943,717.3834538749943,717.3834538749943,717.3834538749943,717.3912089170044,718.383379167004,718.383379167004,719.1161862080044,,,,,c,1,0.7298041250032838,None,parti4,001,2025-10-02_16h18.12.645,MotorSequenceLearning_NupurShah,,2025.1.1,119.47175659205593,2025-10-02 16h18.27.148750 +0530,
-50,x,58,58,17,x,1,1.1489027490024455,None,,,,,17,58,58,0,719.1266896250017,,719.1166856670025,719.1266896250017,720.116591041995,720.116591041995,720.116591041995,720.116591041995,720.1246488330071,721.1162031669955,721.1162031669955,722.2759245829948,,,,,x,1,1.1489027490024455,None,parti4,001,2025-10-02_16h18.12.645,MotorSequenceLearning_NupurShah,,2025.1.1,119.47175659205593,2025-10-02 16h18.27.148750 +0530,
-150,z,59,59,10,z,1,0.8075002080004197,None,,,,,10,59,59,3,722.2852040830039,,722.2764106670074,722.2852040830039,723.2740097920032,723.2740097920032,723.2740097920032,723.2740097920032,723.281884541997,724.2745302080002,724.2745302080002,725.0925581670017,,,,,z,1,0.8075002080004197,None,parti4,001,2025-10-02_16h18.12.645,MotorSequenceLearning_NupurShah,,2025.1.1,119.47175659205593,2025-10-02 16h18.27.148750 +0530,
50,c,60,60,18,c,1,1.3794542500108946,None,,,,,18,60,60,2,725.1019767499965,,725.0930354169977,725.1019767499965,726.0911939579964,726.0911939579964,726.0911939579964,726.0911939579964,726.0988971250044,727.0906946670002,727.0906946670002,728.4757263750071,,,,,c,1,1.3794542500108946,None,parti4,001,2025-10-02_16h18.12.645,MotorSequenceLearning_NupurShah,,2025.1.1,119.47175659205593,2025-10-02 16h18.27.148750 +0530,
150,v,61,61,13,v,1,0.7644354569929419,None,,,,,13,61,61,1,728.4850992499996,,728.4762264169985,728.4850992499996,729.4669269169972,729.4669269169972,729.4669269169972,729.4669269169972,729.4819365830044,730.4746082079946,730.4746082079946,731.2423622920032,,,,,v,1,0.7644354569929419,None,parti4,001,2025-10-02_16h18.12.645,MotorSequenceLearning_NupurShah,,2025.1.1,119.47175659205593,2025-10-02 16h18.27.148750 +0530,
-50,x,62,62,18,x,1,0.7557979580014944,None,,,,,18,62,62,0,731.2516044170043,,731.2428380420024,731.2516044170043,732.2338034169952,732.2338034169952,732.2338034169952,732.2338034169952,732.2492200419947,733.2413020420063,733.2413020420063,733.9996561250009,,,,,x,1,0.7557979580014944,None,parti4,001,2025-10-02_16h18.12.645,MotorSequenceLearning_NupurShah,,2025.1.1,119.47175659205593,2025-10-02 16h18.27.148750 +0530,
50,c,63,63,19,c,1,1.0784950819943333,None,,,,,19,63,63,2,734.0102396250004,,734.0001678749977,734.0102396250004,734.9999570000073,734.9999570000073,734.9999570000073,734.9999570000073,735.0081735419953,735.9994152080035,735.9994152080035,737.0835717919981,,,,,c,1,1.0784950819943333,None,parti4,001,2025-10-02_16h18.12.645,MotorSequenceLearning_NupurShah,,2025.1.1,119.47175659205593,2025-10-02 16h18.27.148750 +0530,
150,v,64,64,14,v,1,0.8362762080068933,None,,,,,14,64,64,1,737.0942837920011,,737.084135541998,737.0942837920011,738.083699958006,738.083699958006,738.083699958006,738.083699958006,738.0915284579969,739.0827719999943,739.0827719999943,739.9262032499973,,,,,v,1,0.8362762080068933,None,parti4,001,2025-10-02_16h18.12.645,MotorSequenceLearning_NupurShah,,2025.1.1,119.47175659205593,2025-10-02 16h18.27.148750 +0530,
-150,z,65,65,11,z,1,0.9208402490039589,None,,,,,11,65,65,3,739.9354725830053,,739.9267096249969,739.9354725830053,740.9241847499943,740.9241847499943,740.9241847499943,740.9241847499943,740.9316184579948,741.9250284169975,741.9250284169975,742.8495534999965,,,,,z,1,0.9208402490039589,None,parti4,001,2025-10-02_16h18.12.645,MotorSequenceLearning_NupurShah,,2025.1.1,119.47175659205593,2025-10-02 16h18.27.148750 +0530,
-150,z,66,66,12,z,1,1.1752648319961736,None,,,,,12,66,66,3,742.8597605420073,,742.8500516670028,742.8597605420073,743.8507756250037,743.8507756250037,743.8507756250037,743.8507756250037,743.8592035830079,744.8414544169937,744.8414544169937,746.0259053750051,,,,,z,1,1.1752648319961736,None,parti4,001,2025-10-02_16h18.12.645,MotorSequenceLearning_NupurShah,,2025.1.1,119.47175659205593,2025-10-02 16h18.27.148750 +0530,
-150,z,67,67,13,z,1,0.7886289159941953,None,,,,,13,67,67,3,746.0357200419967,,746.0263919580029,746.0357200419967,747.0167115000077,747.0167115000077,747.0167115000077,747.0167115000077,747.0322809170029,748.0242844169989,748.0242844169989,748.8163015000027,,,,,z,1,0.7886289159941953,None,parti4,001,2025-10-02_16h18.12.645,MotorSequenceLearning_NupurShah,,2025.1.1,119.47175659205593,2025-10-02 16h18.27.148750 +0530,
150,v,68,68,15,v,1,1.2557017910003196,None,,,,,15,68,68,1,748.8266354999942,,748.8168209580035,748.8266354999942,749.8076858330023,749.8076858330023,749.8076858330023,749.8076858330023,749.8248528330005,750.8081335830066,750.8081335830066,752.0671267080033,,,,,v,1,1.2557017910003196,None,parti4,001,2025-10-02_16h18.12.645,MotorSequenceLearning_NupurShah,,2025.1.1,119.47175659205593,2025-10-02 16h18.27.148750 +0530,
150,v,69,69,16,v,1,0.8208823739987565,None,,,,,16,69,69,1,752.0918046669976,,752.0676304170047,752.0918046669976,753.0671883330069,753.0671883330069,753.0671883330069,753.0671883330069,753.0841127500025,754.0669790829998,754.0669790829998,754.8928915830038,,,,,v,1,0.8208823739987565,None,parti4,001,2025-10-02_16h18.12.645,MotorSequenceLearning_NupurShah,,2025.1.1,119.47175659205593,2025-10-02 16h18.27.148750 +0530,
150,v,70,70,17,v,1,0.8302865000005113,None,,,,,17,70,70,1,754.902711917006,,754.893393958002,754.902711917006,755.884366541999,755.884366541999,755.884366541999,755.884366541999,755.8997276250011,756.8915480830037,756.8915480830037,757.7263295000012,,,,,v,1,0.8302865000005113,None,parti4,001,2025-10-02_16h18.12.645,MotorSequenceLearning_NupurShah,,2025.1.1,119.47175659205593,2025-10-02 16h18.27.148750 +0530,
150,v,71,71,18,v,1,0.7907890000060434,None,,,,,18,71,71,1,757.7364594579994,,757.7269084169966,757.7364594579994,758.7249647499993,758.7249647499993,758.7249647499993,758.7249647499993,758.7322447920014,759.7249269169988,759.7249269169988,760.5419467920001,,,,,v,1,0.7907890000060434,None,parti4,001,2025-10-02_16h18.12.645,MotorSequenceLearning_NupurShah,,2025.1.1,119.47175659205593,2025-10-02 16h18.27.148750 +0530,
-150,z,72,72,14,z,1,0.8986697910004295,None,,,,,14,72,72,3,760.5589621249965,,760.5424614170042,760.5589621249965,761.535670917001,761.535670917001,761.535670917001,761.535670917001,761.5503155829938,762.5340186670073,762.5340186670073,763.4431659580005,,,,,z,1,0.8986697910004295,None,parti4,001,2025-10-02_16h18.12.645,MotorSequenceLearning_NupurShah,,2025.1.1,119.47175659205593,2025-10-02 16h18.27.148750 +0530,
50,c,73,73,20,c,1,0.9919434579933295,None,,,,,20,73,73,2,763.4534879999992,,763.4437738330016,763.4534879999992,764.4417355829937,764.4417355829937,764.4417355829937,764.4417355829937,764.4494191249978,765.4416573750059,765.4416573750059,766.4430890000076,,,,,c,1,0.9919434579933295,None,parti4,001,2025-10-02_16h18.12.645,MotorSequenceLearning_NupurShah,,2025.1.1,119.47175659205593,2025-10-02 16h18.27.148750 +0530,
-50,x,74,74,19,x,1,1.2529174990049796,None,,,,,19,74,74,0,766.4527232499968,,766.4435965830053,766.4527232499968,767.4418739579996,767.4418739579996,767.4418739579996,767.4418739579996,767.4495670830074,768.4416419579939,768.4416419579939,769.7007985420059,,,,,x,1,1.2529174990049796,None,parti4,001,2025-10-02_16h18.12.645,MotorSequenceLearning_NupurShah,,2025.1.1,119.47175659205593,2025-10-02 16h18.27.148750 +0530,
-50,x,75,75,20,x,1,0.8648883330024546,None,,,,,20,75,75,0,769.7253263330058,,769.7013067499938,769.7253263330058,770.6998191250023,770.6998191250023,770.6998191250023,770.6998191250023,770.7151250000024,771.7007056669972,771.7007056669972,772.5671331250051,,,,,x,1,0.8648883330024546,None,parti4,001,2025-10-02_16h18.12.645,MotorSequenceLearning_NupurShah,,2025.1.1,119.47175659205593,2025-10-02 16h18.27.148750 +0530,
150,v,76,76,19,v,1,0.9902304569986882,None,,,,,19,76,76,1,772.5770044170058,,772.5676404580008,772.5770044170058,773.5674424169993,773.5674424169993,773.5674424169993,773.5674424169993,773.5751828750072,774.5672810420074,774.5672810420074,775.5597819999966,,,,,v,1,0.9902304569986882,None,parti4,001,2025-10-02_16h18.12.645,MotorSequenceLearning_NupurShah,,2025.1.1,119.47175659205593,2025-10-02 16h18.27.148750 +0530,
-150,z,77,77,15,z,1,1.0177702910004882,None,,,,,15,77,77,3,775.5688962919958,,775.5602754169959,775.5688962919958,776.5513695419941,776.5513695419941,776.5513695419941,776.5513695419941,776.5593632920063,777.5585751670005,777.5585751670005,778.5837489999976,,,,,z,1,1.0177702910004882,None,parti4,001,2025-10-02_16h18.12.645,MotorSequenceLearning_NupurShah,,2025.1.1,119.47175659205593,2025-10-02 16h18.27.148750 +0530,
-50,x,78,78,21,x,1,0.9983132910128916,None,,,,,21,78,78,0,778.5939006669942,,778.5842443330039,778.5939006669942,779.5753439999971,779.5753439999971,779.5753439999971,779.5753439999971,779.5913989580004,780.575219958002,780.575219958002,781.5766663749964,,,,,x,1,0.9983132910128916,None,parti4,001,2025-10-02_16h18.12.645,MotorSequenceLearning_NupurShah,,2025.1.1,119.47175659205593,2025-10-02 16h18.27.148750 +0530,
-50,x,79,79,22,x,1,1.23930712499714,None,,,,,22,79,79,0,781.586678874999,,781.5772597500036,781.586678874999,782.5747680420027,782.5747680420027,782.5747680420027,782.5747680420027,782.5825717080006,783.5751747500035,783.5751747500035,784.8174489999947,,,,,x,1,1.23930712499714,None,parti4,001,2025-10-02_16h18.12.645,MotorSequenceLearning_NupurShah,,2025.1.1,119.47175659205593,2025-10-02 16h18.27.148750 +0530,
-50,x,80,80,23,x,1,0.481739540991839,None,,,,,23,80,80,0,784.8274221250031,,784.8179632079991,784.8274221250031,785.8178662919963,785.8178662919963,785.8178662919963,785.8178662919963,785.8259858749952,786.8165703330014,786.8165703330014,787.299860041996,,,,,x,1,0.481739540991839,None,parti4,001,2025-10-02_16h18.12.645,MotorSequenceLearning_NupurShah,,2025.1.1,119.47175659205593,2025-10-02 16h18.27.148750 +0530,
150,v,81,81,20,v,1,1.0604363739985274,None,,,,,20,81,81,1,787.3087190000078,,787.3003365829936,787.3087190000078,788.3006627499999,788.3006627499999,788.3006627499999,788.3006627499999,788.3006627499999,789.2919688749971,789.2919688749971,790.3598480000073,,,,,v,1,1.0604363739985274,None,parti4,001,2025-10-02_16h18.12.645,MotorSequenceLearning_NupurShah,,2025.1.1,119.47175659205593,2025-10-02 16h18.27.148750 +0530,
-50,x,82,82,24,x,1,0.8697827910073102,None,,,,,24,82,82,0,790.3695842500019,,790.3603415420075,790.3695842500019,791.3581687919941,791.3581687919941,791.3581687919941,791.3581687919941,791.3658679579967,792.3586307079968,792.3586307079968,793.233392167007,,,,,x,1,0.8697827910073102,None,parti4,001,2025-10-02_16h18.12.645,MotorSequenceLearning_NupurShah,,2025.1.1,119.47175659205593,2025-10-02 16h18.27.148750 +0530,
-150,z,83,83,16,z,1,0.8197208320052596,None,,,,,16,83,83,3,793.2429669169942,,793.2337884169974,793.2429669169942,794.2253977500077,794.2253977500077,794.2253977500077,794.2253977500077,794.2331231669959,795.2254870830075,795.2254870830075,796.0503847079963,,,,,z,1,0.8197208320052596,None,parti4,001,2025-10-02_16h18.12.645,MotorSequenceLearning_NupurShah,,2025.1.1,119.47175659205593,2025-10-02 16h18.27.148750 +0530,
150,v,84,84,21,v,1,0.8522683740011416,None,,,,,21,84,84,1,796.0603792500042,,796.0508872920036,796.0603792500042,797.051166499994,797.051166499994,797.051166499994,797.051166499994,797.058885624996,798.0512326669996,798.0512326669996,798.9103135000041,,,,,v,1,0.8522683740011416,None,parti4,001,2025-10-02_16h18.12.645,MotorSequenceLearning_NupurShah,,2025.1.1,119.47175659205593,2025-10-02 16h18.27.148750 +0530,
-50,x,85,85,25,x,1,0.8093767489917809,None,,,,,25,85,85,0,798.9206172919949,,798.910930041995,798.9206172919949,799.9087682920072,799.9087682920072,799.9087682920072,799.9087682920072,799.9168303329934,800.908821332996,800.908821332996,801.7260803329991,,,,,x,1,0.8093767489917809,None,parti4,001,2025-10-02_16h18.12.645,MotorSequenceLearning_NupurShah,,2025.1.1,119.47175659205593,2025-10-02 16h18.27.148750 +0530,
-150,z,86,86,17,z,1,1.0577396239968948,None,,,,,17,86,86,3,801.7353812920046,,801.7265800000023,801.7353812920046,802.717948000005,802.717948000005,802.717948000005,802.717948000005,802.7261139170005,803.7165410000016,803.7165410000016,804.776829208,,,,,z,1,1.0577396239968948,None,parti4,001,2025-10-02_16h18.12.645,MotorSequenceLearning_NupurShah,,2025.1.1,119.47175659205593,2025-10-02 16h18.27.148750 +0530,
150,v,87,87,22,v,1,0.9067669159994693,None,,,,,22,87,87,1,804.7863921670069,,804.777327792006,804.7863921670069,805.7754465830076,805.7754465830076,805.7754465830076,805.7754465830076,805.783135042002,806.7754642500076,806.7754642500076,807.6841602920031,,,,,v,1,0.9067669159994693,None,parti4,001,2025-10-02_16h18.12.645,MotorSequenceLearning_NupurShah,,2025.1.1,119.47175659205593,2025-10-02 16h18.27.148750 +0530,
50,c,88,88,21,c,1,0.7429422499990324,None,,,,,21,88,88,2,807.7090726250026,,807.6846599169949,807.7090726250026,808.6844133749983,808.6844133749983,808.6844133749983,808.6844133749983,808.6999667500058,809.6842599579977,809.6842599579977,810.4337617919955,,,,,c,1,0.7429422499990324,None,parti4,001,2025-10-02_16h18.12.645,MotorSequenceLearning_NupurShah,,2025.1.1,119.47175659205593,2025-10-02 16h18.27.148750 +0530,
50,c,89,89,22,c,1,0.7064164159965003,None,,,,,22,89,89,2,810.4434442920028,,810.4342971250007,810.4434442920028,811.4346648329956,811.4346648329956,811.4346648329956,811.4346648329956,811.4427081250033,812.4257943749981,812.4257943749981,813.1342157500039,,,,,c,1,0.7064164159965003,None,parti4,001,2025-10-02_16h18.12.645,MotorSequenceLearning_NupurShah,,2025.1.1,119.47175659205593,2025-10-02 16h18.27.148750 +0530,
150,v,90,90,23,v,1,0.7172479579894571,None,,,,,23,90,90,1,813.1590788330068,,813.1347324579983,813.1590788330068,814.1348808330076,814.1348808330076,814.1348808330076,814.1348808330076,814.1498046670022,815.1338261250057,815.1338261250057,815.859989250006,,,,,v,1,0.7172479579894571,None,parti4,001,2025-10-02_16h18.12.645,MotorSequenceLearning_NupurShah,,2025.1.1,119.47175659205593,2025-10-02 16h18.27.148750 +0530,
150,v,91,91,24,v,1,0.8871667909988901,None,,,,,24,91,91,1,815.8697074999945,,815.8604858750041,815.8697074999945,816.8511100000032,816.8511100000032,816.8511100000032,816.8511100000032,816.8667213330045,817.8500332919939,817.8500332919939,818.7433522079955,,,,,v,1,0.8871667909988901,None,parti4,001,2025-10-02_16h18.12.645,MotorSequenceLearning_NupurShah,,2025.1.1,119.47175659205593,2025-10-02 16h18.27.148750 +0530,
-150,z,92,92,18,z,1,0.8456764580041636,None,,,,,18,92,92,3,818.7533464169974,,818.7438649170072,818.7533464169974,819.7355021669937,819.7355021669937,819.7355021669937,819.7355021669937,819.750679292003,820.7344601250079,820.7344601250079,821.5840847079962,,,,,z,1,0.8456764580041636,None,parti4,001,2025-10-02_16h18.12.645,MotorSequenceLearning_NupurShah,,2025.1.1,119.47175659205593,2025-10-02 16h18.27.148750 +0530,
-50,x,93,93,26,x,1,1.001011207990814,None,,,,,26,93,93,0,821.594233833006,,821.5845988329966,821.594233833006,822.5861800830025,822.5861800830025,822.5861800830025,822.5861800830025,822.594154624996,823.5839011670032,823.5839011670032,824.5931052499946,,,,,x,1,1.001011207990814,None,parti4,001,2025-10-02_16h18.12.645,MotorSequenceLearning_NupurShah,,2025.1.1,119.47175659205593,2025-10-02 16h18.27.148750 +0530,
50,c,94,94,23,c,1,0.7207066249975469,None,,,,,23,94,94,2,824.6025106250017,,824.5936303750059,824.6025106250017,825.5844252920069,825.5844252920069,825.5844252920069,825.5844252920069,825.6003685420001,826.5844987080054,826.5844987080054,827.3102806670067,,,,,c,1,0.7207066249975469,None,parti4,001,2025-10-02_16h18.12.645,MotorSequenceLearning_NupurShah,,2025.1.1,119.47175659205593,2025-10-02 16h18.27.148750 +0530,
-50,x,95,95,27,x,1,0.9874197489989456,None,,,,,27,95,95,0,827.3207741249935,,827.3108696249983,827.3207741249935,828.3090215830016,828.3090215830016,828.3090215830016,828.3090215830016,828.3167281250062,829.3085492499958,829.3085492499958,830.3011289999995,,,,,x,1,0.9874197489989456,None,parti4,001,2025-10-02_16h18.12.645,MotorSequenceLearning_NupurShah,,2025.1.1,119.47175659205593,2025-10-02 16h18.27.148750 +0530,
-150,z,96,96,19,z,1,0.8584427909954684,None,,,,,19,96,96,3,830.3260389170027,,830.3016620419949,830.3260389170027,831.3015765419987,831.3015765419987,831.3015765419987,831.3015765419987,831.3165707080043,832.292476417002,832.292476417002,833.1599439580023,,,,,z,1,0.8584427909954684,None,parti4,001,2025-10-02_16h18.12.645,MotorSequenceLearning_NupurShah,,2025.1.1,119.47175659205593,2025-10-02 16h18.27.148750 +0530,
150,v,97,97,25,v,1,1.1215087909949943,None,,,,,25,97,97,1,833.1693079999968,,833.1604884999979,833.1693079999968,834.1508719580015,834.1508719580015,834.1508719580015,834.1508719580015,834.1662543330021,835.1506036250066,835.1506036250066,836.2771624580055,,,,,v,1,1.1215087909949943,None,parti4,001,2025-10-02_16h18.12.645,MotorSequenceLearning_NupurShah,,2025.1.1,119.47175659205593,2025-10-02 16h18.27.148750 +0530,
150,v,98,98,26,v,1,1.045601790989167,None,,,,,26,98,98,1,836.2876441669941,,836.2777314169944,836.2876441669941,837.275404333006,837.275404333006,837.275404333006,837.275404333006,837.2830763749953,838.2754490829975,838.2754490829975,839.3267385000072,,,,,v,1,1.045601790989167,None,parti4,001,2025-10-02_16h18.12.645,MotorSequenceLearning_NupurShah,,2025.1.1,119.47175659205593,2025-10-02 16h18.27.148750 +0530,
-150,z,99,99,20,z,1,0.8728629160032142,None,,,,,20,99,99,3,839.3369247920054,,839.3273329999938,839.3369247920054,840.3184306670009,840.3184306670009,840.3184306670009,840.3184306670009,840.3339865830058,841.3169123749976,841.3169123749976,842.1943558750063,,,,,z,1,0.8728629160032142,None,parti4,001,2025-10-02_16h18.12.645,MotorSequenceLearning_NupurShah,,2025.1.1,119.47175659205593,2025-10-02 16h18.27.148750 +0530,
50,c,100,100,24,c,1,0.7353604570089374,None,,,,,24,100,100,2,842.2048750829999,,842.1950499999948,842.2048750829999,843.1928117920033,843.1928117920033,843.1928117920033,843.1928117920033,843.2005613329966,844.1925765420019,844.1925765420019,844.9341508329962,,,,,c,1,0.7353604570089374,None,parti4,001,2025-10-02_16h18.12.645,MotorSequenceLearning_NupurShah,,2025.1.1,119.47175659205593,2025-10-02 16h18.27.148750 +0530,
-150,z,101,101,21,z,1,1.7269373320013983,None,,,,,21,101,101,3,844.9443937500037,,844.9346697500005,844.9443937500037,845.9254531250044,845.9254531250044,845.9254531250044,845.9254531250044,845.942746582994,846.9259235000063,846.9259235000063,848.6608033749944,,,,,z,1,1.7269373320013983,None,parti4,001,2025-10-02_16h18.12.645,MotorSequenceLearning_NupurShah,,2025.1.1,119.47175659205593,2025-10-02 16h18.27.148750 +0530,
150,v,102,102,27,v,1,1.3084225409984356,None,,,,,27,102,102,1,848.671629000004,,848.6614069579955,848.671629000004,849.6592722500063,849.6592722500063,849.6592722500063,849.6592722500063,849.6669644170033,850.6593244170072,850.6593244170072,851.977693666995,,,,,v,1,1.3084225409984356,None,parti4,001,2025-10-02_16h18.12.645,MotorSequenceLearning_NupurShah,,2025.1.1,119.47175659205593,2025-10-02 16h18.27.148750 +0530,
-150,z,103,103,22,z,1,1.044910708005773,None,,,,,22,103,103,3,851.9881816249981,,851.978328792,851.9881816249981,852.9754751250002,852.9754751250002,852.9754751250002,852.9754751250002,852.9832199999946,853.9758498750016,853.9758498750016,855.0274560830003,,,,,z,1,1.044910708005773,None,parti4,001,2025-10-02_16h18.12.645,MotorSequenceLearning_NupurShah,,2025.1.1,119.47175659205593,2025-10-02 16h18.27.148750 +0530,
-150,z,104,104,23,z,1,0.8046759580029175,None,,,,,23,104,104,3,855.0378346250072,,855.0281239169999,855.0378346250072,856.0261202919937,856.0261202919937,856.0261202919937,856.0261202919937,856.0338640419941,857.0261236670049,857.0261236670049,857.834731875002,,,,,z,1,0.8046759580029175,None,parti4,001,2025-10-02_16h18.12.645,MotorSequenceLearning_NupurShah,,2025.1.1,119.47175659205593,2025-10-02 16h18.27.148750 +0530,
-50,x,105,105,28,x,1,0.6146302910055965,None,,,,,28,105,105,0,857.8449927080073,,857.8352507079981,857.8449927080073,858.8352365830069,858.8352365830069,858.8352365830069,858.8352365830069,858.8430610829964,859.8342783330008,859.8342783330008,860.450809957998,,,,,x,1,0.6146302910055965,None,parti4,001,2025-10-02_16h18.12.645,MotorSequenceLearning_NupurShah,,2025.1.1,119.47175659205593,2025-10-02 16h18.27.148750 +0530,
150,v,106,106,28,v,1,1.3059389580012066,None,,,,,28,106,106,1,860.459018583002,,860.4513012499956,860.459018583002,861.4422819169995,861.4422819169995,861.4422819169995,861.4422819169995,861.4499341250048,862.4517349170055,862.4517349170055,863.7608585419948,,,,,v,1,1.3059389580012066,None,parti4,001,2025-10-02_16h18.12.645,MotorSequenceLearning_NupurShah,,2025.1.1,119.47175659205593,2025-10-02 16h18.27.148750 +0530,
-150,z,107,107,24,z,1,1.0832116660021711,None,,,,,24,107,107,3,863.7707279580063,,863.7613450000063,863.7707279580063,864.7590238749981,864.7590238749981,864.7590238749981,864.7590238749981,864.7666670000035,865.7594423749979,865.7594423749979,866.8439727920049,,,,,z,1,1.0832116660021711,None,parti4,001,2025-10-02_16h18.12.645,MotorSequenceLearning_NupurShah,,2025.1.1,119.47175659205593,2025-10-02 16h18.27.148750 +0530,
50,c,108,108,25,c,1,1.0377077080047457,None,,,,,25,108,108,2,866.8538485830068,,866.8444912499981,866.8538485830068,867.8349410420051,867.8349410420051,867.8349410420051,867.8349410420051,867.8505122500064,868.8429084999952,868.8429084999952,869.8853539999982,,,,,c,1,1.0377077080047457,None,parti4,001,2025-10-02_16h18.12.645,MotorSequenceLearning_NupurShah,,2025.1.1,119.47175659205593,2025-10-02 16h18.27.148750 +0530,
-150,z,109,109,25,z,1,1.0993503329955274,None,,,,,25,109,109,3,869.9098155829997,,869.8858657920064,869.9098155829997,870.8852142499964,870.8852142499964,870.8852142499964,870.8852142499964,870.9006445830018,871.8842822919978,871.8842822919978,872.9864128329937,,,,,z,1,1.0993503329955274,None,parti4,001,2025-10-02_16h18.12.645,MotorSequenceLearning_NupurShah,,2025.1.1,119.47175659205593,2025-10-02 16h18.27.148750 +0530,
-150,z,110,110,26,z,1,0.9246084570040694,None,,,,,26,110,110,3,872.9968689999951,,872.9870317500026,872.9968689999951,873.9854361670004,873.9854361670004,873.9854361670004,873.9854361670004,873.9934664169996,874.9849718330079,874.9849718330079,875.9112134580064,,,,,z,1,0.9246084570040694,None,parti4,001,2025-10-02_16h18.12.645,MotorSequenceLearning_NupurShah,,2025.1.1,119.47175659205593,2025-10-02 16h18.27.148750 +0530,
50,c,111,111,26,c,1,0.85504920699168,None,,,,,26,111,111,2,875.9216399169964,,875.9118095000013,875.9216399169964,876.9090955419961,876.9090955419961,876.9090955419961,876.9090955419961,876.9166911250068,877.9095812919986,877.9095812919986,878.7680085000029,,,,,c,1,0.85504920699168,None,parti4,001,2025-10-02_16h18.12.645,MotorSequenceLearning_NupurShah,,2025.1.1,119.47175659205593,2025-10-02 16h18.27.148750 +0530,
50,c,112,112,27,c,1,0.8718183750024764,None,,,,,27,112,112,2,878.7780082920071,,878.7685237919941,878.7780082920071,879.7684709169989,879.7684709169989,879.7684709169989,879.7684709169989,879.776719542002,880.7678365000029,880.7678365000029,881.644381207996,,,,,c,1,0.8718183750024764,None,parti4,001,2025-10-02_16h18.12.645,MotorSequenceLearning_NupurShah,,2025.1.1,119.47175659205593,2025-10-02 16h18.27.148750 +0530,
-50,x,113,113,29,x,1,0.8774562070029788,None,,,,,29,113,113,0,881.6550971249962,,881.6449699170043,881.6550971249962,882.6431392079976,882.6431392079976,882.6431392079976,882.6431392079976,882.6507428330078,883.6429958329973,883.6429958329973,884.5279373749945,,,,,x,1,0.8774562070029788,None,parti4,001,2025-10-02_16h18.12.645,MotorSequenceLearning_NupurShah,,2025.1.1,119.47175659205593,2025-10-02 16h18.27.148750 +0530,
50,c,114,114,28,c,1,0.8847485829901416,None,,,,,28,114,114,2,884.5379082500003,,884.5285064170021,884.5379082500003,885.5258448749955,885.5258448749955,885.5258448749955,885.5258448749955,885.5333120419964,886.5266067079938,886.5266067079938,887.4184594170074,,,,,c,1,0.8847485829901416,None,parti4,001,2025-10-02_16h18.12.645,MotorSequenceLearning_NupurShah,,2025.1.1,119.47175659205593,2025-10-02 16h18.27.148750 +0530,
150,v,115,115,29,v,1,0.882986748998519,None,,,,,29,115,115,1,887.4286711669993,,887.4189882500068,887.4286711669993,888.4187063330028,888.4187063330028,888.4187063330028,888.4187063330028,888.4267377079959,889.4184344170062,889.4184344170062,890.3111489169969,,,,,v,1,0.882986748998519,None,parti4,001,2025-10-02_16h18.12.645,MotorSequenceLearning_NupurShah,,2025.1.1,119.47175659205593,2025-10-02 16h18.27.148750 +0530,
-150,z,116,116,27,z,1,0.8667863739974564,None,,,,,27,116,116,3,890.3213908330072,,890.3117793749989,890.3213908330072,891.3022192079952,891.3022192079952,891.3022192079952,891.3022192079952,891.3181062499934,892.3097344580019,892.3097344580019,893.1778104999976,,,,,z,1,0.8667863739974564,None,parti4,001,2025-10-02_16h18.12.645,MotorSequenceLearning_NupurShah,,2025.1.1,119.47175659205593,2025-10-02 16h18.27.148750 +0530,
-50,x,117,117,30,x,1,1.13690383300127,None,,,,,30,117,117,0,893.1844707919954,,893.1783280420059,893.1844707919954,894.176018875005,894.176018875005,894.176018875005,894.176018875005,894.1838696250052,895.176481625007,895.176481625007,896.3186655419995,,,,,x,1,1.13690383300127,None,parti4,001,2025-10-02_16h18.12.645,MotorSequenceLearning_NupurShah,,2025.1.1,119.47175659205593,2025-10-02 16h18.27.148750 +0530,
150,v,118,118,30,v,1,1.064690832994529,None,,,,,30,118,118,1,896.3287496249977,,896.3191836670012,896.3287496249977,897.3189123750053,897.3189123750053,897.3189123750053,897.3189123750053,897.3269803750009,898.317800417004,898.317800417004,899.3850831669988,,,,,v,1,1.064690832994529,None,parti4,001,2025-10-02_16h18.12.645,MotorSequenceLearning_NupurShah,,2025.1.1,119.47175659205593,2025-10-02 16h18.27.148750 +0530,
-50,x,119,119,31,x,1,1.2598938329902012,None,,,,,31,119,119,0,899.410069125006,,899.3856639169971,899.410069125006,900.3854340420075,900.3854340420075,900.3854340420075,900.3854340420075,900.4006321670022,901.3844645000063,901.3844645000063,902.6515834169986,,,,,x,1,1.2598938329902012,None,parti4,001,2025-10-02_16h18.12.645,MotorSequenceLearning_NupurShah,,2025.1.1,119.47175659205593,2025-10-02 16h18.27.148750 +0530,
50,c,120,120,29,c,1,2.1559637909958838,None,,,,,29,120,120,2,902.660713624995,,902.6521095829958,902.660713624995,903.6521294580016,903.6521294580016,903.6521294580016,903.6521294580016,903.6521294580016,904.6519776250061,904.6519776250061,906.810699499998,,,,,c,1,2.1559637909958838,None,parti4,001,2025-10-02_16h18.12.645,MotorSequenceLearning_NupurShah,,2025.1.1,119.47175659205593,2025-10-02 16h18.27.148750 +0530,
-150,z,121,121,28,z,1,1.1984355410095304,None,,,,,28,121,121,3,906.8204647920065,,906.8111871669971,906.8204647920065,907.8095288330078,907.8095288330078,907.8095288330078,907.8095288330078,907.8178025420057,908.802228917004,908.802228917004,910.0113871250069,,,,,z,1,1.1984355410095304,None,parti4,001,2025-10-02_16h18.12.645,MotorSequenceLearning_NupurShah,,2025.1.1,119.47175659205593,2025-10-02 16h18.27.148750 +0530,
50,c,122,122,30,c,1,0.7800874579988886,None,,,,,30,122,122,2,910.0209457919991,,910.0118809580017,910.0209457919991,911.0101930829987,911.0101930829987,911.0101930829987,911.0101930829987,911.0178302080021,912.0095314579958,912.0095314579958,912.7943796670006,,,,,c,1,0.7800874579988886,None,parti4,001,2025-10-02_16h18.12.645,MotorSequenceLearning_NupurShah,,2025.1.1,119.47175659205593,2025-10-02 16h18.27.148750 +0530,
-50,x,123,123,32,x,1,1.2139870830142172,None,,,,,32,123,123,0,912.8042080830055,,912.7948854169954,912.8042080830055,913.7859365829936,913.7859365829936,913.7859365829936,913.7859365829936,913.8015040000028,914.7846882919985,914.7846882919985,916.0019483750075,,,,,x,1,1.2139870830142172,None,parti4,001,2025-10-02_16h18.12.645,MotorSequenceLearning_NupurShah,,2025.1.1,119.47175659205593,2025-10-02 16h18.27.148750 +0530,
-150,z,124,124,29,z,1,0.879173790992354,None,,,,,29,124,124,3,916.026802249995,,916.0025998329947,916.026802249995,917.0014274169953,917.0014274169953,917.0014274169953,917.0014274169953,917.015372541995,917.9934279169975,917.9934279169975,918.8778556670004,,,,,z,1,0.879173790992354,None,parti4,001,2025-10-02_16h18.12.645,MotorSequenceLearning_NupurShah,,2025.1.1,119.47175659205593,2025-10-02 16h18.27.148750 +0530,
-150,z,125,125,30,z,1,0.915710041008424,None,,,,,30,125,125,3,918.8874924999982,,918.8783735830075,918.8874924999982,919.876192708005,919.876192708005,919.876192708005,919.876192708005,919.8840004579979,920.876782583,920.876782583,921.795126166995,,,,,z,1,0.915710041008424,None,parti4,001,2025-10-02_16h18.12.645,MotorSequenceLearning_NupurShah,,2025.1.1,119.47175659205593,2025-10-02 16h18.27.148750 +0530,
50,c,126,126,31,c,1,1.2176369999942835,None,,,,,31,126,126,2,921.804481291998,,921.7956275830074,921.804481291998,922.7936845420045,922.7936845420045,922.7936845420045,922.7936845420045,922.801476749999,923.7937468750024,923.7937468750024,925.0183675000007,,,,,c,1,1.2176369999942835,None,parti4,001,2025-10-02_16h18.12.645,MotorSequenceLearning_NupurShah,,2025.1.1,119.47175659205593,2025-10-02 16h18.27.148750 +0530,
150,v,127,127,31,v,1,1.210292791001848,None,,,,,31,127,127,1,925.028120832998,,925.0188820829935,925.028120832998,926.0184143749939,926.0184143749939,926.0184143749939,926.0184143749939,926.0268386670068,927.0101963750058,927.0101963750058,928.2283220420068,,,,,v,1,1.210292791001848,None,parti4,001,2025-10-02_16h18.12.645,MotorSequenceLearning_NupurShah,,2025.1.1,119.47175659205593,2025-10-02 16h18.27.148750 +0530,
50,c,128,128,32,c,1,0.6884382910066051,None,,,,,32,128,128,2,928.2386098330026,,928.2289192919998,928.2386098330026,929.2263950829947,929.2263950829947,929.2263950829947,929.2263950829947,929.234102041999,930.2270221670042,930.2270221670042,930.9187510000047,,,,,c,1,0.6884382910066051,None,parti4,001,2025-10-02_16h18.12.645,MotorSequenceLearning_NupurShah,,2025.1.1,119.47175659205593,2025-10-02 16h18.27.148750 +0530,
150,v,129,129,32,v,1,1.7176083750091493,None,,,,,32,129,129,1,930.9289462080051,,930.919255707995,930.9289462080051,931.9193853750039,931.9193853750039,931.9193853750039,931.9193853750039,931.9271451249951,932.9177887499973,932.9177887499973,934.6458512499958,,,,,v,1,1.7176083750091493,None,parti4,001,2025-10-02_16h18.12.645,MotorSequenceLearning_NupurShah,,2025.1.1,119.47175659205593,2025-10-02 16h18.27.148750 +0530,
50,c,130,130,33,c,1,0.6224728320084978,None,,,,,33,130,130,2,934.6561447499989,,934.6464645420056,934.6561447499989,935.6437136250024,935.6437136250024,935.6437136250024,935.6437136250024,935.6513767080032,936.6439189999946,936.6439189999946,937.2683796250058,,,,,c,1,0.6224728320084978,None,parti4,001,2025-10-02_16h18.12.645,MotorSequenceLearning_NupurShah,,2025.1.1,119.47175659205593,2025-10-02 16h18.27.148750 +0530,
-50,x,131,131,33,x,1,2.362712125002872,None,,,,,33,131,131,0,937.2764712500066,,937.2689037079981,937.2764712500066,938.2691776249994,938.2691776249994,938.2691776249994,938.2691776249994,938.2691776249994,939.2691975000052,939.2691975000052,941.6355591669999,,,,,x,1,2.362712125002872,None,parti4,001,2025-10-02_16h18.12.645,MotorSequenceLearning_NupurShah,,2025.1.1,119.47175659205593,2025-10-02 16h18.27.148750 +0530,
-150,z,132,132,31,z,1,2.3698686239949893,None,,,,,31,132,132,3,941.6605647079996,,941.6361982499948,941.6605647079996,942.6355376249994,942.6355376249994,942.6355376249994,942.6355376249994,942.6505727500044,943.6352137079957,943.6352137079957,946.0121608329937,,,,,z,1,2.3698686239949893,None,parti4,001,2025-10-02_16h18.12.645,MotorSequenceLearning_NupurShah,,2025.1.1,119.47175659205593,2025-10-02 16h18.27.148750 +0530,
-150,z,133,133,32,z,1,0.8272100409958512,None,,,,,32,133,133,3,946.0222023749957,,946.0128727919946,946.0222023749957,947.0105199170066,947.0105199170066,947.0105199170066,947.0105199170066,947.0182349999959,948.0099442079954,948.0099442079954,948.8451437500044,,,,,z,1,0.8272100409958512,None,parti4,001,2025-10-02_16h18.12.645,MotorSequenceLearning_NupurShah,,2025.1.1,119.47175659205593,2025-10-02 16h18.27.148750 +0530,
50,c,134,134,34,c,1,0.9964499159978004,None,,,,,34,134,134,2,948.8546940420056,,948.8456427500059,948.8546940420056,949.8432508330006,949.8432508330006,949.8432508330006,949.8432508330006,949.8508797920076,950.8437589170062,950.8437589170062,951.8452215419966,,,,,c,1,0.9964499159978004,None,parti4,001,2025-10-02_16h18.12.645,MotorSequenceLearning_NupurShah,,2025.1.1,119.47175659205593,2025-10-02 16h18.27.148750 +0530,
150,v,135,135,33,v,1,0.7371735410124529,None,,,,,33,135,135,1,951.8556177499995,,951.8458129170031,951.8556177499995,952.8433917920047,952.8433917920047,952.8433917920047,952.8433917920047,952.8510918749962,953.8438001250033,953.8438001250033,954.585194291998,,,,,v,1,0.7371735410124529,None,parti4,001,2025-10-02_16h18.12.645,MotorSequenceLearning_NupurShah,,2025.1.1,119.47175659205593,2025-10-02 16h18.27.148750 +0530,
-150,z,136,136,33,z,1,1.4233942489954643,None,,,,,33,136,136,3,954.5949502500007,,954.585719249997,954.5949502500007,955.5857399579982,955.5857399579982,955.5857399579982,955.5857399579982,955.5857399579982,956.5766784169973,956.5766784169973,958.0022215829958,,,,,z,1,1.4233942489954643,None,parti4,001,2025-10-02_16h18.12.645,MotorSequenceLearning_NupurShah,,2025.1.1,119.47175659205593,2025-10-02 16h18.27.148750 +0530,
-50,x,137,137,34,x,1,0.8038864159898367,None,,,,,34,137,137,0,958.0104869579955,,958.0027195419971,958.0104869579955,958.9945037080033,958.9945037080033,958.9945037080033,958.9945037080033,959.0019049580005,960.0022068749968,960.0022068749968,960.8122262079996,,,,,x,1,0.8038864159898367,None,parti4,001,2025-10-02_16h18.12.645,MotorSequenceLearning_NupurShah,,2025.1.1,119.47175659205593,2025-10-02 16h18.27.148750 +0530,
-150,z,138,138,34,z,1,1.4594212910014903,None,,,,,34,138,138,3,960.8223241249943,,960.8128345419973,960.8223241249943,961.8099604580057,961.8099604580057,961.8099604580057,961.8099604580057,961.8176580419968,962.8105776669981,962.8105776669981,964.2788612919976,,,,,z,1,1.4594212910014903,None,parti4,001,2025-10-02_16h18.12.645,MotorSequenceLearning_NupurShah,,2025.1.1,119.47175659205593,2025-10-02 16h18.27.148750 +0530,
-150,z,139,139,35,z,1,0.9734552490117494,None,,,,,35,139,139,3,964.2886608330009,,964.2793958330003,964.2886608330009,965.2782802080037,965.2782802080037,965.2782802080037,965.2782802080037,965.2857556249946,966.2774403749936,966.2774403749936,967.2534104579972,,,,,z,1,0.9734552490117494,None,parti4,001,2025-10-02_16h18.12.645,MotorSequenceLearning_NupurShah,,2025.1.1,119.47175659205593,2025-10-02 16h18.27.148750 +0530,
50,c,140,140,35,c,1,0.966403333004564,None,,,,,35,140,140,2,967.2636136670044,,967.254112249997,967.2636136670044,968.2540984170046,968.2540984170046,968.2540984170046,968.2540984170046,968.2618182080041,969.2524199170002,969.2524199170002,970.2290162919962,,,,,c,1,0.966403333004564,None,parti4,001,2025-10-02_16h18.12.645,MotorSequenceLearning_NupurShah,,2025.1.1,119.47175659205593,2025-10-02 16h18.27.148750 +0530,
150,v,141,141,34,v,1,0.898909083000035,None,,,,,34,141,141,1,970.239212667002,,970.2295942079945,970.239212667002,971.2275316250016,971.2275316250016,971.2275316250016,971.2275316250016,971.2352506669995,972.2268835830037,972.2268835830037,973.1286240420013,,,,,v,1,0.898909083000035,None,parti4,001,2025-10-02_16h18.12.645,MotorSequenceLearning_NupurShah,,2025.1.1,119.47175659205593,2025-10-02 16h18.27.148750 +0530,
150,v,142,142,35,v,1,1.2223739580076654,None,,,,,35,142,142,1,973.1379458330048,,973.1291255420074,973.1379458330048,974.1269469170074,974.1269469170074,974.1269469170074,974.1269469170074,974.1347192079993,975.1274322499958,975.1274322499958,976.3522210829979,,,,,v,1,1.2223739580076654,None,parti4,001,2025-10-02_16h18.12.645,MotorSequenceLearning_NupurShah,,2025.1.1,119.47175659205593,2025-10-02 16h18.27.148750 +0530,
-50,x,143,143,35,x,1,0.9418072080006823,None,,,,,35,143,143,0,976.362100667,,976.3527357919957,976.362100667,977.3435719169938,977.3435719169938,977.3435719169938,977.3435719169938,977.3610126669955,978.3530097920011,978.3530097920011,979.3030552919954,,,,,x,1,0.9418072080006823,None,parti4,001,2025-10-02_16h18.12.645,MotorSequenceLearning_NupurShah,,2025.1.1,119.47175659205593,2025-10-02 16h18.27.148750 +0530,
50,c,144,144,36,c,1,0.7278839569917182,None,,,,,36,144,144,2,979.3275882080052,,979.3035472079937,979.3275882080052,980.3029417500074,980.3029417500074,980.3029417500074,980.3029417500074,980.3181895830057,981.3028547499998,981.3028547499998,982.0358735000045,,,,,c,1,0.7278839569917182,None,parti4,001,2025-10-02_16h18.12.645,MotorSequenceLearning_NupurShah,,2025.1.1,119.47175659205593,2025-10-02 16h18.27.148750 +0530,
50,c,145,145,37,c,1,0.6044189990061568,None,,,,,37,145,145,2,982.046409292001,,982.036465666999,982.046409292001,983.0364496669936,983.0364496669936,983.0364496669936,983.0364496669936,983.0442500420031,984.0364142500039,984.0364142500039,984.6454739170003,,,,,c,1,0.6044189990061568,None,parti4,001,2025-10-02_16h18.12.645,MotorSequenceLearning_NupurShah,,2025.1.1,119.47175659205593,2025-10-02 16h18.27.148750 +0530,
-50,x,146,146,36,x,1,1.1884509990049992,None,,,,,36,146,146,0,984.6551529580029,,984.6459753329982,984.6551529580029,985.6437177080079,985.6437177080079,985.6437177080079,985.6437177080079,985.6514707919996,986.6442274169967,986.6442274169967,987.8359049580031,,,,,x,1,1.1884509990049992,None,parti4,001,2025-10-02_16h18.12.645,MotorSequenceLearning_NupurShah,,2025.1.1,119.47175659205593,2025-10-02 16h18.27.148750 +0530,
150,v,147,147,36,v,1,1.0609911659994395,None,,,,,36,147,147,1,987.8459776249947,,987.836431542004,987.8459776249947,988.8359394580038,988.8359394580038,988.8359394580038,988.8359394580038,988.8437082919991,989.8357331250008,989.8357331250008,990.9025359999941,,,,,v,1,1.0609911659994395,None,parti4,001,2025-10-02_16h18.12.645,MotorSequenceLearning_NupurShah,,2025.1.1,119.47175659205593,2025-10-02 16h18.27.148750 +0530,
-150,z,148,148,36,z,1,1.4790582079876913,None,,,,,36,148,148,3,990.912167625007,,990.9030227500043,990.912167625007,991.893978417007,991.893978417007,991.893978417007,991.893978417007,991.910903416996,992.8937527920061,992.8937527920061,994.3782590000046,,,,,z,1,1.4790582079876913,None,parti4,001,2025-10-02_16h18.12.645,MotorSequenceLearning_NupurShah,,2025.1.1,119.47175659205593,2025-10-02 16h18.27.148750 +0530,
-150,z,149,149,37,z,1,1.1726681660074973,None,,,,,37,149,149,3,994.3876681249967,,994.3787516669981,994.3876681249967,995.3699578329979,995.3699578329979,995.3699578329979,995.3699578329979,995.3855756669946,996.3699029580021,996.3699029580021,997.545589500005,,,,,z,1,1.1726681660074973,None,parti4,001,2025-10-02_16h18.12.645,MotorSequenceLearning_NupurShah,,2025.1.1,119.47175659205593,2025-10-02 16h18.27.148750 +0530,
-150,z,150,150,38,z,1,0.821307374004391,None,,,,,38,150,150,3,997.5555003329937,,997.5461009999999,997.5555003329937,998.5444588329992,998.5444588329992,998.5444588329992,998.5444588329992,998.5521490829997,999.5442993750039,999.5442993750039,1000.3690297080029,,,,,z,1,0.821307374004391,None,parti4,001,2025-10-02_16h18.12.645,MotorSequenceLearning_NupurShah,,2025.1.1,119.47175659205593,2025-10-02 16h18.27.148750 +0530,
50,c,151,151,38,c,1,0.9289640829956625,None,,,,,38,151,151,2,1000.3788395419979,,1000.3694919580012,1000.3788395419979,1001.3709666670038,1001.3709666670038,1001.3709666670038,1001.3709666670038,1001.3785596670059,1002.360570082994,1002.360570082994,1003.2954359169962,,,,,c,1,0.9289640829956625,None,parti4,001,2025-10-02_16h18.12.645,MotorSequenceLearning_NupurShah,,2025.1.1,119.47175659205593,2025-10-02 16h18.27.148750 +0530,
50,c,152,152,39,c,1,0.6976937489962438,None,,,,,39,152,152,2,1003.3046665830043,,1003.2959353329934,1003.3046665830043,1004.2864591670077,1004.2864591670077,1004.2864591670077,1004.2864591670077,1004.3021034169942,1005.2858917080011,1005.2858917080011,1005.9862262079987,,,,,c,1,0.6976937489962438,None,parti4,001,2025-10-02_16h18.12.645,MotorSequenceLearning_NupurShah,,2025.1.1,119.47175659205593,2025-10-02 16h18.27.148750 +0530,
-50,x,153,153,37,x,1,0.8327733320038533,None,,,,,37,153,153,0,1005.9965037079965,,1005.986725833005,1005.9965037079965,1006.9866217920062,1006.9866217920062,1006.9866217920062,1006.9866217920062,1006.9944961250003,1007.9855001249962,1007.9855001249962,1008.8196540829958,,,,,x,1,0.8327733320038533,None,parti4,001,2025-10-02_16h18.12.645,MotorSequenceLearning_NupurShah,,2025.1.1,119.47175659205593,2025-10-02 16h18.27.148750 +0530,
50,c,154,154,40,c,1,1.1218222080060514,None,,,,,40,154,154,2,1008.8277919170068,,1008.8201297920023,1008.8277919170068,1009.8190839580056,1009.8190839580056,1009.8190839580056,1009.8190839580056,1009.8190839580056,1010.8197417920019,1010.8197417920019,1011.9453711249953,,,,,c,1,1.1218222080060514,None,parti4,001,2025-10-02_16h18.12.645,MotorSequenceLearning_NupurShah,,2025.1.1,119.47175659205593,2025-10-02 16h18.27.148750 +0530,
-150,z,155,155,39,z,1,0.9788078320125351,None,,,,,39,155,155,3,1011.955443083003,,1011.9459405420057,1011.955443083003,1012.9356259170017,1012.9356259170017,1012.9356259170017,1012.9356259170017,1012.9517637079989,1013.9366370000062,1013.9366370000062,1014.9192758749996,,,,,z,1,0.9788078320125351,None,parti4,001,2025-10-02_16h18.12.645,MotorSequenceLearning_NupurShah,,2025.1.1,119.47175659205593,2025-10-02 16h18.27.148750 +0530,
-150,z,156,156,40,z,1,0.7149693740066141,None,,,,,40,156,156,3,1014.9289418330009,,1014.9197769169987,1014.9289418330009,1015.9108324999979,1015.9108324999979,1015.9108324999979,1015.9108324999979,1015.9274147079996,1016.9112237079971,1016.9112237079971,1017.6295097499969,,,,,z,1,0.7149693740066141,None,parti4,001,2025-10-02_16h18.12.645,MotorSequenceLearning_NupurShah,,2025.1.1,119.47175659205593,2025-10-02 16h18.27.148750 +0530,
150,v,157,157,37,v,1,1.0839246660034405,None,,,,,37,157,157,1,1017.6401509999996,,1017.6301302920037,1017.6401509999996,1018.6275044170034,1018.6275044170034,1018.6275044170034,1018.6275044170034,1018.635660208005,1019.6274031670036,1019.6274031670036,1020.7128764170047,,,,,v,1,1.0839246660034405,None,parti4,001,2025-10-02_16h18.12.645,MotorSequenceLearning_NupurShah,,2025.1.1,119.47175659205593,2025-10-02 16h18.27.148750 +0530,
50,c,158,158,41,c,1,0.9311231659958139,None,,,,,41,158,158,2,1020.7231230000034,,1020.7135044580064,1020.7231230000034,1021.7107640419999,1021.7107640419999,1021.7107640419999,1021.7107640419999,1021.7184625829977,1022.711219417004,1022.711219417004,1023.6461958330037,,,,,c,1,0.9311231659958139,None,parti4,001,2025-10-02_16h18.12.645,MotorSequenceLearning_NupurShah,,2025.1.1,119.47175659205593,2025-10-02 16h18.27.148750 +0530,
150,v,159,159,38,v,1,1.0783504159917356,None,,,,,38,159,159,1,1023.6567387499963,,1023.6468241669936,1023.6567387499963,1024.6440430000075,1024.6440430000075,1024.6440430000075,1024.6440430000075,1024.6516053329979,1025.6441070830042,1025.6441070830042,1026.7289700420079,,,,,v,1,1.0783504159917356,None,parti4,001,2025-10-02_16h18.12.645,MotorSequenceLearning_NupurShah,,2025.1.1,119.47175659205593,2025-10-02 16h18.27.148750 +0530,
-50,x,160,160,38,x,1,0.9031657910090871,None,,,,,38,160,160,0,1026.7386497919942,,1026.729495958003,1026.7386497919942,1027.720228332997,1027.720228332997,1027.720228332997,1027.720228332997,1027.7355090829951,1028.7202214999998,1028.7202214999998,1029.6287040000025,,,,,x,1,0.9031657910090871,None,parti4,001,2025-10-02_16h18.12.645,MotorSequenceLearning_NupurShah,,2025.1.1,119.47175659205593,2025-10-02 16h18.27.148750 +0530,
-50,x,161,161,39,x,1,0.6610625000030268,None,,,,,39,161,161,0,1029.6386522079993,,1029.6292297080072,1029.6386522079993,1030.6214757919952,1030.6214757919952,1030.6214757919952,1030.6214757919952,1030.6288068330032,1031.6202106249984,1031.6202106249984,1032.2864825419965,,,,,x,1,0.6610625000030268,None,parti4,001,2025-10-02_16h18.12.645,MotorSequenceLearning_NupurShah,,2025.1.1,119.47175659205593,2025-10-02 16h18.27.148750 +0530,
-150,z,162,162,41,z,1,0.9748377499927301,None,,,,,41,162,162,3,1032.3115685420053,,1032.2870859999966,1032.3115685420053,1033.2867221670022,1033.2867221670022,1033.2867221670022,1033.2867221670022,1033.301642833001,1034.287493625001,1034.287493625001,1035.2698554999952,,,,,z,1,0.9748377499927301,None,parti4,001,2025-10-02_16h18.12.645,MotorSequenceLearning_NupurShah,,2025.1.1,119.47175659205593,2025-10-02 16h18.27.148750 +0530,
150,v,163,163,39,v,1,1.1723500819934998,None,,,,,39,163,163,1,1035.2950059580035,,1035.2704602500016,1035.2950059580035,1036.2705641250068,1036.2705641250068,1036.2705641250068,1036.2705641250068,1036.2865344169986,1037.2699764169956,1037.2699764169956,1038.4462538329972,,,,,v,1,1.1723500819934998,None,parti4,001,2025-10-02_16h18.12.645,MotorSequenceLearning_NupurShah,,2025.1.1,119.47175659205593,2025-10-02 16h18.27.148750 +0530,
-150,z,164,164,42,z,1,0.8665659990074346,None,,,,,42,164,164,3,1038.4559491669934,,1038.4468102920073,1038.4559491669934,1039.4450219999999,1039.4450219999999,1039.4450219999999,1039.4450219999999,1039.452519792001,1040.4447326249938,1040.4447326249938,1041.312902125006,,,,,z,1,0.8665659990074346,None,parti4,001,2025-10-02_16h18.12.645,MotorSequenceLearning_NupurShah,,2025.1.1,119.47175659205593,2025-10-02 16h18.27.148750 +0530,
150,v,165,165,40,v,1,1.0786249990051147,None,,,,,40,165,165,1,1041.3197228329955,,1041.3134433329978,1041.3197228329955,1042.311438542005,1042.311438542005,1042.311438542005,1042.311438542005,1042.3192196669988,1043.311541707997,1043.311541707997,1044.3959314999956,,,,,v,1,1.0786249990051147,None,parti4,001,2025-10-02_16h18.12.645,MotorSequenceLearning_NupurShah,,2025.1.1,119.47175659205593,2025-10-02 16h18.27.148750 +0530,
150,v,166,166,41,v,1,0.9788969159999397,None,,,,,41,166,166,1,1044.405892291994,,1044.3964505420008,1044.405892291994,1045.3872115830018,1045.3872115830018,1045.3872115830018,1045.3872115830018,1045.4025994170079,1046.387191457994,1046.387191457994,1047.3692252080073,,,,,v,1,0.9788969159999397,None,parti4,001,2025-10-02_16h18.12.645,MotorSequenceLearning_NupurShah,,2025.1.1,119.47175659205593,2025-10-02 16h18.27.148750 +0530,
-150,z,167,167,43,z,1,0.847378332997323,None,,,,,43,167,167,3,1047.379633375007,,1047.369753292005,1047.379633375007,1048.361034292,1048.361034292,1048.361034292,1048.361034292,1048.3781849579973,1049.361646499994,1049.361646499994,1050.2130916669994,,,,,z,1,0.847378332997323,None,parti4,001,2025-10-02_16h18.12.645,MotorSequenceLearning_NupurShah,,2025.1.1,119.47175659205593,2025-10-02 16h18.27.148750 +0530,
-50,x,168,168,40,x,1,0.7322837079991587,None,,,,,40,168,168,0,1050.2242172919941,,1050.2137795419985,1050.2242172919941,1051.2118797919975,1051.2118797919975,1051.2118797919975,1051.2118797919975,1051.2196482500003,1052.2117215830076,1052.2117215830076,1052.9461330829945,,,,,x,1,0.7322837079991587,None,parti4,001,2025-10-02_16h18.12.645,MotorSequenceLearning_NupurShah,,2025.1.1,119.47175659205593,2025-10-02 16h18.27.148750 +0530,
-50,x,169,169,41,x,1,0.7481584159977501,None,,,,,41,169,169,0,1052.9542727499938,,1052.946538749995,1052.9542727499938,1053.9381914999976,1053.9381914999976,1053.9381914999976,1053.9381914999976,1053.9458299170074,1054.9448966250056,1054.9448966250056,1055.6966340829968,,,,,x,1,0.7481584159977501,None,parti4,001,2025-10-02_16h18.12.645,MotorSequenceLearning_NupurShah,,2025.1.1,119.47175659205593,2025-10-02 16h18.27.148750 +0530,
-150,z,170,170,44,z,1,0.9900784159981413,None,,,,,44,170,170,3,1055.7072029999981,,1055.6972373750032,1055.7072029999981,1056.6945257920015,1056.6945257920015,1056.6945257920015,1056.6945257920015,1056.7021617499995,1057.694988083007,1057.694988083007,1058.686890041994,,,,,z,1,0.9900784159981413,None,parti4,001,2025-10-02_16h18.12.645,MotorSequenceLearning_NupurShah,,2025.1.1,119.47175659205593,2025-10-02 16h18.27.148750 +0530,
150,v,171,171,42,v,1,1.028769666008884,None,,,,,42,171,171,1,1058.7118403750064,,1058.6875190830033,1058.7118403750064,1059.6871784579998,1059.6871784579998,1059.6871784579998,1059.6871784579998,1059.7028046250052,1060.6783406250033,1060.6783406250033,1061.713299541996,,,,,v,1,1.028769666008884,None,parti4,001,2025-10-02_16h18.12.645,MotorSequenceLearning_NupurShah,,2025.1.1,119.47175659205593,2025-10-02 16h18.27.148750 +0530,
50,c,172,172,42,c,1,0.9602946249942761,None,,,,,42,172,172,2,1061.7238664580073,,1061.7139522500074,1061.7238664580073,1062.7117743330018,1062.7117743330018,1062.7117743330018,1062.7117743330018,1062.7194612500025,1063.7116957499966,1063.7116957499966,1064.680012249999,,,,,c,1,0.9602946249942761,None,parti4,001,2025-10-02_16h18.12.645,MotorSequenceLearning_NupurShah,,2025.1.1,119.47175659205593,2025-10-02 16h18.27.148750 +0530,
-150,z,173,173,45,z,1,1.0035563739947975,None,,,,,45,173,173,3,1064.690703041997,,1064.6806260000012,1064.690703041997,1065.678527416996,1065.678527416996,1065.678527416996,1065.678527416996,1065.6867480420042,1066.6784231250058,1066.6784231250058,1067.6868933749938,,,,,z,1,1.0035563739947975,None,parti4,001,2025-10-02_16h18.12.645,MotorSequenceLearning_NupurShah,,2025.1.1,119.47175659205593,2025-10-02 16h18.27.148750 +0530,
50,c,174,174,43,c,1,0.9334859579976182,None,,,,,43,174,174,2,1067.696934624997,,1067.687415583001,1067.696934624997,1068.687182958005,1068.687182958005,1068.687182958005,1068.687182958005,1068.687182958005,1069.6792839580012,1069.6792839580012,1070.6208008749963,,,,,c,1,0.9334859579976182,None,parti4,001,2025-10-02_16h18.12.645,MotorSequenceLearning_NupurShah,,2025.1.1,119.47175659205593,2025-10-02 16h18.27.148750 +0530,
150,v,175,175,43,v,1,1.5037976239982527,None,,,,,43,175,175,1,1070.6453531250008,,1070.6213200420025,1070.6453531250008,1071.6204753750062,1071.6204753750062,1071.6204753750062,1071.6204753750062,1071.6357392500067,1072.6201192500012,1072.6201192500012,1074.1300693329977,,,,,v,1,1.5037976239982527,None,parti4,001,2025-10-02_16h18.12.645,MotorSequenceLearning_NupurShah,,2025.1.1,119.47175659205593,2025-10-02 16h18.27.148750 +0530,
50,c,176,176,44,c,1,1.2804102490044897,None,,,,,44,176,176,2,1074.1402444580017,,1074.1306941250077,1074.1402444580017,1075.1280849169998,1075.1280849169998,1075.1280849169998,1075.1280849169998,1075.1358752079977,1076.1284607919952,1076.1284607919952,1077.4132621669996,,,,,c,1,1.2804102490044897,None,parti4,001,2025-10-02_16h18.12.645,MotorSequenceLearning_NupurShah,,2025.1.1,119.47175659205593,2025-10-02 16h18.27.148750 +0530,
-50,x,177,177,42,x,1,0.8479268320079427,None,,,,,42,177,177,0,1077.4239328749973,,1077.4138383329991,1077.4239328749973,1078.4118943329959,1078.4118943329959,1078.4118943329959,1078.4118943329959,1078.4192745000037,1079.4119044170075,1079.4119044170075,1080.263591541996,,,,,x,1,0.8479268320079427,None,parti4,001,2025-10-02_16h18.12.645,MotorSequenceLearning_NupurShah,,2025.1.1,119.47175659205593,2025-10-02 16h18.27.148750 +0530,
50,c,178,178,45,c,1,0.7978966660011793,None,,,,,45,178,178,2,1080.2741174999974,,1080.2642133329937,1080.2741174999974,1081.2614146669948,1081.2614146669948,1081.2614146669948,1081.2614146669948,1081.2690860000002,1082.2619050420035,1082.2619050420035,1083.0627772080043,,,,,c,1,0.7978966660011793,None,parti4,001,2025-10-02_16h18.12.645,MotorSequenceLearning_NupurShah,,2025.1.1,119.47175659205593,2025-10-02 16h18.27.148750 +0530,
-150,z,179,179,46,z,1,0.821508041000925,None,,,,,46,179,179,3,1083.0721227920003,,1083.0633301250055,1083.0721227920003,1084.0541165000031,1084.0541165000031,1084.0541165000031,1084.0541165000031,1084.069596375004,1085.0542145000072,1085.0542145000072,1085.879945666995,,,,,z,1,0.821508041000925,None,parti4,001,2025-10-02_16h18.12.645,MotorSequenceLearning_NupurShah,,2025.1.1,119.47175659205593,2025-10-02 16h18.27.148750 +0530,
-50,x,180,180,43,x,1,0.36099783299141563,None,,,,,43,180,180,0,1085.8905851669988,,1085.880540166996,1085.8905851669988,1086.8783277500042,1086.8783277500042,1086.8783277500042,1086.8783277500042,1086.8864229169994,1087.870667042007,1087.870667042007,1088.2373222500028,,,,,x,1,0.36099783299141563,None,parti4,001,2025-10-02_16h18.12.645,MotorSequenceLearning_NupurShah,,2025.1.1,119.47175659205593,2025-10-02 16h18.27.148750 +0530,
150,v,181,181,44,v,1,0.7970041660009883,None,,,,,44,181,181,1,1088.247589791994,,1088.237844749994,1088.247589791994,1089.2376397500047,1089.2376397500047,1089.2376397500047,1089.2376397500047,1089.245890708,1090.236713708,1090.236713708,1091.036723666999,,,,,v,1,0.7970041660009883,None,parti4,001,2025-10-02_16h18.12.645,MotorSequenceLearning_NupurShah,,2025.1.1,119.47175659205593,2025-10-02 16h18.27.148750 +0530,
-50,x,182,182,44,x,1,0.9810249570000451,None,,,,,44,182,182,0,1091.0473042920057,,1091.0372524169943,1091.0473042920057,1092.037519999998,1092.037519999998,1092.037519999998,1092.037519999998,1092.0454285419983,1093.0286610829935,1093.0286610829935,1094.0133687500056,,,,,x,1,0.9810249570000451,None,parti4,001,2025-10-02_16h18.12.645,MotorSequenceLearning_NupurShah,,2025.1.1,119.47175659205593,2025-10-02 16h18.27.148750 +0530,
150,v,183,183,45,v,1,2.0334820410062093,None,,,,,45,183,183,1,1094.0231813330029,,1094.0138787080068,1094.0231813330029,1095.0115494170022,1095.0115494170022,1095.0115494170022,1095.0115494170022,1095.0191440000053,1096.012162500003,1096.012162500003,1098.0524057080038,,,,,v,1,2.0334820410062093,None,parti4,001,2025-10-02_16h18.12.645,MotorSequenceLearning_NupurShah,,2025.1.1,119.47175659205593,2025-10-02 16h18.27.148750 +0530,
-50,x,184,184,45,x,1,1.0128124990005745,None,,,,,45,184,184,0,1098.0629998749937,,1098.0529301250062,1098.0629998749937,1099.0454799169966,1099.0454799169966,1099.0454799169966,1099.0454799169966,1099.053118166994,1100.0448885420046,1100.0448885420046,1101.063452625007,,,,,x,1,1.0128124990005745,None,parti4,001,2025-10-02_16h18.12.645,MotorSequenceLearning_NupurShah,,2025.1.1,119.47175659205593,2025-10-02 16h18.27.148750 +0530,
50,c,185,185,46,c,1,0.7037900819996139,None,,,,,46,185,185,2,1101.073161583001,,1101.0639851669985,1101.073161583001,1102.0543486249953,1102.0543486249953,1102.0543486249953,1102.0543486249953,1102.070240208006,1103.0547833330056,1103.0547833330056,1103.7638976250018,,,,,c,1,0.7037900819996139,None,parti4,001,2025-10-02_16h18.12.645,MotorSequenceLearning_NupurShah,,2025.1.1,119.47175659205593,2025-10-02 16h18.27.148750 +0530,
-150,z,186,186,47,z,1,0.9223730410012649,None,,,,,47,186,186,3,1103.7718261249975,,1103.7644922080071,1103.7718261249975,1104.7623327500041,1104.7623327500041,1104.7623327500041,1104.7623327500041,1104.7693013749958,1105.7621332919953,1105.7621332919953,1106.6873365420033,,,,,z,1,0.9223730410012649,None,parti4,001,2025-10-02_16h18.12.645,MotorSequenceLearning_NupurShah,,2025.1.1,119.47175659205593,2025-10-02 16h18.27.148750 +0530,
150,v,187,187,46,v,1,0.8604260830034036,None,,,,,46,187,187,1,1106.7123372500064,,1106.6879619579995,1106.7123372500064,1107.7123856670078,1107.7123856670078,1107.7123856670078,1107.7123856670078,1107.7123856670078,1108.6879990830057,1108.6879990830057,1109.5542384169967,,,,,v,1,0.8604260830034036,None,parti4,001,2025-10-02_16h18.12.645,MotorSequenceLearning_NupurShah,,2025.1.1,119.47175659205593,2025-10-02 16h18.27.148750 +0530,
150,v,188,188,47,v,1,0.9401931250031339,None,,,,,47,188,188,1,1109.5791164999973,,1109.5548360829998,1109.5791164999973,1110.5546920829947,1110.5546920829947,1110.5546920829947,1110.5546920829947,1110.569701792003,1111.5542479580035,1111.5542479580035,1112.4969096249988,,,,,v,1,0.9401931250031339,None,parti4,001,2025-10-02_16h18.12.645,MotorSequenceLearning_NupurShah,,2025.1.1,119.47175659205593,2025-10-02 16h18.27.148750 +0530,
50,c,189,189,47,c,1,1.5549228739982937,None,,,,,47,189,189,2,1112.5074087920075,,1112.4974803749938,1112.5074087920075,1113.4950905000005,1113.4950905000005,1113.4950905000005,1113.4950905000005,1113.5027339999942,1114.4955769579974,1114.4955769579974,1116.0536895419937,,,,,c,1,1.5549228739982937,None,parti4,001,2025-10-02_16h18.12.645,MotorSequenceLearning_NupurShah,,2025.1.1,119.47175659205593,2025-10-02 16h18.27.148750 +0530,
-50,x,190,190,46,x,1,0.8900510410021525,None,,,,,46,190,190,0,1116.063963958004,,1116.0541805829998,1116.063963958004,1117.0544582080038,1117.0544582080038,1117.0544582080038,1117.0544582080038,1117.0623634999938,1118.0534042500076,1118.0534042500076,1118.946611499996,,,,,x,1,0.8900510410021525,None,parti4,001,2025-10-02_16h18.12.645,MotorSequenceLearning_NupurShah,,2025.1.1,119.47175659205593,2025-10-02 16h18.27.148750 +0530,
150,v,191,191,48,v,1,0.9656719159975182,None,,,,,48,191,191,1,1118.957371083001,,1118.9472142080049,1118.957371083001,1119.9379727920023,1119.9379727920023,1119.9379727920023,1119.9379727920023,1119.9535804579937,1120.9377664579952,1120.9377664579952,1121.9050146249938,,,,,v,1,0.9656719159975182,None,parti4,001,2025-10-02_16h18.12.645,MotorSequenceLearning_NupurShah,,2025.1.1,119.47175659205593,2025-10-02 16h18.27.148750 +0530,
-50,x,192,192,47,x,1,1.3055140409996966,None,,,,,47,192,192,0,1121.9145782080013,,1121.905569124996,1121.9145782080013,1122.904544457997,1122.904544457997,1122.904544457997,1122.904544457997,1122.912450792006,1123.9047424580058,1123.9047424580058,1125.214069249996,,,,,x,1,1.3055140409996966,None,parti4,001,2025-10-02_16h18.12.645,MotorSequenceLearning_NupurShah,,2025.1.1,119.47175659205593,2025-10-02 16h18.27.148750 +0530,
-150,z,193,193,48,z,1,0.8986463750043185,None,,,,,48,193,193,3,1125.2243727080058,,1125.2147158750013,1125.2243727080058,1126.2119663750054,1126.2119663750054,1126.2119663750054,1126.2119663750054,1126.2200531249982,1127.212592625001,1127.212592625001,1128.1140505829972,,,,,z,1,0.8986463750043185,None,parti4,001,2025-10-02_16h18.12.645,MotorSequenceLearning_NupurShah,,2025.1.1,119.47175659205593,2025-10-02 16h18.27.148750 +0530,
-50,x,194,194,48,x,1,0.41888933299924247,None,,,,,48,194,194,0,1128.1248566669965,,1128.1146933749988,1128.1248566669965,1129.1119503749942,1129.1119503749942,1129.1119503749942,1129.1119503749942,1129.1198494580021,1130.1124204579974,1130.1124204579974,1130.5376029170002,,,,,x,1,0.41888933299924247,None,parti4,001,2025-10-02_16h18.12.645,MotorSequenceLearning_NupurShah,,2025.1.1,119.47175659205593,2025-10-02 16h18.27.148750 +0530,
50,c,195,195,48,c,1,0.40205787400191184,None,,,,,48,195,195,2,1130.5626063329983,,1130.5383232919994,1130.5626063329983,1131.5382483330031,1131.5382483330031,1131.5382483330031,1131.5382483330031,1131.5527082920016,1132.5381754580012,1132.5381754580012,1132.947425833001,,,,,c,1,0.40205787400191184,None,parti4,001,2025-10-02_16h18.12.645,MotorSequenceLearning_NupurShah,,2025.1.1,119.47175659205593,2025-10-02 16h18.27.148750 +0530,
50,c,196,196,49,c,1,0.5840614570042817,None,,,,,49,196,196,2,1132.9563067080016,,1132.947909124996,1132.9563067080016,1133.9458397080016,1133.9458397080016,1133.9458397080016,1133.9458397080016,1133.953533916996,1134.9459995420038,1134.9459995420038,1135.5379220830073,,,,,c,1,0.5840614570042817,None,parti4,001,2025-10-02_16h18.12.645,MotorSequenceLearning_NupurShah,,2025.1.1,119.47175659205593,2025-10-02 16h18.27.148750 +0530,
-50,x,197,197,49,x,1,0.8730014570028288,None,,,,,49,197,197,0,1135.5481854170066,,1135.5384401250049,1135.5481854170066,1136.5384200830013,1136.5384200830013,1136.5384200830013,1136.5384200830013,1136.546431958006,1137.538166792001,1137.538166792001,1138.4137562920077,,,,,x,1,0.8730014570028288,None,parti4,001,2025-10-02_16h18.12.645,MotorSequenceLearning_NupurShah,,2025.1.1,119.47175659205593,2025-10-02 16h18.27.148750 +0530,
-150,z,198,198,49,z,1,0.7806554160051746,None,,,,,49,198,198,3,1138.4244662080018,,1138.4143713329977,1138.4244662080018,1139.4127589169948,1139.4127589169948,1139.4127589169948,1139.4127589169948,1139.4205054579943,1140.4124971249985,1140.4124971249985,1141.196905082994,,,,,z,1,0.7806554160051746,None,parti4,001,2025-10-02_16h18.12.645,MotorSequenceLearning_NupurShah,,2025.1.1,119.47175659205593,2025-10-02 16h18.27.148750 +0530,
150,v,199,199,49,v,1,1.2911563330126228,None,,,,,49,199,199,1,1141.206619375007,,1141.1974198749958,1141.206619375007,1142.1881844169984,1142.1881844169984,1142.1881844169984,1142.1881844169984,1142.2034510420053,1143.1880068330065,1143.1880068330065,1144.4804965829971,,,,,v,1,1.2911563330126228,None,parti4,001,2025-10-02_16h18.12.645,MotorSequenceLearning_NupurShah,,2025.1.1,119.47175659205593,2025-10-02 16h18.27.148750 +0530,
