pos,corr_resp,thisN,thisTrialN,thisRepN,key_resp.keys,key_resp.corr,key_resp.rt,key_resp.duration,trials.thisRepN,trials.thisTrialN,trials.thisN,trials.thisIndex,trials_2.thisRepN,trials_2.thisTrialN,trials_2.thisN,trials_2.thisIndex,thisRow.t,notes,trial.started,fixation.started,line1.started,line2.started,line3.started,line4.started,fixation.stopped,probe.started,key_resp.started,trial.stopped,trials.key_resp.keys,trials.key_resp.corr,trials.key_resp.rt,trials.key_resp.duration,trials_2.key_resp.keys,trials_2.key_resp.corr,trials_2.key_resp.rt,trials_2.key_resp.duration,participant,session,date,expName,expVersion,psychopyVersion,frameRate,expStart,
-50,x,0,0,0,x,1,2.5247505829902366,None,0,0,0,0,,,,,0.029308583005331457,,0.02018904100987129,0.029308583005331457,1.241988207999384,1.241988207999384,1.241988207999384,1.241988207999384,1.246794457998476,2.003094958010479,2.003094958010479,4.892749625010765,x,1,2.5247505829902366,None,,,,,parti1,001,2025-10-02_14h28.37.713,MotorSequenceLearning_NupurShah,,2025.1.1,120.37062114096888,2025-10-02 14h30.25.862269 +0530,
150,v,1,1,0,v,1,2.1786814580118516,None,0,1,1,1,,,,,4.907099083007779,,4.893040583003312,4.907099083007779,5.88460308300273,5.88460308300273,5.88460308300273,5.88460308300273,5.899774582998361,6.884283166000387,6.884283166000387,9.067402291009785,v,1,2.1786814580118516,None,,,,,parti1,001,2025-10-02_14h28.37.713,MotorSequenceLearning_NupurShah,,2025.1.1,120.37062114096888,2025-10-02 14h30.25.862269 +0530,
50,c,2,2,0,c,1,1.8983102909987792,None,0,2,2,2,,,,,9.077649666010984,,9.067924625007436,9.077649666010984,10.068072833004408,10.068072833004408,10.068072833004408,10.068072833004408,10.076043291002861,11.066654833004577,11.066654833004577,12.967515625001397,c,1,1.8983102909987792,None,,,,,parti1,001,2025-10-02_14h28.37.713,MotorSequenceLearning_NupurShah,,2025.1.1,120.37062114096888,2025-10-02 14h30.25.862269 +0530,
-150,z,3,3,0,z,1,0.9444315409928095,None,0,3,3,3,,,,,12.97824454100919,,12.96810241600906,12.97824454100919,13.968084166001063,13.968084166001063,13.968084166001063,13.968084166001063,13.976123250002274,14.966646000000765,14.966646000000765,15.917509291000897,z,1,0.9444315409928095,None,,,,,parti1,001,2025-10-02_14h28.37.713,MotorSequenceLearning_NupurShah,,2025.1.1,120.37062114096888,2025-10-02 14h30.25.862269 +0530,
-50,x,4,0,1,x,1,3.411076916003367,None,1,0,4,0,,,,,15.942488500004401,,15.918130874997587,15.942488500004401,16.91786983300699,16.91786983300699,16.91786983300699,16.91786983300699,16.93317829100124,17.917335208010627,17.917335208010627,21.33471241600637,x,1,3.411076916003367,None,,,,,parti1,001,2025-10-02_14h28.37.713,MotorSequenceLearning_NupurShah,,2025.1.1,120.37062114096888,2025-10-02 14h30.25.862269 +0530,
150,v,5,1,1,v,1,2.6073372079990804,None,1,1,5,1,,,,,21.344689791003475,,21.33523837500252,21.344689791003475,22.334805874997983,22.334805874997983,22.334805874997983,22.334805874997983,22.34202270800597,23.333666208010982,23.333666208010982,25.943941582998377,v,1,2.6073372079990804,None,,,,,parti1,001,2025-10-02_14h28.37.713,MotorSequenceLearning_NupurShah,,2025.1.1,120.37062114096888,2025-10-02 14h30.25.862269 +0530,
50,c,6,2,1,c,1,2.321966290997807,None,1,2,6,2,,,,,25.95345070800977,,25.944443875006982,25.95345070800977,26.93532420801057,26.93532420801057,26.93532420801057,26.93532420801057,26.95076529101061,27.942504250007914,27.942504250007914,30.26833604100102,c,1,2.321966290997807,None,,,,,parti1,001,2025-10-02_14h28.37.713,MotorSequenceLearning_NupurShah,,2025.1.1,120.37062114096888,2025-10-02 14h30.25.862269 +0530,
-150,z,7,3,1,z,1,1.2226220409938833,None,1,3,7,3,,,,,30.278747375006787,,30.268937291009934,30.278747375006787,31.268274083005963,31.268274083005963,31.268274083005963,31.268274083005963,31.276052000001073,32.268302333002794,32.268302333002794,33.494191833000514,z,1,1.2226220409938833,None,,,,,parti1,001,2025-10-02_14h28.37.713,MotorSequenceLearning_NupurShah,,2025.1.1,120.37062114096888,2025-10-02 14h30.25.862269 +0530,
-50,x,8,0,2,x,1,1.6474915409926325,None,2,0,8,0,,,,,33.50426512501144,,33.49470516599831,33.50426512501144,34.4924247910094,34.4924247910094,34.4924247910094,34.4924247910094,34.500561958004255,35.492624375008745,35.492624375008745,37.14402333300677,x,1,1.6474915409926325,None,,,,,parti1,001,2025-10-02_14h28.37.713,MotorSequenceLearning_NupurShah,,2025.1.1,120.37062114096888,2025-10-02 14h30.25.862269 +0530,
150,v,9,1,2,v,1,2.518523082995671,None,2,1,9,1,,,,,37.15355350000027,,37.144539000000805,37.15355350000027,38.14302245801082,38.14302245801082,38.14302245801082,38.14302245801082,38.15081591600028,39.14223829100956,39.14223829100956,41.66944716600119,v,1,2.518523082995671,None,,,,,parti1,001,2025-10-02_14h28.37.713,MotorSequenceLearning_NupurShah,,2025.1.1,120.37062114096888,2025-10-02 14h30.25.862269 +0530,
50,c,10,2,2,c,1,3.3494044989929534,None,2,2,10,2,,,,,41.679317083006026,,41.66996729100356,41.679317083006026,42.66853300000366,42.66853300000366,42.66853300000366,42.66853300000366,42.67627304099733,43.66749508300563,43.66749508300563,47.027907374998904,c,1,3.3494044989929534,None,,,,,parti1,001,2025-10-02_14h28.37.713,MotorSequenceLearning_NupurShah,,2025.1.1,120.37062114096888,2025-10-02 14h30.25.862269 +0530,
-150,z,11,3,2,z,1,2.7585541659937007,None,2,3,11,3,,,,,47.03811104100896,,47.0285037910071,47.03811104100896,48.02644933300326,48.02644933300326,48.02644933300326,48.02644933300326,48.034002790998784,49.026339625008404,49.026339625008404,51.794691415998386,z,1,2.7585541659937007,None,,,,,parti1,001,2025-10-02_14h28.37.713,MotorSequenceLearning_NupurShah,,2025.1.1,120.37062114096888,2025-10-02 14h30.25.862269 +0530,
-50,x,12,0,3,c,0,2.7944936249987222,None,3,0,12,0,,,,,51.805552999998326,,51.79531808300817,51.805552999998326,52.79255166600342,52.79255166600342,52.79255166600342,52.79255166600342,52.79995370800316,53.792489041006775,53.792489041006775,56.59450491600728,c,0,2.7944936249987222,None,,,,,parti1,001,2025-10-02_14h28.37.713,MotorSequenceLearning_NupurShah,,2025.1.1,120.37062114096888,2025-10-02 14h30.25.862269 +0530,
150,v,13,1,3,v,1,3.3457987069996307,None,3,1,13,1,,,,,56.60455012500461,,56.59506079100538,56.60455012500461,57.593216916007805,57.593216916007805,57.593216916007805,57.593216916007805,57.600867333007045,58.593416415998945,58.593416415998945,61.94410458300263,v,1,3.3457987069996307,None,,,,,parti1,001,2025-10-02_14h28.37.713,MotorSequenceLearning_NupurShah,,2025.1.1,120.37062114096888,2025-10-02 14h30.25.862269 +0530,
50,c,14,2,3,c,1,2.0826477499940665,None,3,2,14,2,,,,,61.95412504101114,,61.94476458300778,61.95412504101114,62.93609629099956,62.93609629099956,62.93609629099956,62.93609629099956,62.95199945800414,63.935384249998606,63.935384249998606,66.02796979100094,c,1,2.0826477499940665,None,,,,,parti1,001,2025-10-02_14h28.37.713,MotorSequenceLearning_NupurShah,,2025.1.1,120.37062114096888,2025-10-02 14h30.25.862269 +0530,
-150,z,15,3,3,z,1,0.7659635820018593,None,3,3,15,3,,,,,66.03830937499879,,66.028576333003,66.03830937499879,67.02683324999816,67.02683324999816,67.02683324999816,67.02683324999816,67.03457124999841,68.02608291601064,68.02608291601064,68.79486920800991,z,1,0.7659635820018593,None,,,,,parti1,001,2025-10-02_14h28.37.713,MotorSequenceLearning_NupurShah,,2025.1.1,120.37062114096888,2025-10-02 14h30.25.862269 +0530,
-50,x,16,0,4,x,1,2.5556079580128426,None,4,0,16,0,,,,,68.80536887500784,,68.7954850410024,68.80536887500784,69.79295179100882,69.79295179100882,69.79295179100882,69.79295179100882,69.80075812499854,70.79350245800742,70.79350245800742,73.35182833300496,x,1,2.5556079580128426,None,,,,,parti1,001,2025-10-02_14h28.37.713,MotorSequenceLearning_NupurShah,,2025.1.1,120.37062114096888,2025-10-02 14h30.25.862269 +0530,
150,v,17,1,4,v,1,2.78482799899939,None,4,1,17,1,,,,,73.3621615000011,,73.35234462500375,73.3621615000011,74.35261970800639,74.35261970800639,74.35261970800639,74.35261970800639,74.36076741600118,75.34345083301014,75.34345083301014,78.13560587500979,v,1,2.78482799899939,None,,,,,parti1,001,2025-10-02_14h28.37.713,MotorSequenceLearning_NupurShah,,2025.1.1,120.37062114096888,2025-10-02 14h30.25.862269 +0530,
50,c,18,2,4,c,1,1.9324612909986172,None,4,2,18,2,,,,,78.14564545800386,,78.1361040000047,78.14564545800386,79.13604300000588,79.13604300000588,79.13604300000588,79.13604300000588,79.14386424999975,80.13504200000898,80.13504200000898,82.06884016600088,c,1,1.9324612909986172,None,,,,,parti1,001,2025-10-02_14h28.37.713,MotorSequenceLearning_NupurShah,,2025.1.1,120.37062114096888,2025-10-02 14h30.25.862269 +0530,
-150,z,19,3,4,z,1,1.5075597490067594,None,4,3,19,3,,,,,82.09375583300425,,82.06933879099961,82.09375583300425,83.06936670800496,83.06936670800496,83.06936670800496,83.06936670800496,83.08486162500049,84.06791050000174,84.06791050000174,85.57839845800481,z,1,1.5075597490067594,None,,,,,parti1,001,2025-10-02_14h28.37.713,MotorSequenceLearning_NupurShah,,2025.1.1,120.37062114096888,2025-10-02 14h30.25.862269 +0530,
-50,x,20,0,5,x,1,1.1389963739929954,None,5,0,20,0,,,,,85.588746791007,,85.57897212500393,85.588746791007,86.57646408300207,86.57646408300207,86.57646408300207,86.57646408300207,86.58412416600913,87.57647141600319,87.57647141600319,88.71873466600664,x,1,1.1389963739929954,None,,,,,parti1,001,2025-10-02_14h28.37.713,MotorSequenceLearning_NupurShah,,2025.1.1,120.37062114096888,2025-10-02 14h30.25.862269 +0530,
150,v,21,1,5,v,1,2.2266529990010895,None,5,1,21,1,,,,,88.72856795800908,,88.7192429160059,88.72856795800908,89.71957012500206,89.71957012500206,89.71957012500206,89.71957012500206,89.72772104101023,90.71180379101133,90.71180379101133,92.9450848330016,v,1,2.2266529990010895,None,,,,,parti1,001,2025-10-02_14h28.37.713,MotorSequenceLearning_NupurShah,,2025.1.1,120.37062114096888,2025-10-02 14h30.25.862269 +0530,
50,c,22,2,5,c,1,0.7413043739943532,None,5,2,22,2,,,,,92.96995837500435,,92.94568112499837,92.96995837500435,93.94324612501077,93.94324612501077,93.94324612501077,93.94324612501077,93.96803508300218,94.94399429101031,94.94399429101031,95.69502179100527,c,1,0.7413043739943532,None,,,,,parti1,001,2025-10-02_14h28.37.713,MotorSequenceLearning_NupurShah,,2025.1.1,120.37062114096888,2025-10-02 14h30.25.862269 +0530,
-150,z,23,3,5,z,1,0.03313579098903574,None,5,3,23,3,,,,,95.70486079101101,,95.69556387500779,95.70486079101101,96.69396420801058,96.69396420801058,96.69396420801058,96.69396420801058,96.70142854101141,97.6942565000063,97.6942565000063,97.73576745799801,z,1,0.03313579098903574,None,,,,,parti1,001,2025-10-02_14h28.37.713,MotorSequenceLearning_NupurShah,,2025.1.1,120.37062114096888,2025-10-02 14h30.25.862269 +0530,
-50,x,24,0,6,x,1,1.048524833007832,None,6,0,24,0,,,,,97.74580808301107,,97.73626762500498,97.74580808301107,98.7360560829984,98.7360560829984,98.7360560829984,98.7360560829984,98.74392337500467,99.73496354100644,99.73496354100644,100.78602345800027,x,1,1.048524833007832,None,,,,,parti1,001,2025-10-02_14h28.37.713,MotorSequenceLearning_NupurShah,,2025.1.1,120.37062114096888,2025-10-02 14h30.25.862269 +0530,
150,v,25,1,6,v,1,0.38823958300054073,None,6,1,25,1,,,,,100.8114032500016,,100.78651416600042,100.8114032500016,101.7860828749981,101.7860828749981,101.7860828749981,101.7860828749981,101.80182170800981,102.77723283300293,102.77723283300293,103.16930066600617,v,1,0.38823958300054073,None,,,,,parti1,001,2025-10-02_14h28.37.713,MotorSequenceLearning_NupurShah,,2025.1.1,120.37062114096888,2025-10-02 14h30.25.862269 +0530,
50,c,26,2,6,c,1,1.0515274580102414,None,6,2,26,2,,,,,103.17940362500667,,103.16977945801045,103.17940362500667,104.16956791600387,104.16956791600387,104.16956791600387,104.16956791600387,104.17730229100562,105.16895308300445,105.16895308300445,106.22869187500328,c,1,1.0515274580102414,None,,,,,parti1,001,2025-10-02_14h28.37.713,MotorSequenceLearning_NupurShah,,2025.1.1,120.37062114096888,2025-10-02 14h30.25.862269 +0530,
-150,z,27,3,6,z,1,0.8061506660014857,None,6,3,27,3,,,,,106.23860912500822,,106.22918812499847,106.23860912500822,107.21970854100073,107.21970854100073,107.21970854100073,107.21970854100073,107.23503966600401,108.22731924999971,108.22731924999971,109.03624295799818,z,1,0.8061506660014857,None,,,,,parti1,001,2025-10-02_14h28.37.713,MotorSequenceLearning_NupurShah,,2025.1.1,120.37062114096888,2025-10-02 14h30.25.862269 +0530,
-50,x,28,0,7,x,1,0.8571303740027361,None,7,0,28,0,,,,,109.06096120800066,,109.03672345800442,109.06096120800066,110.03610237500106,110.03610237500106,110.03610237500106,110.03610237500106,110.05197287500778,111.03617354101152,111.03617354101152,111.89553487500234,x,1,0.8571303740027361,None,,,,,parti1,001,2025-10-02_14h28.37.713,MotorSequenceLearning_NupurShah,,2025.1.1,120.37062114096888,2025-10-02 14h30.25.862269 +0530,
150,v,29,1,7,v,1,0.884083624012419,None,7,1,29,1,,,,,111.90401608300454,,111.89602133299923,111.90401608300454,112.89414475001104,112.89414475001104,112.89414475001104,112.89414475001104,112.90180954099924,113.89417458300886,113.89417458300886,114.78571691599791,v,1,0.884083624012419,None,,,,,parti1,001,2025-10-02_14h28.37.713,MotorSequenceLearning_NupurShah,,2025.1.1,120.37062114096888,2025-10-02 14h30.25.862269 +0530,
50,c,30,2,7,c,1,0.8629212499945424,None,7,2,30,2,,,,,114.79587795800762,,114.78624612500425,114.79587795800762,115.7863087910082,115.7863087910082,115.7863087910082,115.7863087910082,115.79421979100152,116.77751937499852,116.77751937499852,117.645830458001,c,1,0.8629212499945424,None,,,,,parti1,001,2025-10-02_14h28.37.713,MotorSequenceLearning_NupurShah,,2025.1.1,120.37062114096888,2025-10-02 14h30.25.862269 +0530,
-150,z,31,3,7,z,1,0.759802374013816,None,7,3,31,3,,,,,117.65557058301056,,117.64634554099757,117.65557058301056,118.6437196659972,118.6437196659972,118.6437196659972,118.6437196659972,118.65127995800867,119.64450195799873,119.64450195799873,120.41204950000974,z,1,0.759802374013816,None,,,,,parti1,001,2025-10-02_14h28.37.713,MotorSequenceLearning_NupurShah,,2025.1.1,120.37062114096888,2025-10-02 14h30.25.862269 +0530,
-50,x,32,0,8,x,1,0.7898325830028625,None,8,0,32,0,,,,,120.42153629100358,,120.4124967079988,120.42153629100358,121.41102025000146,121.41102025000146,121.41102025000146,121.41102025000146,121.41904741599865,122.41041779100487,122.41041779100487,123.20245941600297,x,1,0.7898325830028625,None,,,,,parti1,001,2025-10-02_14h28.37.713,MotorSequenceLearning_NupurShah,,2025.1.1,120.37062114096888,2025-10-02 14h30.25.862269 +0530,
150,v,33,1,8,v,1,1.1480455830023857,None,8,1,33,1,,,,,123.21042654100165,,123.20295887500106,123.21042654100165,124.20296049999888,124.20296049999888,124.20296049999888,124.20296049999888,124.20296049999888,125.1942844580044,125.1942844580044,126.34567475000222,v,1,1.1480455830023857,None,,,,,parti1,001,2025-10-02_14h28.37.713,MotorSequenceLearning_NupurShah,,2025.1.1,120.37062114096888,2025-10-02 14h30.25.862269 +0530,
50,c,34,2,8,c,1,0.683027831997606,None,8,2,34,2,,,,,126.35577204100264,,126.34620150001138,126.35577204100264,127.33667062500899,127.33667062500899,127.33667062500899,127.33667062500899,127.35212900000624,128.3443013750075,128.3443013750075,129.02907604099892,c,1,0.683027831997606,None,,,,,parti1,001,2025-10-02_14h28.37.713,MotorSequenceLearning_NupurShah,,2025.1.1,120.37062114096888,2025-10-02 14h30.25.862269 +0530,
-150,z,35,3,8,z,1,0.7265675410017138,None,8,3,35,3,,,,,129.03889387501113,,129.0295793749974,129.03889387501113,130.02781616600987,130.02781616600987,130.02781616600987,130.02781616600987,130.03559212500113,131.02769941600855,131.02769941600855,131.7627930000017,z,1,0.7265675410017138,None,,,,,parti1,001,2025-10-02_14h28.37.713,MotorSequenceLearning_NupurShah,,2025.1.1,120.37062114096888,2025-10-02 14h30.25.862269 +0530,
-50,x,36,0,9,x,1,1.053218207001919,None,9,0,36,0,,,,,131.77332249999745,,131.7634255830053,131.77332249999745,132.7628942500014,132.7628942500014,132.7628942500014,132.7628942500014,132.77063774999988,133.7610960410093,133.7610960410093,134.8195640000049,x,1,1.053218207001919,None,,,,,parti1,001,2025-10-02_14h28.37.713,MotorSequenceLearning_NupurShah,,2025.1.1,120.37062114096888,2025-10-02 14h30.25.862269 +0530,
150,v,37,1,9,v,1,0.43350874999305233,None,9,1,37,1,,,,,134.82964641600847,,134.82007054099813,134.82964641600847,135.82028083300975,135.82028083300975,135.82028083300975,135.82028083300975,135.82798429099785,136.8107072499988,136.8107072499988,137.24568837499828,v,1,0.43350874999305233,None,,,,,parti1,001,2025-10-02_14h28.37.713,MotorSequenceLearning_NupurShah,,2025.1.1,120.37062114096888,2025-10-02 14h30.25.862269 +0530,
50,c,38,2,9,c,1,0.755757665989222,None,9,2,38,2,,,,,137.25514604100317,,137.24619137500122,137.25514604100317,138.24452933300927,138.24452933300927,138.24452933300927,138.24452933300927,138.25183654100692,139.24452945801022,139.24452945801022,140.0032396660099,c,1,0.755757665989222,None,,,,,parti1,001,2025-10-02_14h28.37.713,MotorSequenceLearning_NupurShah,,2025.1.1,120.37062114096888,2025-10-02 14h30.25.862269 +0530,
-150,z,39,3,9,z,1,0.9325255820003804,None,9,3,39,3,,,,,140.01339066600485,,140.00375120800163,140.01339066600485,141.00332033300947,141.00332033300947,141.00332033300947,141.00332033300947,141.01129816600587,142.00275808300648,142.00275808300648,142.93652575000306,z,1,0.9325255820003804,None,,,,,parti1,001,2025-10-02_14h28.37.713,MotorSequenceLearning_NupurShah,,2025.1.1,120.37062114096888,2025-10-02 14h30.25.862269 +0530,
-50,x,40,0,10,x,1,1.1126624159951461,None,10,0,40,0,,,,,142.9468107080029,,142.93703591600934,142.9468107080029,143.93636750000587,143.93636750000587,143.93636750000587,143.93636750000587,143.94471558299847,144.93659441600903,144.93659441600903,146.05344483299996,x,1,1.1126624159951461,None,,,,,parti1,001,2025-10-02_14h28.37.713,MotorSequenceLearning_NupurShah,,2025.1.1,120.37062114096888,2025-10-02 14h30.25.862269 +0530,
150,v,41,1,10,v,1,1.0356576250051148,None,10,1,41,1,,,,,146.06358737499977,,146.05396479100455,146.06358737499977,147.05359716599924,147.05359716599924,147.05359716599924,147.05359716599924,147.061142208011,148.05359787499765,148.05359787499765,149.09560612500354,v,1,1.0356576250051148,None,,,,,parti1,001,2025-10-02_14h28.37.713,MotorSequenceLearning_NupurShah,,2025.1.1,120.37062114096888,2025-10-02 14h30.25.862269 +0530,
50,c,42,2,10,c,1,0.7985229160112794,None,10,2,42,2,,,,,149.1046054160106,,149.09599970800627,149.1046054160106,150.08691616600845,150.08691616600845,150.08691616600845,150.08691616600845,150.10247574999812,151.08572629099945,151.08572629099945,151.88669595800457,c,1,0.7985229160112794,None,,,,,parti1,001,2025-10-02_14h28.37.713,MotorSequenceLearning_NupurShah,,2025.1.1,120.37062114096888,2025-10-02 14h30.25.862269 +0530,
-150,z,43,3,10,z,1,0.4910839579970343,None,10,3,43,3,,,,,151.91169945801084,,151.88717791601084,151.91169945801084,152.8865268750087,152.8865268750087,152.8865268750087,152.8865268750087,152.90241991600487,153.88717612500477,153.88717612500477,154.37949508300517,z,1,0.4910839579970343,None,,,,,parti1,001,2025-10-02_14h28.37.713,MotorSequenceLearning_NupurShah,,2025.1.1,120.37062114096888,2025-10-02 14h30.25.862269 +0530,
-50,x,44,0,11,x,1,1.5114506660029292,None,11,0,44,0,,,,,154.38889854100125,,154.3800001250056,154.38889854100125,155.37768287499784,155.37768287499784,155.37768287499784,155.37768287499784,155.385737375007,156.37769591600227,156.37769591600227,157.89641358300287,x,1,1.5114506660029292,None,,,,,parti1,001,2025-10-02_14h28.37.713,MotorSequenceLearning_NupurShah,,2025.1.1,120.37062114096888,2025-10-02 14h30.25.862269 +0530,
150,v,45,1,11,v,1,0.8024597490002634,None,11,1,45,1,,,,,157.9067914160114,,157.897150875011,157.9067914160114,158.89490558300167,158.89490558300167,158.89490558300167,158.89490558300167,158.90265445799741,159.89479370800836,159.89479370800836,160.7035198329977,v,1,0.8024597490002634,None,,,,,parti1,001,2025-10-02_14h28.37.713,MotorSequenceLearning_NupurShah,,2025.1.1,120.37062114096888,2025-10-02 14h30.25.862269 +0530,
50,c,46,2,11,c,1,0.7593664580053883,None,11,2,46,2,,,,,160.72822841600282,,160.70409479099908,160.72822841600282,161.70367854100186,161.70367854100186,161.70367854100186,161.70367854100186,161.7192097500083,162.70379687500827,162.70379687500827,163.47014516600757,c,1,0.7593664580053883,None,,,,,parti1,001,2025-10-02_14h28.37.713,MotorSequenceLearning_NupurShah,,2025.1.1,120.37062114096888,2025-10-02 14h30.25.862269 +0530,
-150,z,47,3,11,z,1,0.9604785409901524,None,11,3,47,3,,,,,163.49520254100207,,163.47076608300267,163.49520254100207,164.47210708299826,164.47210708299826,164.47210708299826,164.47210708299826,164.48782291600946,165.4616592079983,165.4616592079983,166.42986987500626,z,1,0.9604785409901524,None,,,,,parti1,001,2025-10-02_14h28.37.713,MotorSequenceLearning_NupurShah,,2025.1.1,120.37062114096888,2025-10-02 14h30.25.862269 +0530,
-50,x,48,0,12,x,1,1.3639059990091482,None,12,0,48,0,,,,,166.44010737500503,,166.43048483300663,166.44010737500503,167.42917179100914,167.42917179100914,167.42917179100914,167.42917179100914,167.4368445410073,168.42830400000094,168.42830400000094,169.79644920800638,x,1,1.3639059990091482,None,,,,,parti1,001,2025-10-02_14h28.37.713,MotorSequenceLearning_NupurShah,,2025.1.1,120.37062114096888,2025-10-02 14h30.25.862269 +0530,
150,v,49,1,12,v,1,1.1910705409973161,None,12,1,49,1,,,,,169.8063695410092,,169.79696858300304,169.8063695410092,170.7951935410092,170.7951935410092,170.7951935410092,170.7951935410092,170.80375945800915,171.795030416004,171.795030416004,172.9966832909995,v,1,1.1910705409973161,None,,,,,parti1,001,2025-10-02_14h28.37.713,MotorSequenceLearning_NupurShah,,2025.1.1,120.37062114096888,2025-10-02 14h30.25.862269 +0530,
50,c,50,2,12,c,1,1.322061749000568,None,12,2,50,2,,,,,173.00701275000756,,172.99726825000835,173.00701275000756,173.99455204101105,173.99455204101105,173.99455204101105,173.99455204101105,174.001941333001,174.99510604100942,174.99510604100942,176.3186150410038,c,1,1.322061749000568,None,,,,,parti1,001,2025-10-02_14h28.37.713,MotorSequenceLearning_NupurShah,,2025.1.1,120.37062114096888,2025-10-02 14h30.25.862269 +0530,
-150,z,51,3,12,z,1,0.8827764579909854,None,12,3,51,3,,,,,176.32864054100355,,176.31896575000428,176.32864054100355,177.3113377080008,177.3113377080008,177.3113377080008,177.3113377080008,177.31899983300536,178.3112907080067,178.3112907080067,179.1965858330077,z,1,0.8827764579909854,None,,,,,parti1,001,2025-10-02_14h28.37.713,MotorSequenceLearning_NupurShah,,2025.1.1,120.37062114096888,2025-10-02 14h30.25.862269 +0530,
-50,x,52,0,13,x,1,1.2693187080003554,None,13,0,52,0,,,,,179.20671641601075,,179.1971542500105,179.20671641601075,180.195431250002,180.195431250002,180.195431250002,180.195431250002,180.2028066250059,181.19470583301154,181.19470583301154,182.46999541600235,x,1,1.2693187080003554,None,,,,,parti1,001,2025-10-02_14h28.37.713,MotorSequenceLearning_NupurShah,,2025.1.1,120.37062114096888,2025-10-02 14h30.25.862269 +0530,
150,v,53,1,13,v,1,0.7060703330062097,None,13,1,53,1,,,,,182.48062904100516,,182.4706025409978,182.48062904100516,183.46185445800074,183.46185445800074,183.46185445800074,183.46185445800074,183.47857787500834,184.46998504101066,184.46998504101066,185.18013162500574,v,1,0.7060703330062097,None,,,,,parti1,001,2025-10-02_14h28.37.713,MotorSequenceLearning_NupurShah,,2025.1.1,120.37062114096888,2025-10-02 14h30.25.862269 +0530,
50,c,54,2,13,c,1,0.30733924999367446,None,13,2,54,2,,,,,185.19035670800076,,185.180673750001,185.19035670800076,186.1781209160108,186.1781209160108,186.1781209160108,186.1781209160108,186.1858032910095,187.17868162500963,187.17868162500963,187.48759437500848,c,1,0.30733924999367446,None,,,,,parti1,001,2025-10-02_14h28.37.713,MotorSequenceLearning_NupurShah,,2025.1.1,120.37062114096888,2025-10-02 14h30.25.862269 +0530,
-150,z,55,3,13,z,1,0.2765346249943832,None,13,3,55,3,,,,,187.49732495800708,,187.48810145800235,187.49732495800708,188.4957862500014,188.4957862500014,188.4957862500014,188.4957862500014,188.51261775000603,189.48646945800283,189.48646945800283,189.77006816600624,z,1,0.2765346249943832,None,,,,,parti1,001,2025-10-02_14h28.37.713,MotorSequenceLearning_NupurShah,,2025.1.1,120.37062114096888,2025-10-02 14h30.25.862269 +0530,
-50,x,56,0,14,x,1,1.3220402910083067,None,14,0,56,0,,,,,189.77982791600516,,189.7705645410024,189.77982791600516,190.762055625004,190.762055625004,190.762055625004,190.762055625004,190.7787387080025,191.7619857910031,191.7619857910031,193.08773958300299,x,1,1.3220402910083067,None,,,,,parti1,001,2025-10-02_14h28.37.713,MotorSequenceLearning_NupurShah,,2025.1.1,120.37062114096888,2025-10-02 14h30.25.862269 +0530,
150,v,57,1,14,v,1,0.3234632489911746,None,14,1,57,1,,,,,193.09811350000382,,193.08847254099965,193.09811350000382,194.08780545800983,194.08780545800983,194.08780545800983,194.08780545800983,194.09597783299978,195.0864568750112,195.0864568750112,195.41368150000926,v,1,0.3234632489911746,None,,,,,parti1,001,2025-10-02_14h28.37.713,MotorSequenceLearning_NupurShah,,2025.1.1,120.37062114096888,2025-10-02 14h30.25.862269 +0530,
50,c,58,2,14,c,1,0.43793949999962933,None,14,2,58,2,,,,,195.42380025000602,,195.41444591600157,195.42380025000602,196.41218600000138,196.41218600000138,196.41218600000138,196.41218600000138,196.4197565830109,197.41201983300562,197.41201983300562,197.85370820800017,c,1,0.43793949999962933,None,,,,,parti1,001,2025-10-02_14h28.37.713,MotorSequenceLearning_NupurShah,,2025.1.1,120.37062114096888,2025-10-02 14h30.25.862269 +0530,
-150,z,59,3,14,z,1,0.995674500009045,None,14,3,59,3,,,,,197.86352225000155,,197.8542155410105,197.86352225000155,198.8540965830034,198.8540965830034,198.8540965830034,198.8540965830034,198.86227541600238,199.85435591600253,199.85435591600253,200.85367162500916,z,1,0.995674500009045,None,,,,,parti1,001,2025-10-02_14h28.37.713,MotorSequenceLearning_NupurShah,,2025.1.1,120.37062114096888,2025-10-02 14h30.25.862269 +0530,
-50,x,60,0,15,x,1,1.5945857490005437,None,15,0,60,0,,,,,200.86386774999846,,200.854165458004,200.86386774999846,201.85386020800797,201.85386020800797,201.85386020800797,201.85386020800797,201.86169770800916,202.84547491600097,202.84547491600097,204.44646083300177,x,1,1.5945857490005437,None,,,,,parti1,001,2025-10-02_14h28.37.713,MotorSequenceLearning_NupurShah,,2025.1.1,120.37062114096888,2025-10-02 14h30.25.862269 +0530,
150,v,61,1,15,v,1,1.1500243740010774,None,15,1,61,1,,,,,204.45610741600103,,204.4469682080089,204.45610741600103,205.4379251250066,205.4379251250066,205.4379251250066,205.4379251250066,205.45343437499832,206.43686829099897,206.43686829099897,207.59733095800038,v,1,1.1500243740010774,None,,,,,parti1,001,2025-10-02_14h28.37.713,MotorSequenceLearning_NupurShah,,2025.1.1,120.37062114096888,2025-10-02 14h30.25.862269 +0530,
50,c,62,2,15,c,1,0.7928394990012748,None,15,2,62,2,,,,,207.60760641600064,,207.59791224999935,207.60760641600064,208.59518283299985,208.59518283299985,208.59518283299985,208.59518283299985,208.60300008300692,209.59509000000253,209.59509000000253,210.39707575000648,c,1,0.7928394990012748,None,,,,,parti1,001,2025-10-02_14h28.37.713,MotorSequenceLearning_NupurShah,,2025.1.1,120.37062114096888,2025-10-02 14h30.25.862269 +0530,
-150,z,63,3,15,z,1,0.8506903319939738,None,15,3,63,3,,,,,210.40650345799804,,210.3975855410099,210.40650345799804,211.39518487500027,211.39518487500027,211.39518487500027,211.39518487500027,211.4027700000006,212.39599000000453,212.39599000000453,213.25460641599784,z,1,0.8506903319939738,None,,,,,parti1,001,2025-10-02_14h28.37.713,MotorSequenceLearning_NupurShah,,2025.1.1,120.37062114096888,2025-10-02 14h30.25.862269 +0530,
-50,x,64,0,16,x,1,1.662265082995873,None,16,0,64,0,,,,,213.27923458300938,,213.25509095800226,213.27923458300938,214.2548836250062,214.2548836250062,214.2548836250062,214.2548836250062,214.26989254100772,215.2545997910056,215.2545997910056,216.92074037500424,x,1,1.662265082995873,None,,,,,parti1,001,2025-10-02_14h28.37.713,MotorSequenceLearning_NupurShah,,2025.1.1,120.37062114096888,2025-10-02 14h30.25.862269 +0530,
150,v,65,1,16,v,1,1.0465243740036385,None,16,1,65,1,,,,,216.93088229100977,,216.92125150001084,216.93088229100977,217.9214376660093,217.9214376660093,217.9214376660093,217.9214376660093,217.92915429100685,218.9124359999987,218.9124359999987,219.96408329100814,v,1,1.0465243740036385,None,,,,,parti1,001,2025-10-02_14h28.37.713,MotorSequenceLearning_NupurShah,,2025.1.1,120.37062114096888,2025-10-02 14h30.25.862269 +0530,
50,c,66,2,16,c,1,0.8272327910090098,None,16,2,66,2,,,,,219.97462420800002,,219.96473341601086,219.97462420800002,220.96193816600135,220.96193816600135,220.96193816600135,220.96193816600135,220.9692915409978,221.9624976250052,221.9624976250052,222.79718716599746,c,1,0.8272327910090098,None,,,,,parti1,001,2025-10-02_14h28.37.713,MotorSequenceLearning_NupurShah,,2025.1.1,120.37062114096888,2025-10-02 14h30.25.862269 +0530,
-150,z,67,3,16,z,1,1.2434727910003858,None,16,3,67,3,,,,,222.80722033300844,,222.7977363329992,222.80722033300844,223.7959468330082,223.7959468330082,223.7959468330082,223.7959468330082,223.80360583300353,224.79530979100673,224.79530979100673,226.04736941600277,z,1,1.2434727910003858,None,,,,,parti1,001,2025-10-02_14h28.37.713,MotorSequenceLearning_NupurShah,,2025.1.1,120.37062114096888,2025-10-02 14h30.25.862269 +0530,
-50,x,68,0,17,x,1,1.2478909989877138,None,17,0,68,0,,,,,226.05663408299733,,226.04786220799724,226.05663408299733,227.0454601250094,227.0454601250094,227.0454601250094,227.0454601250094,227.053123375008,228.04590358299902,228.04590358299902,229.29744291600946,x,1,1.2478909989877138,None,,,,,parti1,001,2025-10-02_14h28.37.713,MotorSequenceLearning_NupurShah,,2025.1.1,120.37062114096888,2025-10-02 14h30.25.862269 +0530,
150,v,69,1,17,v,1,0.8467184159962926,None,17,1,69,1,,,,,229.3075174580008,,229.29805604100693,229.3075174580008,230.29006520799885,230.29006520799885,230.29006520799885,230.29006520799885,230.29771895799786,231.29610675000004,231.29610675000004,232.14743141600047,v,1,0.8467184159962926,None,,,,,parti1,001,2025-10-02_14h28.37.713,MotorSequenceLearning_NupurShah,,2025.1.1,120.37062114096888,2025-10-02 14h30.25.862269 +0530,
50,c,70,2,17,c,1,1.1912035409914097,None,17,2,70,2,,,,,232.15777916600928,,232.1479936250107,232.15777916600928,233.14553841600718,233.14553841600718,233.14553841600718,233.14553841600718,233.15288225001132,234.14551179100818,234.14551179100818,235.3474975410063,c,1,1.1912035409914097,None,,,,,parti1,001,2025-10-02_14h28.37.713,MotorSequenceLearning_NupurShah,,2025.1.1,120.37062114096888,2025-10-02 14h30.25.862269 +0530,
-150,z,71,3,17,z,1,1.0458309569949051,None,17,3,71,3,,,,,235.35676350000722,,235.3479902500112,235.35676350000722,236.34561108300113,236.34561108300113,236.34561108300113,236.34561108300113,236.35325374999957,237.34606266600895,237.34606266600895,238.39750237500994,z,1,1.0458309569949051,None,,,,,parti1,001,2025-10-02_14h28.37.713,MotorSequenceLearning_NupurShah,,2025.1.1,120.37062114096888,2025-10-02 14h30.25.862269 +0530,
-50,x,72,0,18,x,1,1.0004839159955736,None,18,0,72,0,,,,,238.4068839160027,,238.3980069160025,238.4068839160027,239.3956198329979,239.3956198329979,239.3956198329979,239.3956198329979,239.403382125005,240.3961032500083,240.3961032500083,241.4051760000002,x,1,1.0004839159955736,None,,,,,parti1,001,2025-10-02_14h28.37.713,MotorSequenceLearning_NupurShah,,2025.1.1,120.37062114096888,2025-10-02 14h30.25.862269 +0530,
150,v,73,1,18,v,1,0.8936342079978203,None,18,1,73,1,,,,,241.4297170409991,,241.4056632080028,241.4297170409991,242.40507175000675,242.40507175000675,242.40507175000675,242.40507175000675,242.42010762500286,243.40500166600395,243.40500166600395,244.30512033301056,v,1,0.8936342079978203,None,,,,,parti1,001,2025-10-02_14h28.37.713,MotorSequenceLearning_NupurShah,,2025.1.1,120.37062114096888,2025-10-02 14h30.25.862269 +0530,
50,c,74,2,18,c,1,1.3079209990100935,None,18,2,74,2,,,,,244.31509787500545,,244.30561970800045,244.31509787500545,245.30518079100875,245.30518079100875,245.30518079100875,245.30518079100875,245.31295387500722,246.30563437500678,246.30563437500678,247.6208750000078,c,1,1.3079209990100935,None,,,,,parti1,001,2025-10-02_14h28.37.713,MotorSequenceLearning_NupurShah,,2025.1.1,120.37062114096888,2025-10-02 14h30.25.862269 +0530,
-150,z,75,3,18,z,1,1.0339354569878196,None,18,3,75,3,,,,,247.6310307500098,,247.62138300000515,247.6310307500098,248.6215541660058,248.6215541660058,248.6215541660058,248.6215541660058,248.629667583009,249.62066650000634,249.62066650000634,250.66462758299895,z,1,1.0339354569878196,None,,,,,parti1,001,2025-10-02_14h28.37.713,MotorSequenceLearning_NupurShah,,2025.1.1,120.37062114096888,2025-10-02 14h30.25.862269 +0530,
-50,x,76,0,19,x,1,0.8836317079985747,None,19,0,76,0,,,,,250.67503720799868,,250.66520862501056,250.67503720799868,251.66260829100793,251.66260829100793,251.66260829100793,251.66260829100793,251.6708227909985,252.6629573329992,252.6629573329992,253.55481295799837,x,1,0.8836317079985747,None,,,,,parti1,001,2025-10-02_14h28.37.713,MotorSequenceLearning_NupurShah,,2025.1.1,120.37062114096888,2025-10-02 14h30.25.862269 +0530,
150,v,77,1,19,v,1,0.27581287499924656,None,19,1,77,1,,,,,253.5639332080027,,253.55520762500237,253.5639332080027,254.5563188750093,254.5563188750093,254.5563188750093,254.5563188750093,254.5641354160034,255.55592400000023,255.55592400000023,255.83781845800695,v,1,0.27581287499924656,None,,,,,parti1,001,2025-10-02_14h28.37.713,MotorSequenceLearning_NupurShah,,2025.1.1,120.37062114096888,2025-10-02 14h30.25.862269 +0530,
50,c,78,2,19,c,1,0.27402974999859,None,19,2,78,2,,,,,255.84734220799874,,255.83821333300148,255.84734220799874,256.829175625011,256.829175625011,256.829175625011,256.829175625011,256.84663716600335,257.8387142499996,257.8387142499996,258.11434537499736,c,1,0.27402974999859,None,,,,,parti1,001,2025-10-02_14h28.37.713,MotorSequenceLearning_NupurShah,,2025.1.1,120.37062114096888,2025-10-02 14h30.25.862269 +0530,
-150,z,79,3,19,z,1,0.2695666240033461,None,19,3,79,3,,,,,258.12086820800323,,258.1148257080058,258.12086820800323,259.1125486660021,259.1125486660021,259.1125486660021,259.1125486660021,259.1125486660021,260.11313266601064,260.11313266601064,260.3882959580078,z,1,0.2695666240033461,None,,,,,parti1,001,2025-10-02_14h28.37.713,MotorSequenceLearning_NupurShah,,2025.1.1,120.37062114096888,2025-10-02 14h30.25.862269 +0530,
-50,x,80,0,20,x,1,0.8777692079893313,None,20,0,80,0,,,,,260.41301750000275,,260.3888696250069,260.41301750000275,261.38882425001066,261.38882425001066,261.38882425001066,261.38882425001066,261.40433545800624,262.3879454580019,262.3879454580019,263.27145170800213,x,1,0.8777692079893313,None,,,,,parti1,001,2025-10-02_14h28.37.713,MotorSequenceLearning_NupurShah,,2025.1.1,120.37062114096888,2025-10-02 14h30.25.862269 +0530,
150,v,81,1,20,v,1,0.891155457997229,None,20,1,81,1,,,,,263.28046891601116,,263.2720254580054,263.28046891601116,264.26266279100673,264.26266279100673,264.26266279100673,264.26266279100673,264.28013795800507,265.2713966250012,265.2713966250012,266.1645221660001,v,1,0.891155457997229,None,,,,,parti1,001,2025-10-02_14h28.37.713,MotorSequenceLearning_NupurShah,,2025.1.1,120.37062114096888,2025-10-02 14h30.25.862269 +0530,
50,c,82,2,20,c,1,0.6337096659990493,None,20,2,82,2,,,,,266.1711972500052,,266.1649943329976,266.1711972500052,267.1627721660043,267.1627721660043,267.1627721660043,267.1627721660043,267.1627721660043,268.16273879099754,268.16273879099754,268.79811050000717,c,1,0.6337096659990493,None,,,,,parti1,001,2025-10-02_14h28.37.713,MotorSequenceLearning_NupurShah,,2025.1.1,120.37062114096888,2025-10-02 14h30.25.862269 +0530,
-150,z,83,3,20,z,1,0.2843690410081763,None,20,3,83,3,,,,,268.8047157500114,,268.79856779100373,268.8047157500114,269.7966591250006,269.7966591250006,269.7966591250006,269.7966591250006,269.80422912500217,270.7960763750016,270.7960763750016,271.0886359580036,z,1,0.2843690410081763,None,,,,,parti1,001,2025-10-02_14h28.37.713,MotorSequenceLearning_NupurShah,,2025.1.1,120.37062114096888,2025-10-02 14h30.25.862269 +0530,
-50,x,84,0,21,x,1,0.8029421660030494,None,21,0,84,0,,,,,271.09887075000734,,271.08909624999797,271.09887075000734,272.0892491660052,272.0892491660052,272.0892491660052,272.0892491660052,272.09713875000307,273.07952304100036,273.07952304100036,273.8886163749994,x,1,0.8029421660030494,None,,,,,parti1,001,2025-10-02_14h28.37.713,MotorSequenceLearning_NupurShah,,2025.1.1,120.37062114096888,2025-10-02 14h30.25.862269 +0530,
150,v,85,1,21,v,1,0.2932948330126237,None,21,1,85,1,,,,,273.89860325001064,,273.88911895800265,273.89860325001064,274.8888922500046,274.8888922500046,274.8888922500046,274.8888922500046,274.89671020800597,275.8881105830078,275.8881105830078,276.1881765410071,v,1,0.2932948330126237,None,,,,,parti1,001,2025-10-02_14h28.37.713,MotorSequenceLearning_NupurShah,,2025.1.1,120.37062114096888,2025-10-02 14h30.25.862269 +0530,
50,c,86,2,21,c,1,0.28162404100294225,None,21,2,86,2,,,,,276.19834750000155,,276.188633208003,276.19834750000155,277.1883871660102,277.1883871660102,277.1883871660102,277.1883871660102,277.1967316250084,278.1888789579971,278.1888789579971,278.48166600000695,c,1,0.28162404100294225,None,,,,,parti1,001,2025-10-02_14h28.37.713,MotorSequenceLearning_NupurShah,,2025.1.1,120.37062114096888,2025-10-02 14h30.25.862269 +0530,
-150,z,87,3,21,z,1,0.24045758201100398,None,21,3,87,3,,,,,278.49232633299835,,278.4822323749977,278.49232633299835,279.4796214579983,279.4796214579983,279.4796214579983,279.4796214579983,279.4874843330035,280.48004875000333,280.48004875000333,280.7218439999997,z,1,0.24045758201100398,None,,,,,parti1,001,2025-10-02_14h28.37.713,MotorSequenceLearning_NupurShah,,2025.1.1,120.37062114096888,2025-10-02 14h30.25.862269 +0530,
-50,x,88,0,22,x,1,0.7231317080004374,None,22,0,88,0,,,,,280.73188758300967,,280.72231633300544,280.73188758300967,281.7220330410055,281.7220330410055,281.7220330410055,281.7220330410055,281.73046183300903,282.7134262910113,282.7134262910113,283.438394124998,x,1,0.7231317080004374,None,,,,,parti1,001,2025-10-02_14h28.37.713,MotorSequenceLearning_NupurShah,,2025.1.1,120.37062114096888,2025-10-02 14h30.25.862269 +0530,
150,v,89,1,22,v,1,0.29750112400506623,None,22,1,89,1,,,,,283.44621412501147,,283.43888016600977,283.44621412501147,284.4387369580072,284.4387369580072,284.4387369580072,284.4387369580072,284.4387369580072,285.43010979100654,285.43010979100654,285.7316681250086,v,1,0.29750112400506623,None,,,,,parti1,001,2025-10-02_14h28.37.713,MotorSequenceLearning_NupurShah,,2025.1.1,120.37062114096888,2025-10-02 14h30.25.862269 +0530,
50,c,90,2,22,c,1,0.2820310410024831,None,22,2,90,2,,,,,285.74202433299797,,285.7322382499988,285.74202433299797,286.72968033301004,286.72968033301004,286.72968033301004,286.72968033301004,286.7373573750083,287.7303836659994,287.7303836659994,288.0143656250002,c,1,0.2820310410024831,None,,,,,parti1,001,2025-10-02_14h28.37.713,MotorSequenceLearning_NupurShah,,2025.1.1,120.37062114096888,2025-10-02 14h30.25.862269 +0530,
-150,z,91,3,22,z,1,0.3808838319964707,None,22,3,91,3,,,,,288.0244870410097,,288.01490162500704,288.0244870410097,289.00584450000315,289.00584450000315,289.00584450000315,289.00584450000315,289.02142079100304,290.0045699580078,290.0045699580078,290.3888952080015,z,1,0.3808838319964707,None,,,,,parti1,001,2025-10-02_14h28.37.713,MotorSequenceLearning_NupurShah,,2025.1.1,120.37062114096888,2025-10-02 14h30.25.862269 +0530,
-50,x,92,0,23,x,1,1.766432791002444,None,23,0,92,0,,,,,290.39883637501043,,290.38939024999854,290.39883637501043,291.3901224160072,291.3901224160072,291.3901224160072,291.3901224160072,291.39763250001124,292.3879426659987,292.3879426659987,294.1560403750045,x,1,1.766432791002444,None,,,,,parti1,001,2025-10-02_14h28.37.713,MotorSequenceLearning_NupurShah,,2025.1.1,120.37062114096888,2025-10-02 14h30.25.862269 +0530,
150,v,93,1,23,v,1,0.9318593320058426,None,23,1,93,1,,,,,294.1804740410007,,294.15652283300005,294.1804740410007,295.15583454100124,295.15583454100124,295.15583454100124,295.15583454100124,295.1710241660039,296.15454745800525,296.15454745800525,297.0888090829976,v,1,0.9318593320058426,None,,,,,parti1,001,2025-10-02_14h28.37.713,MotorSequenceLearning_NupurShah,,2025.1.1,120.37062114096888,2025-10-02 14h30.25.862269 +0530,
50,c,94,2,23,c,1,0.8303794989915332,None,23,2,94,2,,,,,297.09884937500465,,297.0892760830029,297.09884937500465,298.0889105410024,298.0889105410024,298.0889105410024,298.0889105410024,298.0965078330046,299.08801429100276,299.08801429100276,299.92169620800996,c,1,0.8303794989915332,None,,,,,parti1,001,2025-10-02_14h28.37.713,MotorSequenceLearning_NupurShah,,2025.1.1,120.37062114096888,2025-10-02 14h30.25.862269 +0530,
-150,z,95,3,23,z,1,0.9710560410021571,None,23,3,95,3,,,,,299.9317932080012,,299.92217266600346,299.9317932080012,300.9132285829983,300.9132285829983,300.9132285829983,300.9132285829983,300.9298565830104,301.9132360829972,301.9132360829972,302.8891123330104,z,1,0.9710560410021571,None,,,,,parti1,001,2025-10-02_14h28.37.713,MotorSequenceLearning_NupurShah,,2025.1.1,120.37062114096888,2025-10-02 14h30.25.862269 +0530,
-50,x,96,0,24,x,1,0.9357222909893608,None,24,0,96,0,,,,,302.8991377909988,,302.8896014159982,302.8991377909988,303.89045362500474,303.89045362500474,303.89045362500474,303.89045362500474,303.8977963750076,304.88870316599787,304.88870316599787,305.8318187499972,x,1,0.9357222909893608,None,,,,,parti1,001,2025-10-02_14h28.37.713,MotorSequenceLearning_NupurShah,,2025.1.1,120.37062114096888,2025-10-02 14h30.25.862269 +0530,
150,v,97,1,24,v,1,1.1145656240114477,None,24,1,97,1,,,,,305.8412996660045,,305.83229254100297,305.8412996660045,306.8300078750035,306.8300078750035,306.8300078750035,306.8300078750035,306.8376381249982,307.82268675000523,307.82268675000523,308.93968637500075,v,1,1.1145656240114477,None,,,,,parti1,001,2025-10-02_14h28.37.713,MotorSequenceLearning_NupurShah,,2025.1.1,120.37062114096888,2025-10-02 14h30.25.862269 +0530,
50,c,98,2,24,c,1,0.35795562400016934,None,24,2,98,2,,,,,308.9501613330067,,308.94024637500115,308.9501613330067,309.9390540000022,309.9390540000022,309.9390540000022,309.9390540000022,309.947397750002,310.9383486660081,310.9383486660081,311.2981472500105,c,1,0.35795562400016934,None,,,,,parti1,001,2025-10-02_14h28.37.713,MotorSequenceLearning_NupurShah,,2025.1.1,120.37062114096888,2025-10-02 14h30.25.862269 +0530,
-150,z,99,3,24,z,1,0.33604612400813494,None,24,3,99,3,,,,,311.3085741660034,,311.29869683300785,311.3085741660034,312.2897982499999,312.2897982499999,312.2897982499999,312.2897982499999,312.30471787499846,313.2893305410107,313.2893305410107,313.6321632080071,z,1,0.33604612400813494,None,,,,,parti1,001,2025-10-02_14h28.37.713,MotorSequenceLearning_NupurShah,,2025.1.1,120.37062114096888,2025-10-02 14h30.25.862269 +0530,
-50,x,100,0,25,x,1,1.0776074989989866,None,25,0,100,0,,,,,313.641380208006,,313.6326658330072,313.641380208006,314.63016279099975,314.63016279099975,314.63016279099975,314.63016279099975,314.6384035000083,315.6308239580103,315.6308239580103,316.7155005829991,x,1,1.0776074989989866,None,,,,,parti1,001,2025-10-02_14h28.37.713,MotorSequenceLearning_NupurShah,,2025.1.1,120.37062114096888,2025-10-02 14h30.25.862269 +0530,
150,v,101,1,25,v,1,1.084312206992763,None,25,1,101,1,,,,,316.72462841600645,,316.71590583299985,316.72462841600645,317.7135443750012,317.7135443750012,317.7135443750012,317.7135443750012,317.7213015000016,318.7139486250089,318.7139486250089,319.8061380410072,v,1,1.084312206992763,None,,,,,parti1,001,2025-10-02_14h28.37.713,MotorSequenceLearning_NupurShah,,2025.1.1,120.37062114096888,2025-10-02 14h30.25.862269 +0530,
50,c,102,2,25,c,1,0.23521791599341668,None,25,2,102,2,,,,,319.83091395800875,,319.80661783300457,319.83091395800875,320.8060123750038,320.8060123750038,320.8060123750038,320.8060123750038,320.8205352500081,321.8061252500047,321.8061252500047,322.04847575000895,c,1,0.23521791599341668,None,,,,,parti1,001,2025-10-02_14h28.37.713,MotorSequenceLearning_NupurShah,,2025.1.1,120.37062114096888,2025-10-02 14h30.25.862269 +0530,
-150,z,103,3,25,z,1,0.25738458200066816,None,25,3,103,3,,,,,322.0583511660079,,322.0491208330059,322.0583511660079,323.0477425410063,323.0477425410063,323.0477425410063,323.0477425410063,323.05543416600267,324.04680058300437,324.04680058300437,324.30553866599803,z,1,0.25738458200066816,None,,,,,parti1,001,2025-10-02_14h28.37.713,MotorSequenceLearning_NupurShah,,2025.1.1,120.37062114096888,2025-10-02 14h30.25.862269 +0530,
-50,x,104,0,26,x,1,0.28274512400093954,None,26,0,104,0,,,,,324.3150815830013,,324.3060212910059,324.3150815830013,325.29696608299855,325.29696608299855,325.29696608299855,325.29696608299855,325.31352870800765,326.29741462500533,326.29741462500533,326.5820408330037,x,1,0.28274512400093954,None,,,,,parti1,001,2025-10-02_14h28.37.713,MotorSequenceLearning_NupurShah,,2025.1.1,120.37062114096888,2025-10-02 14h30.25.862269 +0530,
150,v,105,1,26,v,1,0.29042099899379537,None,26,1,105,1,,,,,326.5886654580099,,326.58250333300384,326.5886654580099,327.5802217080054,327.5802217080054,327.5802217080054,327.5802217080054,327.5802217080054,328.5807805410004,328.5807805410004,328.8820689999993,v,1,0.29042099899379537,None,,,,,parti1,001,2025-10-02_14h28.37.713,MotorSequenceLearning_NupurShah,,2025.1.1,120.37062114096888,2025-10-02 14h30.25.862269 +0530,
50,c,106,2,26,c,1,0.30984025000361726,None,26,2,106,2,,,,,328.89107387499826,,328.88253716600593,328.89107387499826,329.8803126660059,329.8803126660059,329.8803126660059,329.8803126660059,329.8880738750013,330.88022674999957,330.88022674999957,331.1981265830109,c,1,0.30984025000361726,None,,,,,parti1,001,2025-10-02_14h28.37.713,MotorSequenceLearning_NupurShah,,2025.1.1,120.37062114096888,2025-10-02 14h30.25.862269 +0530,
-150,z,107,3,26,z,1,0.32078479100891855,None,26,3,107,3,,,,,331.20750179101015,,331.1986292500078,331.20750179101015,332.18943695801136,332.18943695801136,332.18943695801136,332.18943695801136,332.2044444580097,333.1884692080057,333.1884692080057,333.5157905410015,z,1,0.32078479100891855,None,,,,,parti1,001,2025-10-02_14h28.37.713,MotorSequenceLearning_NupurShah,,2025.1.1,120.37062114096888,2025-10-02 14h30.25.862269 +0530,
-50,x,108,0,27,x,1,0.8574698320007883,None,27,0,108,0,,,,,333.5258678750106,,333.5163521659997,333.5258678750106,334.5137309999991,334.5137309999991,334.5137309999991,334.5137309999991,334.5218851660029,335.5137162500032,335.5137162500032,336.3722396660014,x,1,0.8574698320007883,None,,,,,parti1,001,2025-10-02_14h28.37.713,MotorSequenceLearning_NupurShah,,2025.1.1,120.37062114096888,2025-10-02 14h30.25.862269 +0530,
150,v,109,1,27,v,1,0.404442957995343,None,27,1,109,1,,,,,336.38117320800666,,336.3726581660012,336.38117320800666,337.3724735410069,337.3724735410069,337.3724735410069,337.3724735410069,337.3724735410069,338.3636812909972,338.3636812909972,338.7728937500069,v,1,0.404442957995343,None,,,,,parti1,001,2025-10-02_14h28.37.713,MotorSequenceLearning_NupurShah,,2025.1.1,120.37062114096888,2025-10-02 14h30.25.862269 +0530,
50,c,110,2,27,c,1,0.3084934990038164,None,27,2,110,2,,,,,338.78313054100727,,338.7733652910101,338.78313054100727,339.773498458002,339.773498458002,339.773498458002,339.773498458002,339.7813150830043,340.76470504100143,340.76470504100143,341.08233070799906,c,1,0.3084934990038164,None,,,,,parti1,001,2025-10-02_14h28.37.713,MotorSequenceLearning_NupurShah,,2025.1.1,120.37062114096888,2025-10-02 14h30.25.862269 +0530,
-150,z,111,3,27,z,1,0.11117104100412689,None,27,3,111,3,,,,,341.0921260000032,,341.0828115410113,341.0921260000032,342.0804163330031,342.0804163330031,342.0804163330031,342.0804163330031,342.08809166600986,343.08108908300346,343.08108908300346,343.19899354100926,z,1,0.11117104100412689,None,,,,,parti1,001,2025-10-02_14h28.37.713,MotorSequenceLearning_NupurShah,,2025.1.1,120.37062114096888,2025-10-02 14h30.25.862269 +0530,
-50,x,112,0,28,x,1,0.24952416600717697,None,28,0,112,0,,,,,343.20814075000817,,343.1994525830087,343.20814075000817,344.19715379099944,344.19715379099944,344.19715379099944,344.19715379099944,344.20476779100136,345.19764404100715,345.19764404100715,345.44894183300494,x,1,0.24952416600717697,None,,,,,parti1,001,2025-10-02_14h28.37.713,MotorSequenceLearning_NupurShah,,2025.1.1,120.37062114096888,2025-10-02 14h30.25.862269 +0530,
150,v,113,1,28,v,1,0.38284270800068043,None,28,1,113,1,,,,,345.45555658300873,,345.44940041600785,345.45555658300873,346.4401152500068,346.4401152500068,346.4401152500068,346.4401152500068,346.448029666004,347.4471803750057,347.4471803750057,347.83193087500695,v,1,0.38284270800068043,None,,,,,parti1,001,2025-10-02_14h28.37.713,MotorSequenceLearning_NupurShah,,2025.1.1,120.37062114096888,2025-10-02 14h30.25.862269 +0530,
50,c,114,2,28,c,1,0.9107875819900073,None,28,2,114,2,,,,,347.84225962500204,,347.8324807910103,347.84225962500204,348.8225943330035,348.8225943330035,348.8225943330035,348.8225943330035,348.8378967910103,349.8223355000082,349.8223355000082,350.7388078750082,c,1,0.9107875819900073,None,,,,,parti1,001,2025-10-02_14h28.37.713,MotorSequenceLearning_NupurShah,,2025.1.1,120.37062114096888,2025-10-02 14h30.25.862269 +0530,
-150,z,115,3,28,z,1,0.47668887401232496,None,28,3,115,3,,,,,350.7486710410012,,350.7392834159982,350.7486710410012,351.73060675000306,351.73060675000306,351.73060675000306,351.73060675000306,351.74725095801114,352.7313651660079,352.7313651660079,353.2159560410073,z,1,0.47668887401232496,None,,,,,parti1,001,2025-10-02_14h28.37.713,MotorSequenceLearning_NupurShah,,2025.1.1,120.37062114096888,2025-10-02 14h30.25.862269 +0530,
-50,x,116,0,29,x,1,0.9923935410042759,None,29,0,116,0,,,,,353.2257573329989,,353.2164327500068,353.2257573329989,354.2146902500099,354.2146902500099,354.2146902500099,354.2146902500099,354.22230633300205,355.21449174999725,355.21449174999725,356.21563745800813,x,1,0.9923935410042759,None,,,,,parti1,001,2025-10-02_14h28.37.713,MotorSequenceLearning_NupurShah,,2025.1.1,120.37062114096888,2025-10-02 14h30.25.862269 +0530,
150,v,117,1,29,v,1,1.1790053750009974,None,29,1,117,1,,,,,356.2250009999989,,356.21610512500047,356.2250009999989,357.2070601660089,357.2070601660089,357.2070601660089,357.2070601660089,357.22272758300824,358.2059954160068,358.2059954160068,359.3894190830033,v,1,1.1790053750009974,None,,,,,parti1,001,2025-10-02_14h28.37.713,MotorSequenceLearning_NupurShah,,2025.1.1,120.37062114096888,2025-10-02 14h30.25.862269 +0530,
50,c,118,2,29,c,1,0.5391110819909954,None,29,2,118,2,,,,,359.3990466660034,,359.3898710830108,359.3990466660034,360.3893198750011,360.3893198750011,360.3893198750011,360.3893198750011,360.3893198750011,361.38989908300573,361.38989908300573,361.9324048330018,c,1,0.5391110819909954,None,,,,,parti1,001,2025-10-02_14h28.37.713,MotorSequenceLearning_NupurShah,,2025.1.1,120.37062114096888,2025-10-02 14h30.25.862269 +0530,
-150,z,119,3,29,z,1,0.4176432070089504,None,29,3,119,3,,,,,361.9417731249996,,361.93288537500484,361.9417731249996,362.9238141250098,362.9238141250098,362.9238141250098,362.9238141250098,362.9395155000093,363.92336950000026,363.92336950000026,364.349204750004,z,1,0.4176432070089504,None,,,,,parti1,001,2025-10-02_14h28.37.713,MotorSequenceLearning_NupurShah,,2025.1.1,120.37062114096888,2025-10-02 14h30.25.862269 +0530,
-50,x,120,0,30,x,1,0.6869412490050308,None,30,0,120,0,,,,,364.3581091250089,,364.3495812910114,364.3581091250089,365.3404945410002,365.3404945410002,365.3404945410002,365.3404945410002,365.3485913750046,366.3479140410054,366.3479140410054,367.0396555830084,x,1,0.6869412490050308,None,,,,,parti1,001,2025-10-02_14h28.37.713,MotorSequenceLearning_NupurShah,,2025.1.1,120.37062114096888,2025-10-02 14h30.25.862269 +0530,
150,v,121,1,30,v,1,0.6917822910036193,None,30,1,121,1,,,,,367.04942799999844,,367.0401170000114,367.04942799999844,368.04158870800165,368.04158870800165,368.04158870800165,368.04158870800165,368.04913833300816,369.04007779101084,369.04007779101084,369.7398522500007,v,1,0.6917822910036193,None,,,,,parti1,001,2025-10-02_14h28.37.713,MotorSequenceLearning_NupurShah,,2025.1.1,120.37062114096888,2025-10-02 14h30.25.862269 +0530,
50,c,122,2,30,c,1,0.32748654099123087,None,30,2,122,2,,,,,369.7498303750035,,369.7403283750027,369.7498303750035,370.74164083300275,370.74164083300275,370.74164083300275,370.74164083300275,370.7493842499971,371.73931645799894,371.73931645799894,372.07327337500465,c,1,0.32748654099123087,None,,,,,parti1,001,2025-10-02_14h28.37.713,MotorSequenceLearning_NupurShah,,2025.1.1,120.37062114096888,2025-10-02 14h30.25.862269 +0530,
-150,z,123,3,30,z,1,0.32036083299317397,None,30,3,123,3,,,,,372.083130250001,,372.073736833001,372.083130250001,373.07527054099774,373.07527054099774,373.07527054099774,373.07527054099774,373.08329287500237,374.0736187910079,374.0736187910079,374.3994971659995,z,1,0.32036083299317397,None,,,,,parti1,001,2025-10-02_14h28.37.713,MotorSequenceLearning_NupurShah,,2025.1.1,120.37062114096888,2025-10-02 14h30.25.862269 +0530,
-50,x,124,0,31,x,1,0.8025782070035348,None,31,0,124,0,,,,,374.409295999998,,374.3999811660033,374.409295999998,375.3976673750003,375.3976673750003,375.3976673750003,375.3976673750003,375.4052683330083,376.3983795410022,376.3983795410022,377.20635783299804,x,1,0.8025782070035348,None,,,,,parti1,001,2025-10-02_14h28.37.713,MotorSequenceLearning_NupurShah,,2025.1.1,120.37062114096888,2025-10-02 14h30.25.862269 +0530,
150,v,125,1,31,v,1,0.4495939990010811,None,31,1,125,1,,,,,377.2167368329974,,377.20686400000704,377.2167368329974,378.19845079100924,378.19845079100924,378.19845079100924,378.19845079100924,378.21493145800196,379.1981934159994,379.1981934159994,379.64926195800945,v,1,0.4495939990010811,None,,,,,parti1,001,2025-10-02_14h28.37.713,MotorSequenceLearning_NupurShah,,2025.1.1,120.37062114096888,2025-10-02 14h30.25.862269 +0530,
50,c,126,2,31,c,1,1.0352212080033496,None,31,2,126,2,,,,,379.6589776660112,,379.64972795800713,379.6589776660112,380.6407844580099,380.6407844580099,380.6407844580099,380.6407844580099,380.656813833004,381.6406038330024,381.6406038330024,382.68269183300436,c,1,1.0352212080033496,None,,,,,parti1,001,2025-10-02_14h28.37.713,MotorSequenceLearning_NupurShah,,2025.1.1,120.37062114096888,2025-10-02 14h30.25.862269 +0530,
-150,z,127,3,31,z,1,0.8999486239918042,None,31,3,127,3,,,,,382.69237741600955,,382.6831539160048,382.69237741600955,383.6740098750015,383.6740098750015,383.6740098750015,383.6740098750015,383.68984562500555,384.6739314580045,384.6739314580045,385.5833356660005,z,1,0.8999486239918042,None,,,,,parti1,001,2025-10-02_14h28.37.713,MotorSequenceLearning_NupurShah,,2025.1.1,120.37062114096888,2025-10-02 14h30.25.862269 +0530,
-50,x,128,0,32,x,1,0.9963671239966061,None,32,0,128,0,,,,,385.5940577080037,,385.5839267499978,385.5940577080037,386.5832029160083,386.5832029160083,386.5832029160083,386.5832029160083,386.5909037500096,387.5815663750109,387.5815663750109,388.5830602500064,x,1,0.9963671239966061,None,,,,,parti1,001,2025-10-02_14h28.37.713,MotorSequenceLearning_NupurShah,,2025.1.1,120.37062114096888,2025-10-02 14h30.25.862269 +0530,
150,v,129,1,32,v,1,0.8000513739971211,None,32,1,129,1,,,,,388.5930196660047,,388.5835977079987,388.5930196660047,389.58117412500724,389.58117412500724,389.58117412500724,389.58117412500724,389.5889592500025,390.581665375008,390.581665375008,391.3830254159984,v,1,0.8000513739971211,None,,,,,parti1,001,2025-10-02_14h28.37.713,MotorSequenceLearning_NupurShah,,2025.1.1,120.37062114096888,2025-10-02 14h30.25.862269 +0530,
50,c,130,2,32,c,1,0.39995958299550693,None,32,2,130,2,,,,,391.3895769160008,,391.3835134580004,391.3895769160008,392.3813187080086,392.3813187080086,392.3813187080086,392.3813187080086,392.3813187080086,393.3816868330032,393.3816868330032,393.78297650000604,c,1,0.39995958299550693,None,,,,,parti1,001,2025-10-02_14h28.37.713,MotorSequenceLearning_NupurShah,,2025.1.1,120.37062114096888,2025-10-02 14h30.25.862269 +0530,
-150,z,131,3,32,z,1,0.3480343749979511,None,32,3,131,3,,,,,393.78952087499783,,393.7834428750066,393.78952087499783,394.78175104100956,394.78175104100956,394.78175104100956,394.78175104100956,394.78175104100956,395.7817012500018,395.7817012500018,396.1331449999998,z,1,0.3480343749979511,None,,,,,parti1,001,2025-10-02_14h28.37.713,MotorSequenceLearning_NupurShah,,2025.1.1,120.37062114096888,2025-10-02 14h30.25.862269 +0530,
-50,x,132,0,33,x,1,0.6388242910034023,None,33,0,132,0,,,,,396.1428365410102,,396.1336458750011,396.1428365410102,397.13121479100664,397.13121479100664,397.13121479100664,397.13121479100664,397.1389759580052,398.1318174580083,398.1318174580083,398.7730132910074,x,1,0.6388242910034023,None,,,,,parti1,001,2025-10-02_14h28.37.713,MotorSequenceLearning_NupurShah,,2025.1.1,120.37062114096888,2025-10-02 14h30.25.862269 +0530,
150,v,133,1,33,v,1,1.460706540994579,None,33,1,133,1,,,,,398.78222500000265,,398.77343583300535,398.78222500000265,399.76466595800593,399.76466595800593,399.76466595800593,399.76466595800593,399.7724801250006,400.7651412499981,400.7651412499981,402.2334221659985,v,1,1.460706540994579,None,,,,,parti1,001,2025-10-02_14h28.37.713,MotorSequenceLearning_NupurShah,,2025.1.1,120.37062114096888,2025-10-02 14h30.25.862269 +0530,
50,c,134,2,33,c,1,0.4138714160071686,None,33,2,134,2,,,,,402.242996416011,,402.23394412500784,402.242996416011,403.2323810000089,403.2323810000089,403.2323810000089,403.2323810000089,403.2397583749989,404.231820083005,404.231820083005,404.65017354099837,c,1,0.4138714160071686,None,,,,,parti1,001,2025-10-02_14h28.37.713,MotorSequenceLearning_NupurShah,,2025.1.1,120.37062114096888,2025-10-02 14h30.25.862269 +0530,
-150,z,135,3,33,z,1,0.3160516659991117,None,33,3,135,3,,,,,404.6605313750042,,404.65087087500433,404.6605313750042,405.64858204100165,405.64858204100165,405.64858204100165,405.64858204100165,405.65624212499824,406.64853291600593,406.64853291600593,406.96638416600763,z,1,0.3160516659991117,None,,,,,parti1,001,2025-10-02_14h28.37.713,MotorSequenceLearning_NupurShah,,2025.1.1,120.37062114096888,2025-10-02 14h30.25.862269 +0530,
-50,x,136,0,34,x,1,0.2964016659971094,None,34,0,136,0,,,,,406.9761072500114,,406.96690283300995,406.9761072500114,407.96541529100796,407.96541529100796,407.96541529100796,407.96541529100796,407.97314158300287,408.9653125410114,408.9653125410114,409.2667462500103,x,1,0.2964016659971094,None,,,,,parti1,001,2025-10-02_14h28.37.713,MotorSequenceLearning_NupurShah,,2025.1.1,120.37062114096888,2025-10-02 14h30.25.862269 +0530,
150,v,137,1,34,v,1,0.43839141599892173,None,34,1,137,1,,,,,409.2767582079978,,409.26739287500095,409.2767582079978,410.26524391600105,410.26524391600105,410.26524391600105,410.26524391600105,410.2728966249997,411.26525183299964,411.26525183299964,411.70670550000796,v,1,0.43839141599892173,None,,,,,parti1,001,2025-10-02_14h28.37.713,MotorSequenceLearning_NupurShah,,2025.1.1,120.37062114096888,2025-10-02 14h30.25.862269 +0530,
50,c,138,2,34,c,1,0.7869380409974838,None,34,2,138,2,,,,,411.71713429100055,,411.7071900830051,411.71713429100055,412.69811941600346,412.69811941600346,412.69811941600346,412.69811941600346,412.71548437500314,413.6987188330095,413.6987188330095,414.4900697080011,c,1,0.7869380409974838,None,,,,,parti1,001,2025-10-02_14h28.37.713,MotorSequenceLearning_NupurShah,,2025.1.1,120.37062114096888,2025-10-02 14h30.25.862269 +0530,
-150,z,139,3,34,z,1,0.5146029989991803,None,34,3,139,3,,,,,414.499684082999,,414.4904616249987,414.499684082999,415.48223804100417,415.48223804100417,415.48223804100417,415.48223804100417,415.49060075001034,416.48197758301103,416.48197758301103,417.000037040998,z,1,0.5146029989991803,None,,,,,parti1,001,2025-10-02_14h28.37.713,MotorSequenceLearning_NupurShah,,2025.1.1,120.37062114096888,2025-10-02 14h30.25.862269 +0530,
-50,x,140,0,35,x,1,1.0507717080035945,None,35,0,140,0,,,,,417.00987241600524,,417.0005167909985,417.00987241600524,417.9982065410004,417.9982065410004,417.9982065410004,417.9982065410004,418.0059049160045,418.99871575,418.99871575,420.0581714160071,x,1,1.0507717080035945,None,,,,,parti1,001,2025-10-02_14h28.37.713,MotorSequenceLearning_NupurShah,,2025.1.1,120.37062114096888,2025-10-02 14h30.25.862269 +0530,
150,v,141,1,35,v,1,0.8321271239983616,None,35,1,141,1,,,,,420.06886062500416,,420.0587365410029,420.06886062500416,421.05860816600034,421.05860816600034,421.05860816600034,421.05860816600034,421.06644662500184,422.0573924580094,422.0573924580094,422.90047487500124,v,1,0.8321271239983616,None,,,,,parti1,001,2025-10-02_14h28.37.713,MotorSequenceLearning_NupurShah,,2025.1.1,120.37062114096888,2025-10-02 14h30.25.862269 +0530,
50,c,142,2,35,c,1,0.7554597489943262,None,35,2,142,2,,,,,422.9105520000012,,422.90111091600556,422.9105520000012,423.8991012500046,423.8991012500046,423.8991012500046,423.8991012500046,423.9068786660064,424.89908791599737,424.89908791599737,425.6578510410036,c,1,0.7554597489943262,None,,,,,parti1,001,2025-10-02_14h28.37.713,MotorSequenceLearning_NupurShah,,2025.1.1,120.37062114096888,2025-10-02 14h30.25.862269 +0530,
-150,z,143,3,35,z,1,0.3729164579999633,None,35,3,143,3,,,,,425.66836100000364,,425.65852520801127,425.66836100000364,426.6580285000091,426.6580285000091,426.6580285000091,426.6580285000091,426.6660142500041,427.65757012501126,427.65757012501126,428.0334615000029,z,1,0.3729164579999633,None,,,,,parti1,001,2025-10-02_14h28.37.713,MotorSequenceLearning_NupurShah,,2025.1.1,120.37062114096888,2025-10-02 14h30.25.862269 +0530,
-50,x,144,0,36,x,1,0.764697165999678,None,36,0,144,0,,,,,428.0430609160103,,428.03395066600933,428.0430609160103,429.0243445410015,429.0243445410015,429.0243445410015,429.0243445410015,429.0398737080104,430.03168779100815,430.03168779100815,430.80018070799997,x,1,0.764697165999678,None,,,,,parti1,001,2025-10-02_14h28.37.713,MotorSequenceLearning_NupurShah,,2025.1.1,120.37062114096888,2025-10-02 14h30.25.862269 +0530,
150,v,145,1,36,v,1,0.3741012079990469,None,36,1,145,1,,,,,430.81027924999944,,430.8007053750043,430.81027924999944,431.79215400000976,431.79215400000976,431.79215400000976,431.79215400000976,431.80693070800044,432.7992816659971,432.7992816659971,433.18397354100307,v,1,0.3741012079990469,None,,,,,parti1,001,2025-10-02_14h28.37.713,MotorSequenceLearning_NupurShah,,2025.1.1,120.37062114096888,2025-10-02 14h30.25.862269 +0530,
50,c,146,2,36,c,1,0.5431791659939336,None,36,2,146,2,,,,,433.1943895000004,,433.1845457080053,433.1943895000004,434.18230879100156,434.18230879100156,434.18230879100156,434.18230879100156,434.18977512500715,435.1823671250022,435.1823671250022,435.7334439999977,c,1,0.5431791659939336,None,,,,,parti1,001,2025-10-02_14h28.37.713,MotorSequenceLearning_NupurShah,,2025.1.1,120.37062114096888,2025-10-02 14h30.25.862269 +0530,
-150,z,147,3,36,z,1,0.37401454099745024,None,36,3,147,3,,,,,435.74257887501153,,435.7339477909991,435.74257887501153,436.7248134160036,436.7248134160036,436.7248134160036,436.7248134160036,436.7402994160075,437.72444395800994,437.72444395800994,438.1004693330033,z,1,0.37401454099745024,None,,,,,parti1,001,2025-10-02_14h28.37.713,MotorSequenceLearning_NupurShah,,2025.1.1,120.37062114096888,2025-10-02 14h30.25.862269 +0530,
-50,x,148,0,37,x,1,1.3003837910073344,None,37,0,148,0,,,,,438.11061495800095,,438.10103900000104,438.11061495800095,439.09906600000977,439.09906600000977,439.09906600000977,439.09906600000977,439.1067639160028,440.0990721249982,440.0990721249982,441.4075752909994,x,1,1.3003837910073344,None,,,,,parti1,001,2025-10-02_14h28.37.713,MotorSequenceLearning_NupurShah,,2025.1.1,120.37062114096888,2025-10-02 14h30.25.862269 +0530,
150,v,149,1,37,v,1,1.2930678740085568,None,37,1,149,1,,,,,441.4324578329979,,441.4082307080098,441.4324578329979,442.4083430410101,442.4083430410101,442.4083430410101,442.4083430410101,442.42439187499986,443.40717750000476,443.40717750000476,444.7081065000093,v,1,1.2930678740085568,None,,,,,parti1,001,2025-10-02_14h28.37.713,MotorSequenceLearning_NupurShah,,2025.1.1,120.37062114096888,2025-10-02 14h30.25.862269 +0530,
50,c,150,2,37,c,1,0.8944519159995252,None,37,2,150,2,,,,,444.71867650000786,,444.70862995801144,444.71867650000786,445.70784091600217,445.70784091600217,445.70784091600217,445.70784091600217,445.7159515000094,446.70789008300926,446.70789008300926,447.60731216600107,c,1,0.8944519159995252,None,,,,,parti1,001,2025-10-02_14h28.37.713,MotorSequenceLearning_NupurShah,,2025.1.1,120.37062114096888,2025-10-02 14h30.25.862269 +0530,
-150,z,151,3,37,z,1,0.7122245830105385,None,37,3,151,3,,,,,447.61710758300615,,447.60780512500787,447.61710758300615,448.5991590409976,448.5991590409976,448.5991590409976,448.5991590409976,448.6157589159993,449.59910641600436,449.59910641600436,450.3169976659992,z,1,0.7122245830105385,None,,,,,parti1,001,2025-10-02_14h28.37.713,MotorSequenceLearning_NupurShah,,2025.1.1,120.37062114096888,2025-10-02 14h30.25.862269 +0530,
-50,x,152,0,38,x,1,0.7772864579892484,None,38,0,152,0,,,,,450.326766750004,,450.31748525000876,450.326766750004,451.3080708750058,451.3080708750058,451.3080708750058,451.3080708750058,451.32347441599995,452.31609345800825,452.31609345800825,453.1013264580106,x,1,0.7772864579892484,None,,,,,parti1,001,2025-10-02_14h28.37.713,MotorSequenceLearning_NupurShah,,2025.1.1,120.37062114096888,2025-10-02 14h30.25.862269 +0530,
150,v,153,1,38,v,1,1.7792070819996297,None,38,1,153,1,,,,,453.11126941601106,,453.1019044160057,453.11126941601106,454.09886537501006,454.09886537501006,454.09886537501006,454.09886537501006,454.10712045800756,455.0991892910097,455.0991892910097,456.8840037500049,v,1,1.7792070819996297,None,,,,,parti1,001,2025-10-02_14h28.37.713,MotorSequenceLearning_NupurShah,,2025.1.1,120.37062114096888,2025-10-02 14h30.25.862269 +0530,
50,c,154,2,38,c,1,0.3560941659961827,None,38,2,154,2,,,,,456.8936216250004,,456.8845268330042,456.8936216250004,457.88290224999946,457.88290224999946,457.88290224999946,457.88290224999946,457.8905267500086,458.882149750003,458.882149750003,459.2409632080089,c,1,0.3560941659961827,None,,,,,parti1,001,2025-10-02_14h28.37.713,MotorSequenceLearning_NupurShah,,2025.1.1,120.37062114096888,2025-10-02 14h30.25.862269 +0530,
-150,z,155,3,38,z,1,0.3536599990038667,None,38,3,155,3,,,,,459.25087012500444,,459.24144500000693,459.25087012500444,460.24138791600126,460.24138791600126,460.24138791600126,460.24138791600126,460.24932345800335,461.2326296250103,461.2326296250103,461.59103620800306,z,1,0.3536599990038667,None,,,,,parti1,001,2025-10-02_14h28.37.713,MotorSequenceLearning_NupurShah,,2025.1.1,120.37062114096888,2025-10-02 14h30.25.862269 +0530,
-50,x,156,0,39,x,1,0.9336512080044486,None,39,0,156,0,,,,,461.60114795800473,,461.5915153329988,461.60114795800473,462.5916734580096,462.5916734580096,462.5916734580096,462.5916734580096,462.59897883300437,463.59159895800985,463.59159895800985,464.53389462499763,x,1,0.9336512080044486,None,,,,,parti1,001,2025-10-02_14h28.37.713,MotorSequenceLearning_NupurShah,,2025.1.1,120.37062114096888,2025-10-02 14h30.25.862269 +0530,
150,v,157,1,39,v,1,1.0699564989918144,None,39,1,157,1,,,,,464.54335200000787,,464.53438833300606,464.54335200000787,465.52518220800266,465.52518220800266,465.52518220800266,465.52518220800266,465.54064274999837,466.5321980830049,466.5321980830049,467.60756304100505,v,1,1.0699564989918144,None,,,,,parti1,001,2025-10-02_14h28.37.713,MotorSequenceLearning_NupurShah,,2025.1.1,120.37062114096888,2025-10-02 14h30.25.862269 +0530,
50,c,158,2,39,c,1,1.014063915994484,None,39,2,158,2,,,,,467.6170751660102,,467.60795720800525,467.6170751660102,468.6080153330113,468.6080153330113,468.6080153330113,468.6080153330113,468.6080153330113,469.6081400000112,469.6081400000112,470.6248825000075,c,1,1.014063915994484,None,,,,,parti1,001,2025-10-02_14h28.37.713,MotorSequenceLearning_NupurShah,,2025.1.1,120.37062114096888,2025-10-02 14h30.25.862269 +0530,
-150,z,159,3,39,z,1,2.1688797079987125,None,39,3,159,3,,,,,470.63555362500483,,470.62552708300063,470.63555362500483,471.6256182500074,471.6256182500074,471.6256182500074,471.6256182500074,471.6334748750087,472.6243713330041,472.6243713330041,474.8007057500072,z,1,2.1688797079987125,None,,,,,parti1,001,2025-10-02_14h28.37.713,MotorSequenceLearning_NupurShah,,2025.1.1,120.37062114096888,2025-10-02 14h30.25.862269 +0530,
-50,x,160,0,40,x,1,0.8874688740033889,None,40,0,160,0,,,,,474.8105619580019,,474.80120079100016,474.8105619580019,475.7996127080114,475.7996127080114,475.7996127080114,475.7996127080114,475.80729583300126,476.7909875000041,476.7909875000041,477.6844202909997,x,1,0.8874688740033889,None,,,,,parti1,001,2025-10-02_14h28.37.713,MotorSequenceLearning_NupurShah,,2025.1.1,120.37062114096888,2025-10-02 14h30.25.862269 +0530,
150,v,161,1,40,v,1,0.8411898320046021,None,40,1,161,1,,,,,477.69461554101144,,477.68501975000254,477.69461554101144,478.68318041600287,478.68318041600287,478.68318041600287,478.68318041600287,478.6916207500035,479.68295200000284,479.68295200000284,480.5348199160071,v,1,0.8411898320046021,None,,,,,parti1,001,2025-10-02_14h28.37.713,MotorSequenceLearning_NupurShah,,2025.1.1,120.37062114096888,2025-10-02 14h30.25.862269 +0530,
50,c,162,2,40,c,1,0.2954668330057757,None,40,2,162,2,,,,,480.54502395800955,,480.5356075830059,480.54502395800955,481.5330343329988,481.5330343329988,481.5330343329988,481.5330343329988,481.54076475001057,482.5329640830023,482.5329640830023,482.8343087910034,c,1,0.2954668330057757,None,,,,,parti1,001,2025-10-02_14h28.37.713,MotorSequenceLearning_NupurShah,,2025.1.1,120.37062114096888,2025-10-02 14h30.25.862269 +0530,
-150,z,163,3,40,z,1,0.5063849990110612,None,40,3,163,3,,,,,482.84462333300326,,482.8348831250041,482.84462333300326,483.83300212500035,483.83300212500035,483.83300212500035,483.83300212500035,483.84075979099725,484.83297954101,484.83297954101,485.34072837499843,z,1,0.5063849990110612,None,,,,,parti1,001,2025-10-02_14h28.37.713,MotorSequenceLearning_NupurShah,,2025.1.1,120.37062114096888,2025-10-02 14h30.25.862269 +0530,
-50,x,164,0,41,x,1,0.28866004099836573,None,41,0,164,0,,,,,485.3494593750074,,485.3412381250091,485.3494593750074,486.33308454100916,486.33308454100916,486.33308454100916,486.33308454100916,486.34076395801094,487.33256945799803,487.33256945799803,487.6249372080056,x,1,0.28866004099836573,None,,,,,parti1,001,2025-10-02_14h28.37.713,MotorSequenceLearning_NupurShah,,2025.1.1,120.37062114096888,2025-10-02 14h30.25.862269 +0530,
150,v,165,1,41,v,1,0.4991277910012286,None,41,1,165,1,,,,,487.6351139580074,,487.62544370800606,487.6351139580074,488.6256080410094,488.6256080410094,488.6256080410094,488.6256080410094,488.6337566660077,489.6250355410011,489.6250355410011,490.1347486660088,v,1,0.4991277910012286,None,,,,,parti1,001,2025-10-02_14h28.37.713,MotorSequenceLearning_NupurShah,,2025.1.1,120.37062114096888,2025-10-02 14h30.25.862269 +0530,
50,c,166,2,41,c,1,0.6655190000019502,None,41,2,166,2,,,,,490.14505808299873,,490.1353376659972,490.14505808299873,491.1325917080103,491.1325917080103,491.1325917080103,491.1325917080103,491.1402416659985,492.1326366660069,492.1326366660069,492.80045116601104,c,1,0.6655190000019502,None,,,,,parti1,001,2025-10-02_14h28.37.713,MotorSequenceLearning_NupurShah,,2025.1.1,120.37062114096888,2025-10-02 14h30.25.862269 +0530,
-150,z,167,3,41,z,1,0.5450489990034839,None,41,3,167,3,,,,,492.81005391600775,,492.800944875009,492.81005391600775,493.7923139580089,493.7923139580089,493.7923139580089,493.7923139580089,493.80722916600644,494.7920995000022,494.7920995000022,495.34153754101135,z,1,0.5450489990034839,None,,,,,parti1,001,2025-10-02_14h28.37.713,MotorSequenceLearning_NupurShah,,2025.1.1,120.37062114096888,2025-10-02 14h30.25.862269 +0530,
-50,x,168,0,42,x,1,1.0047847909881966,None,42,0,168,0,,,,,495.3516864580015,,495.3420171660109,495.3516864580015,496.3421390410076,496.3421390410076,496.3421390410076,496.3421390410076,496.3502747500024,497.34146741600125,497.34146741600125,498.35130291600944,x,1,1.0047847909881966,None,,,,,parti1,001,2025-10-02_14h28.37.713,MotorSequenceLearning_NupurShah,,2025.1.1,120.37062114096888,2025-10-02 14h30.25.862269 +0530,
150,v,169,1,42,v,1,0.8557160409982316,None,42,1,169,1,,,,,498.361553499999,,498.35188425000524,498.361553499999,499.34999320800125,499.34999320800125,499.34999320800125,499.34999320800125,499.35772174999875,500.3493966660026,500.3493966660026,501.20850733300904,v,1,0.8557160409982316,None,,,,,parti1,001,2025-10-02_14h28.37.713,MotorSequenceLearning_NupurShah,,2025.1.1,120.37062114096888,2025-10-02 14h30.25.862269 +0530,
50,c,170,2,42,c,1,0.44719362500472926,None,42,2,170,2,,,,,501.21881033299724,,501.20901133300504,501.21881033299724,502.2086110000091,502.2086110000091,502.2086110000091,502.2086110000091,502.2166007080086,503.19986029100255,503.19986029100255,503.6512747079978,c,1,0.44719362500472926,None,,,,,parti1,001,2025-10-02_14h28.37.713,MotorSequenceLearning_NupurShah,,2025.1.1,120.37062114096888,2025-10-02 14h30.25.862269 +0530,
-150,z,171,3,42,z,1,0.8350637080002343,None,42,3,171,3,,,,,503.6613745000068,,503.6518217910052,503.6613745000068,504.6500544580049,504.6500544580049,504.6500544580049,504.6500544580049,504.6577715000021,505.6500397500058,505.6500397500058,506.4913693749986,z,1,0.8350637080002343,None,,,,,parti1,001,2025-10-02_14h28.37.713,MotorSequenceLearning_NupurShah,,2025.1.1,120.37062114096888,2025-10-02 14h30.25.862269 +0530,
-50,x,172,0,43,x,1,1.0076181659969734,None,43,0,172,0,,,,,506.5008582910086,,506.4917548329977,506.5008582910086,507.48328408300586,507.48328408300586,507.48328408300586,507.48328408300586,507.4907231660036,508.4834287910053,508.4834287910053,509.49283933300467,x,1,1.0076181659969734,None,,,,,parti1,001,2025-10-02_14h28.37.713,MotorSequenceLearning_NupurShah,,2025.1.1,120.37062114096888,2025-10-02 14h30.25.862269 +0530,
150,v,173,1,43,v,1,1.3996388739906251,None,43,1,173,1,,,,,509.50282762500865,,509.49332833300286,509.50282762500865,510.4921578330104,510.4921578330104,510.4921578330104,510.4921578330104,510.50003016600385,511.492342166006,511.492342166006,512.901208041003,v,1,1.3996388739906251,None,,,,,parti1,001,2025-10-02_14h28.37.713,MotorSequenceLearning_NupurShah,,2025.1.1,120.37062114096888,2025-10-02 14h30.25.862269 +0530,
50,c,174,2,43,c,1,1.228968249008176,None,43,2,174,2,,,,,512.910614458,,512.9016875000088,512.910614458,513.8925859580049,513.8925859580049,513.8925859580049,513.8925859580049,513.9080897500098,514.8921344999981,514.8921344999981,516.1252568330092,c,1,1.228968249008176,None,,,,,parti1,001,2025-10-02_14h28.37.713,MotorSequenceLearning_NupurShah,,2025.1.1,120.37062114096888,2025-10-02 14h30.25.862269 +0530,
-150,z,175,3,43,z,1,0.4833692069951212,None,43,3,175,3,,,,,516.1501487080095,,516.1258415409975,516.1501487080095,517.1256227080012,517.1256227080012,517.1256227080012,517.1256227080012,517.1411390830035,518.1255518750113,518.1255518750113,518.618228708001,z,1,0.4833692069951212,None,,,,,parti1,001,2025-10-02_14h28.37.713,MotorSequenceLearning_NupurShah,,2025.1.1,120.37062114096888,2025-10-02 14h30.25.862269 +0530,
-50,x,176,0,44,x,1,0.9709436660050415,None,44,0,176,0,,,,,518.6277884580049,,518.6187372080021,518.6277884580049,519.6162841659971,519.6162841659971,519.6162841659971,519.6162841659971,519.6236788329988,520.6170529160008,520.6170529160008,521.5920410410035,x,1,0.9709436660050415,None,,,,,parti1,001,2025-10-02_14h28.37.713,MotorSequenceLearning_NupurShah,,2025.1.1,120.37062114096888,2025-10-02 14h30.25.862269 +0530,
150,v,177,1,44,v,1,0.9528453329985496,None,44,1,177,1,,,,,521.6023983330088,,521.5925244579994,521.6023983330088,522.5936697910074,522.5936697910074,522.5936697910074,522.5936697910074,522.6014018749993,523.5921568750055,523.5921568750055,524.5517030409974,v,1,0.9528453329985496,None,,,,,parti1,001,2025-10-02_14h28.37.713,MotorSequenceLearning_NupurShah,,2025.1.1,120.37062114096888,2025-10-02 14h30.25.862269 +0530,
50,c,178,2,44,c,1,0.8335805829992751,None,44,2,178,2,,,,,524.5616040000023,,524.5522202499997,524.5616040000023,525.550274166002,525.550274166002,525.550274166002,525.550274166002,525.5579740000103,526.5503264580038,526.5503264580038,527.3920629159984,c,1,0.8335805829992751,None,,,,,parti1,001,2025-10-02_14h28.37.713,MotorSequenceLearning_NupurShah,,2025.1.1,120.37062114096888,2025-10-02 14h30.25.862269 +0530,
-150,z,179,3,44,z,1,0.364645958004985,None,44,3,179,3,,,,,527.4170073749992,,527.3926395830058,527.4170073749992,528.3928416660056,528.3928416660056,528.3928416660056,528.3928416660056,528.4083655410068,529.3922261660045,529.3922261660045,529.7588860000105,z,1,0.364645958004985,None,,,,,parti1,001,2025-10-02_14h28.37.713,MotorSequenceLearning_NupurShah,,2025.1.1,120.37062114096888,2025-10-02 14h30.25.862269 +0530,
-50,x,180,0,45,x,1,1.196878499002196,None,45,0,180,0,,,,,529.783787332999,,529.7594537080004,529.783787332999,530.7591383750114,530.7591383750114,530.7591383750114,530.7591383750114,530.7738993329986,531.7591239160101,531.7591239160101,532.9584949160053,x,1,1.196878499002196,None,,,,,parti1,001,2025-10-02_14h28.37.713,MotorSequenceLearning_NupurShah,,2025.1.1,120.37062114096888,2025-10-02 14h30.25.862269 +0530,
150,v,181,1,45,v,1,0.6834647079958813,None,45,1,181,1,,,,,532.9677404160029,,532.9588945830037,532.9677404160029,533.9595713750023,533.9595713750023,533.9595713750023,533.9595713750023,533.9595713750023,534.9503269580018,534.9503269580018,535.6352900409984,v,1,0.6834647079958813,None,,,,,parti1,001,2025-10-02_14h28.37.713,MotorSequenceLearning_NupurShah,,2025.1.1,120.37062114096888,2025-10-02 14h30.25.862269 +0530,
50,c,182,2,45,c,1,0.3352007499925094,None,45,2,182,2,,,,,535.6452630830026,,535.6359928750026,535.6452630830026,536.6337433330045,536.6337433330045,536.6337433330045,536.6337433330045,536.6413773329987,537.6336617909983,537.6336617909983,537.9755227499991,c,1,0.3352007499925094,None,,,,,parti1,001,2025-10-02_14h28.37.713,MotorSequenceLearning_NupurShah,,2025.1.1,120.37062114096888,2025-10-02 14h30.25.862269 +0530,
-150,z,183,3,45,z,1,0.35961987399787176,None,45,3,183,3,,,,,537.9856500000024,,537.9760111250071,537.9856500000024,538.9689086660073,538.9689086660073,538.9689086660073,538.9689086660073,538.9759633750073,539.9671209160006,539.9671209160006,540.334857875001,z,1,0.35961987399787176,None,,,,,parti1,001,2025-10-02_14h28.37.713,MotorSequenceLearning_NupurShah,,2025.1.1,120.37062114096888,2025-10-02 14h30.25.862269 +0530,
-50,x,184,0,46,x,1,0.8993917909974698,None,46,0,184,0,,,,,540.3445299160085,,540.3353295410052,540.3445299160085,541.3260660000087,541.3260660000087,541.3260660000087,541.3260660000087,541.3416610830027,542.3254160830111,542.3254160830111,543.23557325,x,1,0.8993917909974698,None,,,,,parti1,001,2025-10-02_14h28.37.713,MotorSequenceLearning_NupurShah,,2025.1.1,120.37062114096888,2025-10-02 14h30.25.862269 +0530,
150,v,185,1,46,v,1,0.5430578740051715,None,46,1,185,1,,,,,543.2456055000075,,543.2361559580022,543.2456055000075,544.2332991660078,544.2332991660078,544.2332991660078,544.2332991660078,544.2414152499987,545.2337767499994,545.2337767499994,545.7851259160088,v,1,0.5430578740051715,None,,,,,parti1,001,2025-10-02_14h28.37.713,MotorSequenceLearning_NupurShah,,2025.1.1,120.37062114096888,2025-10-02 14h30.25.862269 +0530,
50,c,186,2,46,c,1,0.7696665410039714,None,46,2,186,2,,,,,545.7941070000088,,545.7855684160022,545.7941070000088,546.783879583003,546.783879583003,546.783879583003,546.783879583003,546.7916372910113,547.7840659159992,547.7840659159992,548.5591352909978,c,1,0.7696665410039714,None,,,,,parti1,001,2025-10-02_14h28.37.713,MotorSequenceLearning_NupurShah,,2025.1.1,120.37062114096888,2025-10-02 14h30.25.862269 +0530,
-150,z,187,3,46,z,1,1.1703372489864705,None,46,3,187,3,,,,,548.5693267910101,,548.5596342080098,548.5693267910101,549.5603672080033,549.5603672080033,549.5603672080033,549.5603672080033,549.5680334159988,550.5594123330084,550.5594123330084,551.7350097500021,z,1,1.1703372489864705,None,,,,,parti1,001,2025-10-02_14h28.37.713,MotorSequenceLearning_NupurShah,,2025.1.1,120.37062114096888,2025-10-02 14h30.25.862269 +0530,
-50,x,188,0,47,x,1,0.9577489570074249,None,47,0,188,0,,,,,551.7448185829999,,551.7355080410052,551.7448185829999,552.7263223750051,552.7263223750051,552.7263223750051,552.7263223750051,552.7422115410009,553.7339042079984,553.7339042079984,554.7017100000085,x,1,0.9577489570074249,None,,,,,parti1,001,2025-10-02_14h28.37.713,MotorSequenceLearning_NupurShah,,2025.1.1,120.37062114096888,2025-10-02 14h30.25.862269 +0530,
150,v,189,1,47,v,1,0.3361610409920104,None,47,1,189,1,,,,,554.7115243330045,,554.7021812910098,554.7115243330045,555.6933522080071,555.6933522080071,555.6933522080071,555.6933522080071,555.7089591660042,556.7005918750074,556.7005918750074,557.042472000001,v,1,0.3361610409920104,None,,,,,parti1,001,2025-10-02_14h28.37.713,MotorSequenceLearning_NupurShah,,2025.1.1,120.37062114096888,2025-10-02 14h30.25.862269 +0530,
50,c,190,2,47,c,1,0.37100275000557303,None,47,2,190,2,,,,,557.0675056250038,,557.0430669159978,557.0675056250038,558.0439060830104,558.0439060830104,558.0439060830104,558.0439060830104,558.0582010409998,559.0417313750077,559.0417313750077,559.4184154579998,c,1,0.37100275000557303,None,,,,,parti1,001,2025-10-02_14h28.37.713,MotorSequenceLearning_NupurShah,,2025.1.1,120.37062114096888,2025-10-02 14h30.25.862269 +0530,
-150,z,191,3,47,z,1,0.7908891239931108,None,47,3,191,3,,,,,559.4281152080075,,559.418885541003,559.4281152080075,560.4097487500112,560.4097487500112,560.4097487500112,560.4097487500112,560.4251519579993,561.4087915410055,561.4087915410055,562.2017627500027,z,1,0.7908891239931108,None,,,,,parti1,001,2025-10-02_14h28.37.713,MotorSequenceLearning_NupurShah,,2025.1.1,120.37062114096888,2025-10-02 14h30.25.862269 +0530,
-50,x,192,0,48,x,1,0.3338148740003817,None,48,0,192,0,,,,,562.2109640830022,,562.2022309160093,562.2109640830022,563.1931312079978,563.1931312079978,563.1931312079978,563.1931312079978,563.2087465829973,564.1928843750065,564.1928843750065,564.5359237079974,x,1,0.3338148740003817,None,,,,,parti1,001,2025-10-02_14h28.37.713,MotorSequenceLearning_NupurShah,,2025.1.1,120.37062114096888,2025-10-02 14h30.25.862269 +0530,
150,v,193,1,48,v,1,0.29838375000690576,None,48,1,193,1,,,,,564.5460410000087,,564.5366438330093,564.5460410000087,565.5336190829985,565.5336190829985,565.5336190829985,565.5336190829985,565.541309082997,566.5343536660075,566.5343536660075,566.8354194160056,v,1,0.29838375000690576,None,,,,,parti1,001,2025-10-02_14h28.37.713,MotorSequenceLearning_NupurShah,,2025.1.1,120.37062114096888,2025-10-02 14h30.25.862269 +0530,
50,c,194,2,48,c,1,0.3383197490038583,None,48,2,194,2,,,,,566.8451104580017,,566.8359017910116,566.8451104580017,567.8336336250068,567.8336336250068,567.8336336250068,567.8336336250068,567.8412332080043,568.8343167910061,568.8343167910061,569.1755191249977,c,1,0.3383197490038583,None,,,,,parti1,001,2025-10-02_14h28.37.713,MotorSequenceLearning_NupurShah,,2025.1.1,120.37062114096888,2025-10-02 14h30.25.862269 +0530,
-150,z,195,3,48,z,1,0.3582713740033796,None,48,3,195,3,,,,,569.1855386250099,,569.1759500830085,569.1855386250099,570.1677212080103,570.1677212080103,570.1677212080103,570.1677212080103,570.1836418330058,571.1761953750101,571.1761953750101,571.5429461660096,z,1,0.3582713740033796,None,,,,,parti1,001,2025-10-02_14h28.37.713,MotorSequenceLearning_NupurShah,,2025.1.1,120.37062114096888,2025-10-02 14h30.25.862269 +0530,
-50,x,196,0,49,x,1,0.2980912909988547,None,49,0,196,0,,,,,571.5530690410087,,571.5434269160032,571.5530690410087,572.5431213330012,572.5431213330012,572.5431213330012,572.5431213330012,572.5509318330005,573.5425110000069,573.5425110000069,573.8424741250055,x,1,0.2980912909988547,None,,,,,parti1,001,2025-10-02_14h28.37.713,MotorSequenceLearning_NupurShah,,2025.1.1,120.37062114096888,2025-10-02 14h30.25.862269 +0530,
150,v,197,1,49,v,1,0.4129802910028957,None,49,1,197,1,,,,,573.8508709160087,,573.8429328330094,573.8508709160087,574.8430087910092,574.8430087910092,574.8430087910092,574.8430087910092,574.8430087910092,575.8336705410038,575.8336705410038,576.2524395830114,v,1,0.4129802910028957,None,,,,,parti1,001,2025-10-02_14h28.37.713,MotorSequenceLearning_NupurShah,,2025.1.1,120.37062114096888,2025-10-02 14h30.25.862269 +0530,
50,c,198,2,49,c,1,0.38504408299922943,None,49,2,198,2,,,,,576.2625496250112,,576.2530309160065,576.2625496250112,577.2503922910109,577.2503922910109,577.2503922910109,577.2503922910109,577.2580684580025,578.2504048330011,578.2504048330011,578.6426471660088,c,1,0.38504408299922943,None,,,,,parti1,001,2025-10-02_14h28.37.713,MotorSequenceLearning_NupurShah,,2025.1.1,120.37062114096888,2025-10-02 14h30.25.862269 +0530,
-150,z,199,3,49,z,1,0.749059166002553,None,49,3,199,3,,,,,578.6523453749978,,578.6431229580048,578.6523453749978,579.6431650000013,579.6431650000013,579.6431650000013,579.6431650000013,579.6510190830013,580.6424616660079,580.6424616660079,581.4026548749971,z,1,0.749059166002553,None,,,,,parti1,001,2025-10-02_14h28.37.713,MotorSequenceLearning_NupurShah,,2025.1.1,120.37062114096888,2025-10-02 14h30.25.862269 +0530,
-150,z,0,0,0,z,1,5.044265748991165,None,,,,,0,0,0,3,581.4290145830018,,581.4203630410047,581.4290145830018,582.4004811250052,582.4004811250052,582.4004811250052,582.4004811250052,582.4247172080068,583.4010357080115,583.4010357080115,588.4521465830039,,,,,z,1,5.044265748991165,None,parti1,001,2025-10-02_14h28.37.713,MotorSequenceLearning_NupurShah,,2025.1.1,120.37062114096888,2025-10-02 14h30.25.862269 +0530,
-150,z,1,1,1,z,1,1.0057919999962905,None,,,,,1,1,1,3,588.4618578329973,,588.4525904160109,588.4618578329973,589.4512907910103,589.4512907910103,589.4512907910103,589.4512907910103,589.4589837500098,590.4426257500018,590.4426257500018,591.4524525830057,,,,,z,1,1.0057919999962905,None,parti1,001,2025-10-02_14h28.37.713,MotorSequenceLearning_NupurShah,,2025.1.1,120.37062114096888,2025-10-02 14h30.25.862269 +0530,
-50,x,2,2,0,x,1,2.0039691659912933,None,,,,,0,2,2,0,591.4621146660065,,591.4529509999993,591.4621146660065,592.4506555410044,592.4506555410044,592.4506555410044,592.4506555410044,592.4584131660085,593.4513835410035,593.4513835410035,595.4597409999988,,,,,x,1,2.0039691659912933,None,parti1,001,2025-10-02_14h28.37.713,MotorSequenceLearning_NupurShah,,2025.1.1,120.37062114096888,2025-10-02 14h30.25.862269 +0530,
-150,z,3,3,2,z,1,0.9881575409963261,None,,,,,2,3,3,3,595.4845195829985,,595.4603474160103,595.4845195829985,596.4598551250092,596.4598551250092,596.4598551250092,596.4598551250092,596.4758833750093,597.4511290829978,597.4511290829978,598.4427300829993,,,,,z,1,0.9881575409963261,None,parti1,001,2025-10-02_14h28.37.713,MotorSequenceLearning_NupurShah,,2025.1.1,120.37062114096888,2025-10-02 14h30.25.862269 +0530,
-150,z,4,4,3,z,1,0.5834807079954771,None,,,,,3,4,4,3,598.4531346660078,,598.4432500830007,598.4531346660078,599.4438392080046,599.4438392080046,599.4438392080046,599.4438392080046,599.4517924579995,600.4346312910056,600.4346312910056,601.0266093750106,,,,,z,1,0.5834807079954771,None,parti1,001,2025-10-02_14h28.37.713,MotorSequenceLearning_NupurShah,,2025.1.1,120.37062114096888,2025-10-02 14h30.25.862269 +0530,
-150,z,5,5,4,z,1,0.568142040996463,None,,,,,4,5,5,3,601.0512694159988,,601.0271042079985,601.0512694159988,602.027091875003,602.027091875003,602.027091875003,602.027091875003,602.0429073330015,603.0260505410115,603.0260505410115,603.6025088330061,,,,,z,1,0.568142040996463,None,parti1,001,2025-10-02_14h28.37.713,MotorSequenceLearning_NupurShah,,2025.1.1,120.37062114096888,2025-10-02 14h30.25.862269 +0530,
-150,z,6,6,5,z,1,0.41736470800242387,None,,,,,5,6,6,3,603.6122742500011,,603.602995082998,603.6122742500011,604.6008145410015,604.6008145410015,604.6008145410015,604.6008145410015,604.6081632080022,605.6007886660082,605.6007886660082,606.0196694160113,,,,,z,1,0.41736470800242387,None,parti1,001,2025-10-02_14h28.37.713,MotorSequenceLearning_NupurShah,,2025.1.1,120.37062114096888,2025-10-02 14h30.25.862269 +0530,
-150,z,7,7,6,z,1,0.49915549899742473,None,,,,,6,7,7,3,606.030077583011,,606.0203572500031,606.030077583011,607.01825504101,607.01825504101,607.01825504101,607.01825504101,607.0256802080112,608.0179800830083,608.0179800830083,608.5193665000115,,,,,z,1,0.49915549899742473,None,parti1,001,2025-10-02_14h28.37.713,MotorSequenceLearning_NupurShah,,2025.1.1,120.37062114096888,2025-10-02 14h30.25.862269 +0530,
150,v,8,8,0,v,1,3.1152024990005884,None,,,,,0,8,8,1,608.5293546250032,,608.5198656249995,608.5293546250032,609.5175720410043,609.5175720410043,609.5175720410043,609.5175720410043,609.525320041008,610.5180444580037,610.5180444580037,613.6360439160053,,,,,v,1,3.1152024990005884,None,parti1,001,2025-10-02_14h28.37.713,MotorSequenceLearning_NupurShah,,2025.1.1,120.37062114096888,2025-10-02 14h30.25.862269 +0530,
-50,x,9,9,1,x,1,2.234068207006203,None,,,,,1,9,9,0,613.6456229580072,,613.6365355000016,613.6456229580072,614.634897625001,614.634897625001,614.634897625001,614.634897625001,614.6425532910071,615.6342512499978,615.6342512499978,617.8767778330075,,,,,x,1,2.234068207006203,None,parti1,001,2025-10-02_14h28.37.713,MotorSequenceLearning_NupurShah,,2025.1.1,120.37062114096888,2025-10-02 14h30.25.862269 +0530,
-150,z,10,10,7,z,1,0.9146134159964276,None,,,,,7,10,10,3,617.9017144160025,,617.877288750009,617.9017144160025,618.8771387080051,618.8771387080051,618.8771387080051,618.8771387080051,618.8925115410093,619.8757815830031,619.8757815830031,620.7933722080052,,,,,z,1,0.9146134159964276,None,parti1,001,2025-10-02_14h28.37.713,MotorSequenceLearning_NupurShah,,2025.1.1,120.37062114096888,2025-10-02 14h30.25.862269 +0530,
50,c,11,11,0,c,1,2.4153212910023285,None,,,,,0,11,11,2,620.803656707998,,620.7938570000115,620.803656707998,621.7938684999972,621.7938684999972,621.7938684999972,621.7938684999972,621.8016241250007,622.7937148330093,622.7937148330093,625.2198395830055,,,,,c,1,2.4153212910023285,None,parti1,001,2025-10-02_14h28.37.713,MotorSequenceLearning_NupurShah,,2025.1.1,120.37062114096888,2025-10-02 14h30.25.862269 +0530,
50,c,12,12,1,c,1,1.5221790000068722,None,,,,,1,12,12,2,625.2298441660096,,625.22055254101,625.2298441660096,626.2183283330087,626.2183283330087,626.2183283330087,626.2183283330087,626.2259939580108,627.2182198329974,627.2182198329974,628.7435282500082,,,,,c,1,1.5221790000068722,None,parti1,001,2025-10-02_14h28.37.713,MotorSequenceLearning_NupurShah,,2025.1.1,120.37062114096888,2025-10-02 14h30.25.862269 +0530,
-50,x,13,13,2,x,1,1.0232896250090562,None,,,,,2,13,13,0,628.7682818750036,,628.7441389580054,628.7682818750036,629.7432897500112,629.7432897500112,629.7432897500112,629.7432897500112,629.7586237080104,630.7349393750046,630.7349393750046,631.760427583009,,,,,x,1,1.0232896250090562,None,parti1,001,2025-10-02_14h28.37.713,MotorSequenceLearning_NupurShah,,2025.1.1,120.37062114096888,2025-10-02 14h30.25.862269 +0530,
-50,x,14,14,3,x,1,0.6776075410016347,None,,,,,3,14,14,0,631.7852366250008,,631.7609274999995,631.7852366250008,632.7607940410089,632.7607940410089,632.7607940410089,632.7607940410089,632.7763104160113,633.7605859580071,633.7605859580071,634.444706291004,,,,,x,1,0.6776075410016347,None,parti1,001,2025-10-02_14h28.37.713,MotorSequenceLearning_NupurShah,,2025.1.1,120.37062114096888,2025-10-02 14h30.25.862269 +0530,
-50,x,15,15,4,x,1,0.7300699570041616,None,,,,,4,15,15,0,634.455386665999,,634.4453236249974,634.455386665999,635.4435272499977,635.4435272499977,635.4435272499977,635.4435272499977,635.4518138749991,636.4431607080041,636.4431607080041,637.1770191250107,,,,,x,1,0.7300699570041616,None,parti1,001,2025-10-02_14h28.37.713,MotorSequenceLearning_NupurShah,,2025.1.1,120.37062114096888,2025-10-02 14h30.25.862269 +0530,
50,c,16,16,2,c,1,1.788092624003184,None,,,,,2,16,16,2,637.1870427910035,,637.1775679160055,637.1870427910035,638.177279208001,638.177279208001,638.177279208001,638.177279208001,638.1853125000052,639.1771496250003,639.1771496250003,640.9697659579979,,,,,c,1,1.788092624003184,None,parti1,001,2025-10-02_14h28.37.713,MotorSequenceLearning_NupurShah,,2025.1.1,120.37062114096888,2025-10-02 14h30.25.862269 +0530,
50,c,17,17,3,c,1,0.4487651239905972,None,,,,,3,17,17,2,640.9797778750071,,640.970345958005,640.9797778750071,641.9685913330031,641.9685913330031,641.9685913330031,641.9685913330031,641.9759529580042,642.9684560410096,642.9684560410096,643.4191580410115,,,,,c,1,0.4487651239905972,None,parti1,001,2025-10-02_14h28.37.713,MotorSequenceLearning_NupurShah,,2025.1.1,120.37062114096888,2025-10-02 14h30.25.862269 +0530,
50,c,18,18,4,c,1,0.4980939990055049,None,,,,,4,18,18,2,643.4261855000077,,643.4196527500026,643.4261855000077,644.4113714999985,644.4113714999985,644.4113714999985,644.4113714999985,644.4194134999998,645.4100985410041,645.4100985410041,645.9104531659978,,,,,c,1,0.4980939990055049,None,parti1,001,2025-10-02_14h28.37.713,MotorSequenceLearning_NupurShah,,2025.1.1,120.37062114096888,2025-10-02 14h30.25.862269 +0530,
150,v,19,19,1,v,1,2.6343485819961643,None,,,,,1,19,19,1,645.9353694580059,,645.9110445830011,645.9353694580059,646.9108862499997,646.9108862499997,646.9108862499997,646.9108862499997,646.9261196660082,647.9096156250016,647.9096156250016,650.5526035829971,,,,,v,1,2.6343485819961643,None,parti1,001,2025-10-02_14h28.37.713,MotorSequenceLearning_NupurShah,,2025.1.1,120.37062114096888,2025-10-02 14h30.25.862269 +0530,
50,c,20,20,5,c,1,4.262500875003752,None,,,,,5,20,20,2,650.562025791005,,650.553121541001,650.562025791005,651.5441327910085,651.5441327910085,651.5441327910085,651.5441327910085,651.5596020000085,652.5441321660037,652.5441321660037,656.8100749580044,,,,,c,1,4.262500875003752,None,parti1,001,2025-10-02_14h28.37.713,MotorSequenceLearning_NupurShah,,2025.1.1,120.37062114096888,2025-10-02 14h30.25.862269 +0530,
150,v,21,21,2,v,1,2.1567213329981314,None,,,,,2,21,21,1,656.8209257080016,,656.8106158750015,656.8209257080016,657.8015412079985,657.8015412079985,657.8015412079985,657.8015412079985,657.8181811250106,658.8108937080106,658.8108937080106,660.9700758750114,,,,,v,1,2.1567213329981314,None,parti1,001,2025-10-02_14h28.37.713,MotorSequenceLearning_NupurShah,,2025.1.1,120.37062114096888,2025-10-02 14h30.25.862269 +0530,
-50,x,22,22,5,x,1,1.1534212489932543,None,,,,,5,22,22,0,660.9800428330054,,660.9705730830028,660.9800428330054,661.9681985409989,661.9681985409989,661.9681985409989,661.9681985409989,661.9758823330048,662.968194208006,662.968194208006,664.1271500000003,,,,,x,1,1.1534212489932543,None,parti1,001,2025-10-02_14h28.37.713,MotorSequenceLearning_NupurShah,,2025.1.1,120.37062114096888,2025-10-02 14h30.25.862269 +0530,
-50,x,23,23,6,x,1,0.5538017910002964,None,,,,,6,23,23,0,664.1373604160035,,664.1276513750054,664.1373604160035,665.127817790999,665.127817790999,665.127817790999,665.127817790999,665.1359620830044,666.1188275830064,666.1188275830064,666.6769375000003,,,,,x,1,0.5538017910002964,None,parti1,001,2025-10-02_14h28.37.713,MotorSequenceLearning_NupurShah,,2025.1.1,120.37062114096888,2025-10-02 14h30.25.862269 +0530,
150,v,24,24,3,v,1,2.2026186659932137,None,,,,,3,24,24,1,666.6874347910052,,666.6774470410019,666.6874347910052,667.676823916001,667.676823916001,667.676823916001,667.676823916001,667.6854258329986,668.6776314580056,668.6776314580056,670.8868959160027,,,,,v,1,2.2026186659932137,None,parti1,001,2025-10-02_14h28.37.713,MotorSequenceLearning_NupurShah,,2025.1.1,120.37062114096888,2025-10-02 14h30.25.862269 +0530,
50,c,25,25,6,c,1,0.8057935410033679,None,,,,,6,25,25,2,670.896650374998,,670.8874025000114,670.896650374998,671.8855967910058,671.8855967910058,671.8855967910058,671.8855967910058,671.8932202910073,672.8855001659977,672.8855001659977,673.6942536660063,,,,,c,1,0.8057935410033679,None,parti1,001,2025-10-02_14h28.37.713,MotorSequenceLearning_NupurShah,,2025.1.1,120.37062114096888,2025-10-02 14h30.25.862269 +0530,
-50,x,26,26,7,x,1,1.3537536240037298,None,,,,,7,26,26,0,673.7189528330055,,673.6948428750038,673.7189528330055,674.6938849160069,674.6938849160069,674.6938849160069,674.6938849160069,674.7098660409974,675.6933365410077,675.6933365410077,677.0538533750077,,,,,x,1,1.3537536240037298,None,parti1,001,2025-10-02_14h28.37.713,MotorSequenceLearning_NupurShah,,2025.1.1,120.37062114096888,2025-10-02 14h30.25.862269 +0530,
50,c,27,27,7,c,1,1.1099383330001729,None,,,,,7,27,27,2,677.064030708003,,677.0544467910076,677.064030708003,678.0517878750106,678.0517878750106,678.0517878750106,678.0517878750106,678.0595516660105,679.0522642910073,679.0522642910073,680.1700798750098,,,,,c,1,1.1099383330001729,None,parti1,001,2025-10-02_14h28.37.713,MotorSequenceLearning_NupurShah,,2025.1.1,120.37062114096888,2025-10-02 14h30.25.862269 +0530,
-50,x,28,28,8,x,1,0.8829307499981951,None,,,,,8,28,28,0,680.1795525000052,,680.1706085410115,680.1795525000052,681.1685486250062,681.1685486250062,681.1685486250062,681.1685486250062,681.1761660000047,682.1610750830005,682.1610750830005,683.0534854160069,,,,,x,1,0.8829307499981951,None,parti1,001,2025-10-02_14h28.37.713,MotorSequenceLearning_NupurShah,,2025.1.1,120.37062114096888,2025-10-02 14h30.25.862269 +0530,
-50,x,29,29,9,x,1,0.7635785000020405,None,,,,,9,29,29,0,683.0630088330072,,683.0539809580077,683.0630088330072,684.0463299999974,684.0463299999974,684.0463299999974,684.0463299999974,684.0539450409997,685.0434862080001,685.0434862080001,685.8104772500083,,,,,x,1,0.7635785000020405,None,parti1,001,2025-10-02_14h28.37.713,MotorSequenceLearning_NupurShah,,2025.1.1,120.37062114096888,2025-10-02 14h30.25.862269 +0530,
-150,z,30,30,8,z,1,1.0738484160101507,None,,,,,8,30,30,3,685.8209493330069,,685.8110521250055,685.8209493330069,686.8024485409987,686.8024485409987,686.8024485409987,686.8024485409987,686.8193624999985,687.8101062500064,687.8101062500064,688.8874097500084,,,,,z,1,1.0738484160101507,None,parti1,001,2025-10-02_14h28.37.713,MotorSequenceLearning_NupurShah,,2025.1.1,120.37062114096888,2025-10-02 14h30.25.862269 +0530,
-150,z,31,31,9,z,1,0.6202087080018828,None,,,,,9,31,31,3,688.8979855830112,,688.8880208750052,688.8979855830112,689.8856557500112,689.8856557500112,689.8856557500112,689.8856557500112,689.892529625009,690.885841166004,690.885841166004,691.51058487501,,,,,z,1,0.6202087080018828,None,parti1,001,2025-10-02_14h28.37.713,MotorSequenceLearning_NupurShah,,2025.1.1,120.37062114096888,2025-10-02 14h30.25.862269 +0530,
50,c,32,32,8,c,1,1.1794354580051731,None,,,,,8,32,32,2,691.5207932500052,,691.5111366250057,691.5207932500052,692.5113197500032,692.5113197500032,692.5113197500032,692.5113197500032,692.5192040000111,693.5106171660009,693.5106171660009,694.6943184580014,,,,,c,1,1.1794354580051731,None,parti1,001,2025-10-02_14h28.37.713,MotorSequenceLearning_NupurShah,,2025.1.1,120.37062114096888,2025-10-02 14h30.25.862269 +0530,
-150,z,33,33,10,z,1,1.594411582002067,None,,,,,10,33,33,3,694.7194138330087,,694.6949127910048,694.7194138330087,695.6947908330039,695.6947908330039,695.6947908330039,695.6947908330039,695.7108769580082,696.6945950000081,696.6945950000081,698.2942999160005,,,,,z,1,1.594411582002067,None,parti1,001,2025-10-02_14h28.37.713,MotorSequenceLearning_NupurShah,,2025.1.1,120.37062114096888,2025-10-02 14h30.25.862269 +0530,
150,v,34,34,4,v,1,1.1315846240031533,None,,,,,4,34,34,1,698.3041134160012,,698.2947537910077,698.3041134160012,699.2958855410106,699.2958855410106,699.2958855410106,699.2958855410106,699.3035758750048,700.2853779160068,700.2853779160068,701.4205980830011,,,,,v,1,1.1315846240031533,None,parti1,001,2025-10-02_14h28.37.713,MotorSequenceLearning_NupurShah,,2025.1.1,120.37062114096888,2025-10-02 14h30.25.862269 +0530,
50,c,35,35,9,c,1,1.0701407910091802,None,,,,,9,35,35,2,701.4308841250022,,701.4211740830069,701.4308841250022,702.4187541660067,702.4187541660067,702.4187541660067,702.4187541660067,702.4264623750059,703.4187110409985,703.4187110409985,704.4951074160053,,,,,c,1,1.0701407910091802,None,parti1,001,2025-10-02_14h28.37.713,MotorSequenceLearning_NupurShah,,2025.1.1,120.37062114096888,2025-10-02 14h30.25.862269 +0530,
50,c,36,36,10,c,1,0.880229374000919,None,,,,,10,36,36,2,704.5053550410084,,704.4956412080064,704.5053550410084,705.4950892080087,705.4950892080087,705.4950892080087,705.4950892080087,705.5031204580009,706.494677833005,706.494677833005,707.3777345830022,,,,,c,1,0.880229374000919,None,parti1,001,2025-10-02_14h28.37.713,MotorSequenceLearning_NupurShah,,2025.1.1,120.37062114096888,2025-10-02 14h30.25.862269 +0530,
-150,z,37,37,11,z,1,1.2945366659987485,None,,,,,11,37,37,3,707.3881635830039,,707.3782743330084,707.3881635830039,708.3784202079987,708.3784202079987,708.3784202079987,708.3784202079987,708.3861134580075,709.3693307080102,709.3693307080102,710.6705450000009,,,,,z,1,1.2945366659987485,None,parti1,001,2025-10-02_14h28.37.713,MotorSequenceLearning_NupurShah,,2025.1.1,120.37062114096888,2025-10-02 14h30.25.862269 +0530,
150,v,38,38,5,v,1,1.6674223740119487,None,,,,,5,38,38,1,710.6795787080046,,710.6709587500081,710.6795787080046,711.669579666006,711.669579666006,711.669579666006,711.669579666006,711.6773339580104,712.6694657500047,712.6694657500047,714.344417500004,,,,,v,1,1.6674223740119487,None,parti1,001,2025-10-02_14h28.37.713,MotorSequenceLearning_NupurShah,,2025.1.1,120.37062114096888,2025-10-02 14h30.25.862269 +0530,
-50,x,39,39,10,x,1,0.9163337079953635,None,,,,,10,39,39,0,714.3548244580015,,714.3449243330106,714.3548244580015,715.3362592080084,715.3362592080084,715.3362592080084,715.3362592080084,715.3527689580078,716.3355854580004,716.3355854580004,717.2541373330023,,,,,x,1,0.9163337079953635,None,parti1,001,2025-10-02_14h28.37.713,MotorSequenceLearning_NupurShah,,2025.1.1,120.37062114096888,2025-10-02 14h30.25.862269 +0530,
50,c,40,40,11,c,1,0.8234539160039276,None,,,,,11,40,40,2,717.2607022500015,,717.2546307500015,717.2607022500015,718.2523190830107,718.2523190830107,718.2523190830107,718.2523190830107,718.2523190830107,719.2522810000082,719.2522810000082,720.0773126249987,,,,,c,1,0.8234539160039276,None,parti1,001,2025-10-02_14h28.37.713,MotorSequenceLearning_NupurShah,,2025.1.1,120.37062114096888,2025-10-02 14h30.25.862269 +0530,
150,v,41,41,6,v,1,2.2929397910047555,None,,,,,6,41,41,1,720.0872672499972,,720.077795707999,720.0872672499972,721.0690682910063,721.0690682910063,721.0690682910063,721.0690682910063,721.0863366660051,722.077508708011,722.077508708011,724.3787159159983,,,,,v,1,2.2929397910047555,None,parti1,001,2025-10-02_14h28.37.713,MotorSequenceLearning_NupurShah,,2025.1.1,120.37062114096888,2025-10-02 14h30.25.862269 +0530,
50,c,42,42,12,c,1,1.0501027080026688,None,,,,,12,42,42,2,724.4030436660105,,724.3792143750034,724.4030436660105,725.3784148330014,725.3784148330014,725.3784148330014,725.3784148330014,725.3917715410062,726.3703510409978,726.3703510409978,727.4284706250037,,,,,c,1,1.0501027080026688,None,parti1,001,2025-10-02_14h28.37.713,MotorSequenceLearning_NupurShah,,2025.1.1,120.37062114096888,2025-10-02 14h30.25.862269 +0530,
150,v,43,43,7,v,1,1.1925409990071785,None,,,,,7,43,43,1,727.4533044999989,,727.4289728330041,727.4533044999989,728.4281990410091,728.4281990410091,728.4281990410091,728.4281990410091,728.4441388749983,729.4278291250084,729.4278291250084,730.6282845829992,,,,,v,1,1.1925409990071785,None,parti1,001,2025-10-02_14h28.37.713,MotorSequenceLearning_NupurShah,,2025.1.1,120.37062114096888,2025-10-02 14h30.25.862269 +0530,
-150,z,44,44,12,z,1,1.3788927080022404,None,,,,,12,44,44,3,730.6384406249999,,730.6287867909996,730.6384406249999,731.6288176660019,731.6288176660019,731.6288176660019,731.6288176660019,731.6371628330089,732.6197658750025,732.6197658750025,734.0040600409993,,,,,z,1,1.3788927080022404,None,parti1,001,2025-10-02_14h28.37.713,MotorSequenceLearning_NupurShah,,2025.1.1,120.37062114096888,2025-10-02 14h30.25.862269 +0530,
-150,z,45,45,13,z,1,1.114114707990666,None,,,,,13,45,45,3,734.0136188330071,,734.004570457997,734.0136188330071,734.9956129159982,734.9956129159982,734.9956129159982,734.9956129159982,735.0108112080052,735.9953291249985,735.9953291249985,737.1113790829986,,,,,z,1,1.114114707990666,None,parti1,001,2025-10-02_14h28.37.713,MotorSequenceLearning_NupurShah,,2025.1.1,120.37062114096888,2025-10-02 14h30.25.862269 +0530,
-150,z,46,46,14,z,1,0.4156407070113346,None,,,,,14,46,46,3,737.1191228750104,,737.1118826660095,737.1191228750104,738.1115299579978,738.1115299579978,738.1115299579978,738.1115299579978,738.1115299579978,739.1118482080055,739.1118482080055,739.5378110410093,,,,,z,1,0.4156407070113346,None,parti1,001,2025-10-02_14h28.37.713,MotorSequenceLearning_NupurShah,,2025.1.1,120.37062114096888,2025-10-02 14h30.25.862269 +0530,
150,v,47,47,8,v,1,1.0172869580128463,None,,,,,8,47,47,1,739.5470538750087,,739.5383158330078,739.5470538750087,740.5366031660087,740.5366031660087,740.5366031660087,740.5366031660087,740.5442367080104,741.536034165998,741.536034165998,742.5613387080084,,,,,v,1,1.0172869580128463,None,parti1,001,2025-10-02_14h28.37.713,MotorSequenceLearning_NupurShah,,2025.1.1,120.37062114096888,2025-10-02 14h30.25.862269 +0530,
150,v,48,48,9,v,1,0.6032629580004141,None,,,,,9,48,48,1,742.5716687500098,,742.5618353750033,742.5716687500098,743.5612607080111,743.5612607080111,743.5612607080111,743.5612607080111,743.569774750009,744.553121666002,744.553121666002,745.1616111250041,,,,,v,1,0.6032629580004141,None,parti1,001,2025-10-02_14h28.37.713,MotorSequenceLearning_NupurShah,,2025.1.1,120.37062114096888,2025-10-02 14h30.25.862269 +0530,
-150,z,49,49,15,z,1,1.2281099999963772,None,,,,,15,49,49,3,745.1864686250046,,745.1622115409991,745.1864686250046,746.1625482500094,746.1625482500094,746.1625482500094,746.1625482500094,746.1782297500031,747.1622769160022,747.1622769160022,748.3951771249995,,,,,z,1,1.2281099999963772,None,parti1,001,2025-10-02_14h28.37.713,MotorSequenceLearning_NupurShah,,2025.1.1,120.37062114096888,2025-10-02 14h30.25.862269 +0530,
50,c,50,50,13,c,1,1.999047540986794,None,,,,,13,50,50,2,748.4032330000045,,748.3957398750063,748.4032330000045,749.3963297910086,749.3963297910086,749.3963297910086,749.3963297910086,749.3963297910086,750.3953786250058,750.3953786250058,752.404647333009,,,,,c,1,1.999047540986794,None,parti1,001,2025-10-02_14h28.37.713,MotorSequenceLearning_NupurShah,,2025.1.1,120.37062114096888,2025-10-02 14h30.25.862269 +0530,
150,v,51,51,10,v,1,0.7271561240049778,None,,,,,10,51,51,1,752.4140722910088,,752.4051908749971,752.4140722910088,753.4027799160103,753.4027799160103,753.4027799160103,753.4027799160103,753.4108988329972,754.4032431660016,754.4032431660016,755.137948500007,,,,,v,1,0.7271561240049778,None,parti1,001,2025-10-02_14h28.37.713,MotorSequenceLearning_NupurShah,,2025.1.1,120.37062114096888,2025-10-02 14h30.25.862269 +0530,
50,c,52,52,14,c,1,0.7122509160108166,None,,,,,14,52,52,2,755.1482686250092,,755.138549041003,755.1482686250092,756.1293063750054,756.1293063750054,756.1293063750054,756.1293063750054,756.1448265830113,757.1361361250019,757.1361361250019,757.8546786250081,,,,,c,1,0.7122509160108166,None,parti1,001,2025-10-02_14h28.37.713,MotorSequenceLearning_NupurShah,,2025.1.1,120.37062114096888,2025-10-02 14h30.25.862269 +0530,
150,v,53,53,11,v,1,0.828620456988574,None,,,,,11,53,53,1,757.8638802080095,,757.8551980409975,757.8638802080095,758.8528346250096,758.8528346250096,758.8528346250096,758.8528346250096,758.8609942080075,759.8527751250076,759.8527751250076,760.6881322910049,,,,,v,1,0.828620456988574,None,parti1,001,2025-10-02_14h28.37.713,MotorSequenceLearning_NupurShah,,2025.1.1,120.37062114096888,2025-10-02 14h30.25.862269 +0530,
-50,x,54,54,11,x,1,1.0296417070057942,None,,,,,11,54,54,0,760.6972900830006,,760.6886779159977,760.6972900830006,761.6793354999973,761.6793354999973,761.6793354999973,761.6793354999973,761.695135041009,762.6866918330052,762.6866918330052,763.721164875009,,,,,x,1,1.0296417070057942,None,parti1,001,2025-10-02_14h28.37.713,MotorSequenceLearning_NupurShah,,2025.1.1,120.37062114096888,2025-10-02 14h30.25.862269 +0530,
50,c,55,55,15,c,1,1.1450329159997636,None,,,,,15,55,55,2,763.7308160000102,,763.7216924579989,763.7308160000102,764.7201181249984,764.7201181249984,764.7201181249984,764.7201181249984,764.7280430000101,765.7111593750014,765.7111593750014,766.8610717910051,,,,,c,1,1.1450329159997636,None,parti1,001,2025-10-02_14h28.37.713,MotorSequenceLearning_NupurShah,,2025.1.1,120.37062114096888,2025-10-02 14h30.25.862269 +0530,
-50,x,56,56,12,x,1,0.9688155820040265,None,,,,,12,56,56,0,766.8710311250034,,766.8615037080017,766.8710311250034,767.8533963750087,767.8533963750087,767.8533963750087,767.8533963750087,767.8609897910064,768.8534135000082,768.8534135000082,769.828337333005,,,,,x,1,0.9688155820040265,None,parti1,001,2025-10-02_14h28.37.713,MotorSequenceLearning_NupurShah,,2025.1.1,120.37062114096888,2025-10-02 14h30.25.862269 +0530,
-150,z,57,57,16,z,1,1.0570744989963714,None,,,,,16,57,57,3,769.8388204580115,,769.8288410829991,769.8388204580115,770.8201234580047,770.8201234580047,770.8201234580047,770.8201234580047,770.8370622910006,771.820140833006,771.820140833006,772.8783700409986,,,,,z,1,1.0570744989963714,None,parti1,001,2025-10-02_14h28.37.713,MotorSequenceLearning_NupurShah,,2025.1.1,120.37062114096888,2025-10-02 14h30.25.862269 +0530,
150,v,58,58,12,v,1,0.9009186659968691,None,,,,,12,58,58,1,772.8867925829982,,772.8788612909993,772.8867925829982,773.8787889160012,773.8787889160012,773.8787889160012,773.8787889160012,773.8787889160012,774.8701381660067,774.8701381660067,775.7784412500041,,,,,v,1,0.9009186659968691,None,parti1,001,2025-10-02_14h28.37.713,MotorSequenceLearning_NupurShah,,2025.1.1,120.37062114096888,2025-10-02 14h30.25.862269 +0530,
150,v,59,59,13,v,1,0.920423125004163,None,,,,,13,59,59,1,775.7883378749975,,775.7789408750104,775.7883378749975,776.7792904160015,776.7792904160015,776.7792904160015,776.7792904160015,776.7872867499973,777.770771083,777.770771083,778.69579066601,,,,,v,1,0.920423125004163,None,parti1,001,2025-10-02_14h28.37.713,MotorSequenceLearning_NupurShah,,2025.1.1,120.37062114096888,2025-10-02 14h30.25.862269 +0530,
-150,z,60,60,17,z,1,3.3321829159976915,None,,,,,17,60,60,3,778.7056840410078,,778.6962927910063,778.7056840410078,779.69590875,779.69590875,779.69590875,779.69590875,779.7037413330108,780.6956408749975,780.6956408749975,784.0289807910012,,,,,z,1,3.3321829159976915,None,parti1,001,2025-10-02_14h28.37.713,MotorSequenceLearning_NupurShah,,2025.1.1,120.37062114096888,2025-10-02 14h30.25.862269 +0530,
-50,x,61,61,13,x,1,0.9068981250020443,None,,,,,13,61,61,0,784.0370212499984,,784.029461625003,784.0370212499984,785.029598041001,785.029598041001,785.029598041001,785.029598041001,785.029598041001,786.0288383750012,786.0288383750012,786.938098166007,,,,,x,1,0.9068981250020443,None,parti1,001,2025-10-02_14h28.37.713,MotorSequenceLearning_NupurShah,,2025.1.1,120.37062114096888,2025-10-02 14h30.25.862269 +0530,
50,c,62,62,16,c,1,0.9545561250124592,None,,,,,16,62,62,2,786.9476532499975,,786.9386069580069,786.9476532499975,787.9294624160102,787.9294624160102,787.9294624160102,787.9294624160102,787.9452305000013,788.9372588330007,788.9372588330007,789.8953704580053,,,,,c,1,0.9545561250124592,None,parti1,001,2025-10-02_14h28.37.713,MotorSequenceLearning_NupurShah,,2025.1.1,120.37062114096888,2025-10-02 14h30.25.862269 +0530,
150,v,63,63,14,v,1,1.0611439570056973,None,,,,,14,63,63,1,789.905588374997,,789.8959015410073,789.905588374997,790.8960895000055,790.8960895000055,790.8960895000055,790.8960895000055,790.9042824159988,791.8866102910106,791.8866102910106,792.9551480829978,,,,,v,1,1.0611439570056973,None,parti1,001,2025-10-02_14h28.37.713,MotorSequenceLearning_NupurShah,,2025.1.1,120.37062114096888,2025-10-02 14h30.25.862269 +0530,
150,v,64,64,15,v,1,1.2710614160023397,None,,,,,15,64,64,1,792.9655986660073,,792.9557707909989,792.9655986660073,793.9533095410006,793.9533095410006,793.9533095410006,793.9533095410006,793.9608463750046,794.9537581660115,794.9537581660115,796.2289556660107,,,,,v,1,1.2710614160023397,None,parti1,001,2025-10-02_14h28.37.713,MotorSequenceLearning_NupurShah,,2025.1.1,120.37062114096888,2025-10-02 14h30.25.862269 +0530,
50,c,65,65,17,c,1,1.0525647489994299,None,,,,,17,65,65,2,796.239353625002,,796.2295045000064,796.239353625002,797.2291277909972,797.2291277909972,797.2291277909972,797.2291277909972,797.2371766660071,798.2281884160038,798.2281884160038,799.288490166,,,,,c,1,1.0525647489994299,None,parti1,001,2025-10-02_14h28.37.713,MotorSequenceLearning_NupurShah,,2025.1.1,120.37062114096888,2025-10-02 14h30.25.862269 +0530,
150,v,66,66,16,v,1,1.2575708740041591,None,,,,,16,66,66,1,799.2987717080105,,799.2891725829977,799.2987717080105,800.2866371660057,800.2866371660057,800.2866371660057,800.2866371660057,800.294339583008,801.2871554580051,801.2871554580051,802.546280458002,,,,,v,1,1.2575708740041591,None,parti1,001,2025-10-02_14h28.37.713,MotorSequenceLearning_NupurShah,,2025.1.1,120.37062114096888,2025-10-02 14h30.25.862269 +0530,
50,c,67,67,18,c,1,0.8787723740097135,None,,,,,18,67,67,2,802.5569830000022,,802.5469727910095,802.5569830000022,803.5465451659984,803.5465451659984,803.5465451659984,803.5465451659984,803.5544884999981,804.5459027080069,804.5459027080069,805.4291024160048,,,,,c,1,0.8787723740097135,None,parti1,001,2025-10-02_14h28.37.713,MotorSequenceLearning_NupurShah,,2025.1.1,120.37062114096888,2025-10-02 14h30.25.862269 +0530,
150,v,68,68,17,v,1,0.8779172909999033,None,,,,,17,68,68,1,805.438789250009,,805.4295148750098,805.438789250009,806.4294451660098,806.4294451660098,806.4294451660098,806.4294451660098,806.4373520829977,807.4288700410107,807.4288700410107,808.3123531660094,,,,,v,1,0.8779172909999033,None,parti1,001,2025-10-02_14h28.37.713,MotorSequenceLearning_NupurShah,,2025.1.1,120.37062114096888,2025-10-02 14h30.25.862269 +0530,
50,c,69,69,19,c,1,0.8607970409939298,None,,,,,19,69,69,2,808.3225732499996,,808.3128512080002,808.3225732499996,809.3128858330019,809.3128858330019,809.3128858330019,809.3128858330019,809.3207365410053,810.3118780829973,810.3118780829973,811.1792185410013,,,,,c,1,0.8607970409939298,None,parti1,001,2025-10-02_14h28.37.713,MotorSequenceLearning_NupurShah,,2025.1.1,120.37062114096888,2025-10-02 14h30.25.862269 +0530,
50,c,70,70,20,c,1,1.615908457999467,None,,,,,20,70,70,2,811.203979124999,,811.1798280829971,811.203979124999,812.1710146660043,812.1710146660043,812.1710146660043,812.1710146660043,812.1928676660027,813.1786656660115,813.1786656660115,814.7960503330105,,,,,c,1,1.615908457999467,None,parti1,001,2025-10-02_14h28.37.713,MotorSequenceLearning_NupurShah,,2025.1.1,120.37062114096888,2025-10-02 14h30.25.862269 +0530,
-150,z,71,71,18,z,1,1.1390072079957463,None,,,,,18,71,71,3,814.8208459580055,,814.7966664580017,814.8208459580055,815.7963643330004,815.7963643330004,815.7963643330004,815.7963643330004,815.8118043330032,816.795518125,816.795518125,817.938926916002,,,,,z,1,1.1390072079957463,None,parti1,001,2025-10-02_14h28.37.713,MotorSequenceLearning_NupurShah,,2025.1.1,120.37062114096888,2025-10-02 14h30.25.862269 +0530,
150,v,72,72,18,v,1,0.9680376240139594,None,,,,,18,72,72,1,817.9492604160041,,817.9395116250089,817.9492604160041,818.9374902910058,818.9374902910058,818.9374902910058,818.9374902910058,818.9451898330008,819.9373780830065,819.9373780830065,820.9126942080038,,,,,v,1,0.9680376240139594,None,parti1,001,2025-10-02_14h28.37.713,MotorSequenceLearning_NupurShah,,2025.1.1,120.37062114096888,2025-10-02 14h30.25.862269 +0530,
50,c,73,73,21,c,1,0.8917507500009378,None,,,,,21,73,73,2,820.9225856249977,,820.9131199580006,820.9225856249977,821.9131763330079,821.9131763330079,821.9131763330079,821.9131763330079,821.9209700000065,822.911907791,822.911907791,823.805466165999,,,,,c,1,0.8917507500009378,None,parti1,001,2025-10-02_14h28.37.713,MotorSequenceLearning_NupurShah,,2025.1.1,120.37062114096888,2025-10-02 14h30.25.862269 +0530,
-50,x,74,74,14,x,1,1.544372623990057,None,,,,,14,74,74,0,823.8121626659995,,823.8059564580035,823.8121626659995,824.803701916011,824.803701916011,824.803701916011,824.803701916011,824.803701916011,825.8042221250071,825.8042221250071,827.3558505830006,,,,,x,1,1.544372623990057,None,parti1,001,2025-10-02_14h28.37.713,MotorSequenceLearning_NupurShah,,2025.1.1,120.37062114096888,2025-10-02 14h30.25.862269 +0530,
-50,x,75,75,15,x,1,4.217844290993526,None,,,,,15,75,75,0,827.3665637910017,,827.3564915000024,827.3665637910017,828.3543800409971,828.3543800409971,828.3543800409971,828.3543800409971,828.3614135829994,829.354307415997,829.354307415997,833.5794883330091,,,,,x,1,4.217844290993526,None,parti1,001,2025-10-02_14h28.37.713,MotorSequenceLearning_NupurShah,,2025.1.1,120.37062114096888,2025-10-02 14h30.25.862269 +0530,
50,c,76,76,22,c,1,2.331467915995745,None,,,,,22,76,76,2,833.589697250005,,833.5800171660085,833.589697250005,834.5796523330064,834.5796523330064,834.5796523330064,834.5796523330064,834.587831124998,835.5713556249975,835.5713556249975,837.905704875011,,,,,c,1,2.331467915995745,None,parti1,001,2025-10-02_14h28.37.713,MotorSequenceLearning_NupurShah,,2025.1.1,120.37062114096888,2025-10-02 14h30.25.862269 +0530,
-50,x,77,77,16,x,1,0.9050359999964712,None,,,,,16,77,77,0,837.9148969579983,,837.9062113330001,837.9148969579983,838.9043580830039,838.9043580830039,838.9043580830039,838.9043580830039,838.9121285830042,839.9045602499973,839.9045602499973,840.8126380830072,,,,,x,1,0.9050359999964712,None,parti1,001,2025-10-02_14h28.37.713,MotorSequenceLearning_NupurShah,,2025.1.1,120.37062114096888,2025-10-02 14h30.25.862269 +0530,
-50,x,78,78,17,x,1,1.0353499580087373,None,,,,,17,78,78,0,840.8223198330088,,840.8131212080043,840.8223198330088,841.8133578749985,841.8133578749985,841.8133578749985,841.8133578749985,841.8133578749985,842.8131940410094,842.8131940410094,843.8561515830079,,,,,x,1,1.0353499580087373,None,parti1,001,2025-10-02_14h28.37.713,MotorSequenceLearning_NupurShah,,2025.1.1,120.37062114096888,2025-10-02 14h30.25.862269 +0530,
-50,x,79,79,18,x,1,3.5410914160020184,None,,,,,18,79,79,0,843.8672682500037,,843.8567624999996,843.8672682500037,844.8545210830052,844.8545210830052,844.8545210830052,844.8545210830052,844.8622629580059,845.8544094579993,845.8544094579993,849.4061416250042,,,,,x,1,3.5410914160020184,None,parti1,001,2025-10-02_14h28.37.713,MotorSequenceLearning_NupurShah,,2025.1.1,120.37062114096888,2025-10-02 14h30.25.862269 +0530,
50,c,80,80,23,c,1,1.4501837489951868,None,,,,,23,80,80,2,849.4170258329978,,849.4067540000106,849.4170258329978,850.4050353330094,850.4050353330094,850.4050353330094,850.4050353330094,850.4126442499983,851.4044690830051,851.4044690830051,852.8561226660095,,,,,c,1,1.4501837489951868,None,parti1,001,2025-10-02_14h28.37.713,MotorSequenceLearning_NupurShah,,2025.1.1,120.37062114096888,2025-10-02 14h30.25.862269 +0530,
-150,z,81,81,19,z,1,0.9029359990090597,None,,,,,19,81,81,3,852.866758832999,,852.8567117080092,852.866758832999,853.854528625001,853.854528625001,853.854528625001,853.854528625001,853.861779208004,854.8546352910053,854.8546352910053,855.7630030830042,,,,,z,1,0.9029359990090597,None,parti1,001,2025-10-02_14h28.37.713,MotorSequenceLearning_NupurShah,,2025.1.1,120.37062114096888,2025-10-02 14h30.25.862269 +0530,
150,v,82,82,19,v,1,1.3348690819984768,None,,,,,19,82,82,1,855.7733945000073,,855.7635472910042,855.7733945000073,856.7635602910013,856.7635602910013,856.7635602910013,856.7635602910013,856.7716713749978,857.7627261660091,857.7627261660091,859.1060111249972,,,,,v,1,1.3348690819984768,None,parti1,001,2025-10-02_14h28.37.713,MotorSequenceLearning_NupurShah,,2025.1.1,120.37062114096888,2025-10-02 14h30.25.862269 +0530,
150,v,83,83,20,v,1,1.4110060410021106,None,,,,,20,83,83,1,859.1152536660084,,859.1065022500115,859.1152536660084,860.0973375410103,860.0973375410103,860.0973375410103,860.0973375410103,860.112823375006,861.1046092500037,861.1046092500037,862.5226389160089,,,,,v,1,1.4110060410021106,None,parti1,001,2025-10-02_14h28.37.713,MotorSequenceLearning_NupurShah,,2025.1.1,120.37062114096888,2025-10-02 14h30.25.862269 +0530,
150,v,84,84,21,v,1,1.0156422079890035,None,,,,,21,84,84,1,862.5321234160074,,862.5231355830038,862.5321234160074,863.5208363330021,863.5208363330021,863.5208363330021,863.5208363330021,863.5284606250061,864.5208294580079,864.5208294580079,865.539157457999,,,,,v,1,1.0156422079890035,None,parti1,001,2025-10-02_14h28.37.713,MotorSequenceLearning_NupurShah,,2025.1.1,120.37062114096888,2025-10-02 14h30.25.862269 +0530,
-50,x,85,85,19,x,1,1.10447037499398,None,,,,,19,85,85,0,865.5488670830091,,865.5396482080105,865.5488670830091,866.5295964160032,866.5295964160032,866.5295964160032,866.5295964160032,866.5434466660081,867.5380060410098,867.5380060410098,868.6461312910105,,,,,x,1,1.10447037499398,None,parti1,001,2025-10-02_14h28.37.713,MotorSequenceLearning_NupurShah,,2025.1.1,120.37062114096888,2025-10-02 14h30.25.862269 +0530,
150,v,86,86,22,v,1,1.043408499986981,None,,,,,22,86,86,1,868.6566464159987,,868.6466234160034,868.6566464159987,869.6380275830015,869.6380275830015,869.6380275830015,869.6380275830015,869.6547659159987,870.6380889160064,870.6380889160064,871.6897403330076,,,,,v,1,1.043408499986981,None,parti1,001,2025-10-02_14h28.37.713,MotorSequenceLearning_NupurShah,,2025.1.1,120.37062114096888,2025-10-02 14h30.25.862269 +0530,
-50,x,87,87,20,x,1,0.9651551660062978,None,,,,,20,87,87,0,871.7003361250099,,871.6903710000042,871.7003361250099,872.6876186660083,872.6876186660083,872.6876186660083,872.6876186660083,872.6952751250064,873.6882108749996,873.6882108749996,874.6564011660084,,,,,x,1,0.9651551660062978,None,parti1,001,2025-10-02_14h28.37.713,MotorSequenceLearning_NupurShah,,2025.1.1,120.37062114096888,2025-10-02 14h30.25.862269 +0530,
150,v,88,88,23,v,1,1.2896112079906743,None,,,,,23,88,88,1,874.6668396660098,,874.6569917500019,874.6668396660098,875.6549221660098,875.6549221660098,875.6549221660098,875.6549221660098,875.6626200830069,876.6548031660059,876.6548031660059,877.9466045410081,,,,,v,1,1.2896112079906743,None,parti1,001,2025-10-02_14h28.37.713,MotorSequenceLearning_NupurShah,,2025.1.1,120.37062114096888,2025-10-02 14h30.25.862269 +0530,
-150,z,89,89,20,z,1,1.2397279160068138,None,,,,,20,89,89,3,877.9565338750108,,877.9471102910029,877.9565338750108,878.9470512080006,878.9470512080006,878.9470512080006,878.9470512080006,878.9549006250018,879.9458197080094,879.9458197080094,881.1897422910115,,,,,z,1,1.2397279160068138,None,parti1,001,2025-10-02_14h28.37.713,MotorSequenceLearning_NupurShah,,2025.1.1,120.37062114096888,2025-10-02 14h30.25.862269 +0530,
-150,z,90,90,21,z,1,1.0971080830058781,None,,,,,21,90,90,3,881.1998579580104,,881.1904918750079,881.1998579580104,882.1882925829996,882.1882925829996,882.1882925829996,882.1882925829996,882.1960209579993,883.1881923750043,883.1881923750043,884.2896458750038,,,,,z,1,1.0971080830058781,None,parti1,001,2025-10-02_14h28.37.713,MotorSequenceLearning_NupurShah,,2025.1.1,120.37062114096888,2025-10-02 14h30.25.862269 +0530,
-150,z,91,91,22,z,1,0.7519315820100019,None,,,,,22,91,91,3,884.3005635000009,,884.2902466660016,884.3005635000009,885.2882947500038,885.2882947500038,885.2882947500038,885.2882947500038,885.2959610000107,886.288267625001,886.288267625001,887.0470777500013,,,,,z,1,0.7519315820100019,None,parti1,001,2025-10-02_14h28.37.713,MotorSequenceLearning_NupurShah,,2025.1.1,120.37062114096888,2025-10-02 14h30.25.862269 +0530,
-150,z,92,92,23,z,1,0.9772777079924708,None,,,,,23,92,92,3,887.0715191250056,,887.0476137500082,887.0715191250056,888.0471125410113,888.0471125410113,888.0471125410113,888.0471125410113,888.0620236660034,889.0471030000044,889.0471030000044,890.0298759580037,,,,,z,1,0.9772777079924708,None,parti1,001,2025-10-02_14h28.37.713,MotorSequenceLearning_NupurShah,,2025.1.1,120.37062114096888,2025-10-02 14h30.25.862269 +0530,
150,v,93,93,24,v,1,1.2258466240018606,None,,,,,24,93,93,1,890.0394996250106,,890.0302950000041,890.0394996250106,891.0308491250034,891.0308491250034,891.0308491250034,891.0308491250034,891.0308491250034,892.0293686250079,892.0293686250079,893.2631133329996,,,,,v,1,1.2258466240018606,None,parti1,001,2025-10-02_14h28.37.713,MotorSequenceLearning_NupurShah,,2025.1.1,120.37062114096888,2025-10-02 14h30.25.862269 +0530,
-150,z,94,94,24,z,1,1.240176708000945,None,,,,,24,94,94,3,893.2733819999994,,893.2636400409974,893.2733819999994,894.2545331660076,894.2545331660076,894.2545331660076,894.2545331660076,894.2719122910057,895.2550397080049,895.2550397080049,896.4966117500007,,,,,z,1,1.240176708000945,None,parti1,001,2025-10-02_14h28.37.713,MotorSequenceLearning_NupurShah,,2025.1.1,120.37062114096888,2025-10-02 14h30.25.862269 +0530,
50,c,95,95,24,c,1,1.0655802490073256,None,,,,,24,95,95,2,896.5067897910048,,896.4971002910024,896.5067897910048,897.4971472080069,897.4971472080069,897.4971472080069,897.4971472080069,897.5052754159988,898.496617249999,898.496617249999,899.5636152080115,,,,,c,1,1.0655802490073256,None,parti1,001,2025-10-02_14h28.37.713,MotorSequenceLearning_NupurShah,,2025.1.1,120.37062114096888,2025-10-02 14h30.25.862269 +0530,
-150,z,96,96,25,z,1,0.8591193750035018,None,,,,,25,96,96,3,899.5739044580114,,899.5641134160105,899.5739044580114,900.5640679580101,900.5640679580101,900.5640679580101,900.5640679580101,900.5719278750039,901.5629543329997,901.5629543329997,902.4304982500034,,,,,z,1,0.8591193750035018,None,parti1,001,2025-10-02_14h28.37.713,MotorSequenceLearning_NupurShah,,2025.1.1,120.37062114096888,2025-10-02 14h30.25.862269 +0530,
50,c,97,97,25,c,1,1.0644101240031887,None,,,,,25,97,97,2,902.455237000002,,902.4309941660031,902.455237000002,903.4300345000083,903.4300345000083,903.4300345000083,903.4300345000083,903.4452760830027,904.4297835000034,904.4297835000034,905.4969550000096,,,,,c,1,1.0644101240031887,None,parti1,001,2025-10-02_14h28.37.713,MotorSequenceLearning_NupurShah,,2025.1.1,120.37062114096888,2025-10-02 14h30.25.862269 +0530,
-150,z,98,98,26,z,1,0.855731416013441,None,,,,,26,98,98,3,905.507154166,,905.4974749160028,905.507154166,906.4880300000077,906.4880300000077,906.4880300000077,906.4880300000077,906.5055044160108,907.4885641250003,907.4885641250003,908.3472570830054,,,,,z,1,0.855731416013441,None,parti1,001,2025-10-02_14h28.37.713,MotorSequenceLearning_NupurShah,,2025.1.1,120.37062114096888,2025-10-02 14h30.25.862269 +0530,
50,c,99,99,26,c,1,1.0557997080031782,None,,,,,26,99,99,2,908.3720090410061,,908.3478509999986,908.3720090410061,909.3477893750096,909.3477893750096,909.3477893750096,909.3477893750096,909.363490415999,910.3464085410087,910.3464085410087,911.4068702080112,,,,,c,1,1.0557997080031782,None,parti1,001,2025-10-02_14h28.37.713,MotorSequenceLearning_NupurShah,,2025.1.1,120.37062114096888,2025-10-02 14h30.25.862269 +0530,
150,v,100,100,25,v,1,1.4845659580023494,None,,,,,25,100,100,1,911.4172567909991,,911.4074625000067,911.4172567909991,912.4047676659975,912.4047676659975,912.4047676659975,912.4047676659975,912.4124583329976,913.4052837080089,913.4052837080089,914.8975195829989,,,,,v,1,1.4845659580023494,None,parti1,001,2025-10-02_14h28.37.713,MotorSequenceLearning_NupurShah,,2025.1.1,120.37062114096888,2025-10-02 14h30.25.862269 +0530,
150,v,101,101,26,v,1,0.8441832490061643,None,,,,,26,101,101,1,914.9073312500113,,914.8980380410067,914.9073312500113,915.8972937910003,915.8972937910003,915.8972937910003,915.8972937910003,915.9049757080065,916.8967759579973,916.8967759579973,917.7476919580076,,,,,v,1,0.8441832490061643,None,parti1,001,2025-10-02_14h28.37.713,MotorSequenceLearning_NupurShah,,2025.1.1,120.37062114096888,2025-10-02 14h30.25.862269 +0530,
-150,z,102,102,27,z,1,0.9792980829952285,None,,,,,27,102,102,3,917.7721129999991,,917.7482613330067,917.7721129999991,918.7476388750074,918.7476388750074,918.7476388750074,918.7476388750074,918.7630606250023,919.7468717910087,919.7468717910087,920.7320907910034,,,,,z,1,0.9792980829952285,None,parti1,001,2025-10-02_14h28.37.713,MotorSequenceLearning_NupurShah,,2025.1.1,120.37062114096888,2025-10-02 14h30.25.862269 +0530,
-50,x,103,103,21,x,1,3.380733041005442,None,,,,,21,103,103,0,920.7429169160023,,920.732904125005,920.7429169160023,921.7308615410002,921.7308615410002,921.7308615410002,921.7308615410002,921.7387330409983,922.7309031660116,922.7309031660116,926.1134923750069,,,,,x,1,3.380733041005442,None,parti1,001,2025-10-02_14h28.37.713,MotorSequenceLearning_NupurShah,,2025.1.1,120.37062114096888,2025-10-02 14h30.25.862269 +0530,
150,v,104,104,27,v,1,1.7215293320041383,None,,,,,27,104,104,1,926.122045000011,,926.114024208,926.122045000011,927.1053587500064,927.1053587500064,927.1053587500064,927.1053587500064,927.1127685829997,928.1133423749998,928.1133423749998,929.8400901249988,,,,,v,1,1.7215293320041383,None,parti1,001,2025-10-02_14h28.37.713,MotorSequenceLearning_NupurShah,,2025.1.1,120.37062114096888,2025-10-02 14h30.25.862269 +0530,
50,c,105,105,27,c,1,1.2857813329901546,None,,,,,27,105,105,2,929.8505310000037,,929.840631250001,929.8505310000037,930.831579375008,930.831579375008,930.831579375008,930.831579375008,930.8466580000095,931.8388022910076,931.8388022910076,933.1328784159996,,,,,c,1,1.2857813329901546,None,parti1,001,2025-10-02_14h28.37.713,MotorSequenceLearning_NupurShah,,2025.1.1,120.37062114096888,2025-10-02 14h30.25.862269 +0530,
-150,z,106,106,28,z,1,0.9845456250041025,None,,,,,28,106,106,3,933.1430417500087,,933.13342108301,933.1430417500087,934.1313187500054,934.1313187500054,934.1313187500054,934.1313187500054,934.1394079160091,935.1300008750113,935.1300008750113,936.1238816250116,,,,,z,1,0.9845456250041025,None,parti1,001,2025-10-02_14h28.37.713,MotorSequenceLearning_NupurShah,,2025.1.1,120.37062114096888,2025-10-02 14h30.25.862269 +0530,
150,v,107,107,28,v,1,1.0709643330046674,None,,,,,28,107,107,1,936.1340265410108,,936.124491791008,936.1340265410108,937.1222228749975,937.1222228749975,937.1222228749975,937.1222228749975,937.1299840410065,938.1217052499996,938.1217052499996,939.197637833,,,,,v,1,1.0709643330046674,None,parti1,001,2025-10-02_14h28.37.713,MotorSequenceLearning_NupurShah,,2025.1.1,120.37062114096888,2025-10-02 14h30.25.862269 +0530,
-150,z,108,108,29,z,1,1.2007591660076287,None,,,,,29,108,108,3,939.20787870801,,939.1981715000002,939.20787870801,940.197434791,940.197434791,940.197434791,940.197434791,940.2052095830004,941.1968390830007,941.1968390830007,942.4070705409977,,,,,z,1,1.2007591660076287,None,parti1,001,2025-10-02_14h28.37.713,MotorSequenceLearning_NupurShah,,2025.1.1,120.37062114096888,2025-10-02 14h30.25.862269 +0530,
50,c,109,109,28,c,1,1.169836999004474,None,,,,,28,109,109,2,942.416998916,,942.4075977910106,942.416998916,943.40522375,943.40522375,943.40522375,943.40522375,943.412592749999,944.4057068749971,944.4057068749971,945.581229125004,,,,,c,1,1.169836999004474,None,parti1,001,2025-10-02_14h28.37.713,MotorSequenceLearning_NupurShah,,2025.1.1,120.37062114096888,2025-10-02 14h30.25.862269 +0530,
-50,x,110,110,22,x,1,1.7259320820012363,None,,,,,22,110,110,0,945.6059656660073,,945.581759749999,945.6059656660073,946.581558165999,946.581558165999,946.581558165999,946.581558165999,946.5969068749982,947.580495333008,947.580495333008,949.3140080000012,,,,,x,1,1.7259320820012363,None,parti1,001,2025-10-02_14h28.37.713,MotorSequenceLearning_NupurShah,,2025.1.1,120.37062114096888,2025-10-02 14h30.25.862269 +0530,
-150,z,111,111,30,z,1,0.9062398319947533,None,,,,,30,111,111,3,949.3237068330054,,949.3145150409982,949.3237068330054,950.3152609579993,950.3152609579993,950.3152609579993,950.3152609579993,950.3233430000109,951.3134035000112,951.3134035000112,952.2235887499992,,,,,z,1,0.9062398319947533,None,parti1,001,2025-10-02_14h28.37.713,MotorSequenceLearning_NupurShah,,2025.1.1,120.37062114096888,2025-10-02 14h30.25.862269 +0530,
50,c,112,112,29,c,1,1.3094657490000827,None,,,,,29,112,112,2,952.2333712500113,,952.2240866659995,952.2333712500113,953.2148568330012,953.2148568330012,953.2148568330012,953.2148568330012,953.2304989580007,954.2219523329986,954.2219523329986,955.5407332910108,,,,,c,1,1.3094657490000827,None,parti1,001,2025-10-02_14h28.37.713,MotorSequenceLearning_NupurShah,,2025.1.1,120.37062114096888,2025-10-02 14h30.25.862269 +0530,
150,v,113,113,29,v,1,0.941775666011381,None,,,,,29,113,113,1,955.550818165997,,955.5414186249982,955.550818165997,956.5393719999993,956.5393719999993,956.5393719999993,956.5393719999993,956.5470383750071,957.5387274160021,957.5387274160021,958.4906504579994,,,,,v,1,0.941775666011381,None,parti1,001,2025-10-02_14h28.37.713,MotorSequenceLearning_NupurShah,,2025.1.1,120.37062114096888,2025-10-02 14h30.25.862269 +0530,
150,v,114,114,30,v,1,1.1827937500056578,None,,,,,30,114,114,1,958.5005098749971,,958.4911658750061,958.5005098749971,959.4888145830046,959.4888145830046,959.4888145830046,959.4888145830046,959.4970489999978,960.4886262500077,960.4886262500077,961.6741074580059,,,,,v,1,1.1827937500056578,None,parti1,001,2025-10-02_14h28.37.713,MotorSequenceLearning_NupurShah,,2025.1.1,120.37062114096888,2025-10-02 14h30.25.862269 +0530,
50,c,115,115,30,c,1,1.005624583005556,None,,,,,30,115,115,2,961.6846240830055,,961.674705915997,961.6846240830055,962.6727151250088,962.6727151250088,962.6727151250088,962.6727151250088,962.6803167910111,963.6728390830103,963.6728390830103,964.6816145000048,,,,,c,1,1.005624583005556,None,parti1,001,2025-10-02_14h28.37.713,MotorSequenceLearning_NupurShah,,2025.1.1,120.37062114096888,2025-10-02 14h30.25.862269 +0530,
-50,x,116,116,23,x,1,1.438690957002109,None,,,,,23,116,116,0,964.6920451659971,,964.6822927910107,964.6920451659971,965.6818555830105,965.6818555830105,965.6818555830105,965.6818555830105,965.6896503330063,966.6808295829978,966.6808295829978,968.1241472080001,,,,,x,1,1.438690957002109,None,parti1,001,2025-10-02_14h28.37.713,MotorSequenceLearning_NupurShah,,2025.1.1,120.37062114096888,2025-10-02 14h30.25.862269 +0530,
150,v,117,117,31,v,1,1.0600632080022478,None,,,,,31,117,117,1,968.1348736660002,,968.12475287501,968.1348736660002,969.1228747910063,969.1228747910063,969.1228747910063,969.1228747910063,969.1305180000054,970.1221868330031,970.1221868330031,971.1908695410093,,,,,v,1,1.0600632080022478,None,parti1,001,2025-10-02_14h28.37.713,MotorSequenceLearning_NupurShah,,2025.1.1,120.37062114096888,2025-10-02 14h30.25.862269 +0530,
-50,x,118,118,24,x,1,1.0375400820048526,None,,,,,24,118,118,0,971.2010106250091,,971.1914824580017,971.2010106250091,972.1888872910058,972.1888872910058,972.1888872910058,972.1888872910058,972.1965602499986,973.188864124997,973.188864124997,974.2311356660066,,,,,x,1,1.0375400820048526,None,parti1,001,2025-10-02_14h28.37.713,MotorSequenceLearning_NupurShah,,2025.1.1,120.37062114096888,2025-10-02 14h30.25.862269 +0530,
50,c,119,119,31,c,1,0.9815277489979053,None,,,,,31,119,119,2,974.2562421660114,,974.231720833006,974.2562421660114,975.2316213750019,975.2316213750019,975.2316213750019,975.2316213750019,975.2471910830063,976.2227269160066,976.2227269160066,977.2072542910028,,,,,c,1,0.9815277489979053,None,parti1,001,2025-10-02_14h28.37.713,MotorSequenceLearning_NupurShah,,2025.1.1,120.37062114096888,2025-10-02 14h30.25.862269 +0530,
50,c,120,120,32,c,1,1.0236971239937702,None,,,,,32,120,120,2,977.2167886660027,,977.2077553749987,977.2167886660027,978.198358958005,978.198358958005,978.198358958005,978.198358958005,978.2141217080061,979.2055973329989,979.2055973329989,980.2314871249982,,,,,c,1,1.0236971239937702,None,parti1,001,2025-10-02_14h28.37.713,MotorSequenceLearning_NupurShah,,2025.1.1,120.37062114096888,2025-10-02 14h30.25.862269 +0530,
-50,x,121,121,25,x,1,1.388010041002417,None,,,,,25,121,121,0,980.2416378750058,,980.2319897910056,980.2416378750058,981.2315760409983,981.2315760409983,981.2315760409983,981.2315760409983,981.2396297079977,982.2303697910102,982.2303697910102,983.6242145830038,,,,,x,1,1.388010041002417,None,parti1,001,2025-10-02_14h28.37.713,MotorSequenceLearning_NupurShah,,2025.1.1,120.37062114096888,2025-10-02 14h30.25.862269 +0530,
-50,x,122,122,26,x,1,0.7579035830131033,None,,,,,26,122,122,0,983.6333742499992,,983.6247197500052,983.6333742499992,984.6223550410068,984.6223550410068,984.6223550410068,984.6223550410068,984.6299948750093,985.6223337910051,985.6223337910051,986.3918836660014,,,,,x,1,0.7579035830131033,None,parti1,001,2025-10-02_14h28.37.713,MotorSequenceLearning_NupurShah,,2025.1.1,120.37062114096888,2025-10-02 14h30.25.862269 +0530,
-150,z,123,123,31,z,1,0.9980763740022667,None,,,,,31,123,123,3,986.3981765000062,,986.3922915830044,986.3981765000062,987.3897098330053,987.3897098330053,987.3897098330053,987.3897098330053,987.397359916009,988.3891122500063,988.3891122500063,989.3911550409975,,,,,z,1,0.9980763740022667,None,parti1,001,2025-10-02_14h28.37.713,MotorSequenceLearning_NupurShah,,2025.1.1,120.37062114096888,2025-10-02 14h30.25.862269 +0530,
-150,z,124,124,32,z,1,0.8562003749975702,None,,,,,32,124,124,3,989.4014034580032,,989.3917415410106,989.4014034580032,990.3890990830114,990.3890990830114,990.3890990830114,990.3890990830114,990.3967497080012,991.3889902910014,991.3889902910014,992.2479750830098,,,,,z,1,0.8562003749975702,None,parti1,001,2025-10-02_14h28.37.713,MotorSequenceLearning_NupurShah,,2025.1.1,120.37062114096888,2025-10-02 14h30.25.862269 +0530,
-150,z,125,125,33,z,1,0.6988536659919191,None,,,,,33,125,125,3,992.258367500006,,992.2484742079978,992.258367500006,993.248618166006,993.248618166006,993.248618166006,993.248618166006,993.2567973330006,994.2473528330011,994.2473528330011,994.9484431660094,,,,,z,1,0.6988536659919191,None,parti1,001,2025-10-02_14h28.37.713,MotorSequenceLearning_NupurShah,,2025.1.1,120.37062114096888,2025-10-02 14h30.25.862269 +0530,
-50,x,126,126,27,x,1,0.9918060820054961,None,,,,,27,126,126,0,994.9591270000092,,994.9489505829988,994.9591270000092,995.9485723750113,995.9485723750113,995.9485723750113,995.9485723750113,995.9559445830091,996.9473293330084,996.9473293330084,997.9410258749995,,,,,x,1,0.9918060820054961,None,parti1,001,2025-10-02_14h28.37.713,MotorSequenceLearning_NupurShah,,2025.1.1,120.37062114096888,2025-10-02 14h30.25.862269 +0530,
-150,z,127,127,34,z,1,2.079334790993016,None,,,,,34,127,127,3,997.9505519160011,,997.941540166008,997.9505519160011,998.9391432499979,998.9391432499979,998.9391432499979,998.9391432499979,998.9465491660085,999.9399219580082,999.9399219580082,1002.024664416007,,,,,z,1,2.079334790993016,None,parti1,001,2025-10-02_14h28.37.713,MotorSequenceLearning_NupurShah,,2025.1.1,120.37062114096888,2025-10-02 14h30.25.862269 +0530,
150,v,128,128,32,v,1,1.4489973329909844,None,,,,,32,128,128,1,1002.0350165830023,,1002.0252739999996,1002.0350165830023,1003.0225695410045,1003.0225695410045,1003.0225695410045,1003.0225695410045,1003.0299160410068,1004.0230831250083,1004.0230831250083,1005.4740512910066,,,,,v,1,1.4489973329909844,None,parti1,001,2025-10-02_14h28.37.713,MotorSequenceLearning_NupurShah,,2025.1.1,120.37062114096888,2025-10-02 14h30.25.862269 +0530,
-50,x,129,129,28,x,1,1.3935309160006,None,,,,,28,129,129,0,1005.4838410000084,,1005.4746836660051,1005.4838410000084,1006.4653343750106,1006.4653343750106,1006.4653343750106,1006.4653343750106,1006.4807741250115,1007.4726018330111,1007.4726018330111,1008.8745011249994,,,,,x,1,1.3935309160006,None,parti1,001,2025-10-02_14h28.37.713,MotorSequenceLearning_NupurShah,,2025.1.1,120.37062114096888,2025-10-02 14h30.25.862269 +0530,
-50,x,130,130,29,x,1,1.4007454990060069,None,,,,,29,130,130,0,1008.8835382079997,,1008.8749139580032,1008.8835382079997,1009.8734342910029,1009.8734342910029,1009.8734342910029,1009.8734342910029,1009.8818207910081,1010.8732779580023,1010.8732779580023,1012.2808054159977,,,,,x,1,1.4007454990060069,None,parti1,001,2025-10-02_14h28.37.713,MotorSequenceLearning_NupurShah,,2025.1.1,120.37062114096888,2025-10-02 14h30.25.862269 +0530,
-150,z,131,131,35,z,1,1.8441779160057195,None,,,,,35,131,131,3,1012.2906306660007,,1012.2813035410072,1012.2906306660007,1013.2726885410084,1013.2726885410084,1013.2726885410084,1013.2726885410084,1013.2901299579971,1014.2727744160075,1014.2727744160075,1016.1238437080028,,,,,z,1,1.8441779160057195,None,parti1,001,2025-10-02_14h28.37.713,MotorSequenceLearning_NupurShah,,2025.1.1,120.37062114096888,2025-10-02 14h30.25.862269 +0530,
-150,z,132,132,36,z,1,1.1037073329935083,None,,,,,36,132,132,3,1016.1333167080011,,1016.1243552910018,1016.1333167080011,1017.1158346660086,1017.1158346660086,1017.1158346660086,1017.1158346660086,1017.1238080410112,1018.1153750000085,1018.1153750000085,1019.2247676660045,,,,,z,1,1.1037073329935083,None,parti1,001,2025-10-02_14h28.37.713,MotorSequenceLearning_NupurShah,,2025.1.1,120.37062114096888,2025-10-02 14h30.25.862269 +0530,
-150,z,133,133,37,z,1,0.5055514160048915,None,,,,,37,133,133,3,1019.2352981250006,,1019.2253902910015,1019.2352981250006,1020.223714125008,1020.223714125008,1020.223714125008,1020.223714125008,1020.2314268750051,1021.2234073330037,1021.2234073330037,1021.7321236660064,,,,,z,1,0.5055514160048915,None,parti1,001,2025-10-02_14h28.37.713,MotorSequenceLearning_NupurShah,,2025.1.1,120.37062114096888,2025-10-02 14h30.25.862269 +0530,
50,c,134,134,33,c,1,1.0856134159985231,None,,,,,33,134,134,2,1021.756965624998,,1021.7326107499975,1021.756965624998,1022.7321717500017,1022.7321717500017,1022.7321717500017,1022.7321717500017,1022.7472647500108,1023.7313879160065,1023.7313879160065,1024.8242020830075,,,,,c,1,1.0856134159985231,None,parti1,001,2025-10-02_14h28.37.713,MotorSequenceLearning_NupurShah,,2025.1.1,120.37062114096888,2025-10-02 14h30.25.862269 +0530,
150,v,135,135,33,v,1,1.2614077909966,None,,,,,33,135,135,1,1024.833288000009,,1024.824702708007,1024.833288000009,1025.8155945830076,1025.8155945830076,1025.8155945830076,1025.8155945830076,1025.8311803329998,1026.8144082910003,1026.8144082910003,1028.081665500009,,,,,v,1,1.2614077909966,None,parti1,001,2025-10-02_14h28.37.713,MotorSequenceLearning_NupurShah,,2025.1.1,120.37062114096888,2025-10-02 14h30.25.862269 +0530,
150,v,136,136,34,v,1,0.4646316659927834,None,,,,,34,136,136,1,1028.0909809580044,,1028.082077583007,1028.0909809580044,1029.072920874998,1029.072920874998,1029.072920874998,1029.072920874998,1029.0903326249972,1030.0822346659988,1030.0822346659988,1030.548146250003,,,,,v,1,0.4646316659927834,None,parti1,001,2025-10-02_14h28.37.713,MotorSequenceLearning_NupurShah,,2025.1.1,120.37062114096888,2025-10-02 14h30.25.862269 +0530,
-150,z,137,137,38,z,1,1.1803684580081608,None,,,,,38,137,137,3,1030.5586165830027,,1030.5486582080048,1030.5586165830027,1031.5492804160021,1031.5492804160021,1031.5492804160021,1031.5492804160021,1031.557311291006,1032.5396387910005,1032.5396387910005,1033.725061916004,,,,,z,1,1.1803684580081608,None,parti1,001,2025-10-02_14h28.37.713,MotorSequenceLearning_NupurShah,,2025.1.1,120.37062114096888,2025-10-02 14h30.25.862269 +0530,
50,c,138,138,34,c,1,1.08425833300862,None,,,,,34,138,138,2,1033.73558412501,,1033.7256590000034,1033.73558412501,1034.7230038330017,1034.7230038330017,1034.7230038330017,1034.7230038330017,1034.7307065409987,1035.723544708002,1035.723544708002,1036.814965416008,,,,,c,1,1.08425833300862,None,parti1,001,2025-10-02_14h28.37.713,MotorSequenceLearning_NupurShah,,2025.1.1,120.37062114096888,2025-10-02 14h30.25.862269 +0530,
150,v,139,139,35,v,1,1.4884523319924483,None,,,,,35,139,139,1,1036.824809291007,,1036.8154835830064,1036.824809291007,1037.8157818750042,1037.8157818750042,1037.8157818750042,1037.8157818750042,1037.8157818750042,1038.8063404580025,1038.8063404580025,1040.2986097079993,,,,,v,1,1.4884523319924483,None,parti1,001,2025-10-02_14h28.37.713,MotorSequenceLearning_NupurShah,,2025.1.1,120.37062114096888,2025-10-02 14h30.25.862269 +0530,
150,v,140,140,36,v,1,0.9321090829907916,None,,,,,36,140,140,1,1040.3086267910112,,1040.2991267500038,1040.3086267910112,1041.3003279999975,1041.3003279999975,1041.3003279999975,1041.3003279999975,1041.308003625003,1042.2896617080114,1042.2896617080114,1043.2252656659984,,,,,v,1,0.9321090829907916,None,parti1,001,2025-10-02_14h28.37.713,MotorSequenceLearning_NupurShah,,2025.1.1,120.37062114096888,2025-10-02 14h30.25.862269 +0530,
-50,x,141,141,30,x,1,1.221679915994173,None,,,,,30,141,141,0,1043.235766333004,,1043.2258663329994,1043.235766333004,1044.2238230829971,1044.2238230829971,1044.2238230829971,1044.2238230829971,1044.2315345829993,1045.223048083004,1045.223048083004,1046.4486945829995,,,,,x,1,1.221679915994173,None,parti1,001,2025-10-02_14h28.37.713,MotorSequenceLearning_NupurShah,,2025.1.1,120.37062114096888,2025-10-02 14h30.25.862269 +0530,
-150,z,142,142,39,z,1,0.9667558320070384,None,,,,,39,142,142,3,1046.458849750008,,1046.449195082998,1046.458849750008,1047.449343500004,1047.449343500004,1047.449343500004,1047.449343500004,1047.4574241250084,1048.4479772080085,1048.4479772080085,1049.4255403330026,,,,,z,1,0.9667558320070384,None,parti1,001,2025-10-02_14h28.37.713,MotorSequenceLearning_NupurShah,,2025.1.1,120.37062114096888,2025-10-02 14h30.25.862269 +0530,
50,c,143,143,35,c,1,1.3111068750004051,None,,,,,35,143,143,2,1049.4356402080011,,1049.426310875002,1049.4356402080011,1050.4231591660064,1050.4231591660064,1050.4231591660064,1050.4231591660064,1050.4305452910048,1051.4236702909984,1051.4236702909984,1052.741858207999,,,,,c,1,1.3111068750004051,None,parti1,001,2025-10-02_14h28.37.713,MotorSequenceLearning_NupurShah,,2025.1.1,120.37062114096888,2025-10-02 14h30.25.862269 +0530,
-50,x,144,144,31,x,1,1.9618000410118839,None,,,,,31,144,144,0,1052.7523930410098,,1052.7424437500013,1052.7523930410098,1053.7398895829974,1053.7398895829974,1053.7398895829974,1053.7398895829974,1053.747308541002,1054.739934875004,1054.739934875004,1056.7087421660108,,,,,x,1,1.9618000410118839,None,parti1,001,2025-10-02_14h28.37.713,MotorSequenceLearning_NupurShah,,2025.1.1,120.37062114096888,2025-10-02 14h30.25.862269 +0530,
-150,z,145,145,40,z,1,1.2796604159957496,None,,,,,40,145,145,3,1056.7190003330034,,1056.7093677910016,1056.7190003330034,1057.706606250009,1057.706606250009,1057.706606250009,1057.706606250009,1057.7144128750078,1058.7071176250029,1058.7071176250029,1059.991756333009,,,,,z,1,1.2796604159957496,None,parti1,001,2025-10-02_14h28.37.713,MotorSequenceLearning_NupurShah,,2025.1.1,120.37062114096888,2025-10-02 14h30.25.862269 +0530,
150,v,146,146,37,v,1,1.2967934159969445,None,,,,,37,146,146,1,1060.000888916009,,1059.9922659580043,1060.000888916009,1060.9905792500067,1060.9905792500067,1060.9905792500067,1060.9905792500067,1060.9981573749974,1061.989911416007,1061.989911416007,1063.29179191601,,,,,v,1,1.2967934159969445,None,parti1,001,2025-10-02_14h28.37.713,MotorSequenceLearning_NupurShah,,2025.1.1,120.37062114096888,2025-10-02 14h30.25.862269 +0530,
150,v,147,147,38,v,1,0.9350960410083644,None,,,,,38,147,147,1,1063.3010130000039,,1063.2922790830053,1063.3010130000039,1064.290069458002,1064.290069458002,1064.290069458002,1064.290069458002,1064.2977835000056,1065.2905286660098,1065.2905286660098,1066.2319885000034,,,,,v,1,0.9350960410083644,None,parti1,001,2025-10-02_14h28.37.713,MotorSequenceLearning_NupurShah,,2025.1.1,120.37062114096888,2025-10-02 14h30.25.862269 +0530,
-50,x,148,148,32,x,1,1.9462808739917818,None,,,,,32,148,148,0,1066.2412223749998,,1066.2323871660046,1066.2412223749998,1067.2326242910058,1067.2326242910058,1067.2326242910058,1067.2326242910058,1067.2326242910058,1068.2233717500058,1068.2233717500058,1070.1751930000028,,,,,x,1,1.9462808739917818,None,parti1,001,2025-10-02_14h28.37.713,MotorSequenceLearning_NupurShah,,2025.1.1,120.37062114096888,2025-10-02 14h30.25.862269 +0530,
-50,x,149,149,33,x,1,0.8416407909971895,None,,,,,33,149,149,0,1070.1843672910036,,1070.1756926660019,1070.1843672910036,1071.1670927910018,1071.1670927910018,1071.1670927910018,1071.1670927910018,1071.174857416001,1072.1738943750097,1072.1738943750097,1073.0258497080067,,,,,x,1,0.8416407909971895,None,parti1,001,2025-10-02_14h28.37.713,MotorSequenceLearning_NupurShah,,2025.1.1,120.37062114096888,2025-10-02 14h30.25.862269 +0530,
50,c,150,150,36,c,1,1.0909188329969766,None,,,,,36,150,150,2,1073.0361143330083,,1073.0266915000102,1073.0361143330083,1074.023473166002,1074.023473166002,1074.023473166002,1074.023473166002,1074.0311070000025,1075.0235200000025,1075.0235200000025,1076.1255594579998,,,,,c,1,1.0909188329969766,None,parti1,001,2025-10-02_14h28.37.713,MotorSequenceLearning_NupurShah,,2025.1.1,120.37062114096888,2025-10-02 14h30.25.862269 +0530,
-50,x,151,151,34,x,1,0.9843472490028944,None,,,,,34,151,151,0,1076.1360233330051,,1076.12614704101,1076.1360233330051,1077.123438333001,1077.123438333001,1077.123438333001,1077.123438333001,1077.1310562910076,1078.1240421250113,1078.1240421250113,1079.1153846660018,,,,,x,1,0.9843472490028944,None,parti1,001,2025-10-02_14h28.37.713,MotorSequenceLearning_NupurShah,,2025.1.1,120.37062114096888,2025-10-02 14h30.25.862269 +0530,
-150,z,152,152,41,z,1,1.3751602910051588,None,,,,,41,152,152,3,1079.1256107500085,,1079.115890000001,1079.1256107500085,1080.1068802910013,1080.1068802910013,1080.1068802910013,1080.1068802910013,1080.1241704160057,1081.107401583009,1081.107401583009,1082.4922258330043,,,,,z,1,1.3751602910051588,None,parti1,001,2025-10-02_14h28.37.713,MotorSequenceLearning_NupurShah,,2025.1.1,120.37062114096888,2025-10-02 14h30.25.862269 +0530,
50,c,153,153,37,c,1,1.0071772500086809,None,,,,,37,153,153,2,1082.5024227910035,,1082.4927940830094,1082.5024227910035,1083.4908389580087,1083.4908389580087,1083.4908389580087,1083.4908389580087,1083.4987447080057,1084.490240833009,1084.490240833009,1085.4996585000044,,,,,c,1,1.0071772500086809,None,parti1,001,2025-10-02_14h28.37.713,MotorSequenceLearning_NupurShah,,2025.1.1,120.37062114096888,2025-10-02 14h30.25.862269 +0530,
-150,z,154,154,42,z,1,0.774929791004979,None,,,,,42,154,154,3,1085.5096259160055,,1085.50016091601,1085.5096259160055,1086.4996223750059,1086.4996223750059,1086.4996223750059,1086.4996223750059,1086.507507250004,1087.498424083009,1087.498424083009,1088.2752439580072,,,,,z,1,0.774929791004979,None,parti1,001,2025-10-02_14h28.37.713,MotorSequenceLearning_NupurShah,,2025.1.1,120.37062114096888,2025-10-02 14h30.25.862269 +0530,
150,v,155,155,39,v,1,1.1251285409962293,None,,,,,39,155,155,1,1088.284765208009,,1088.2757496660051,1088.284765208009,1089.2667527080048,1089.2667527080048,1089.2667527080048,1089.2667527080048,1089.2827417500084,1090.274124750009,1090.274124750009,1091.408680708002,,,,,v,1,1.1251285409962293,None,parti1,001,2025-10-02_14h28.37.713,MotorSequenceLearning_NupurShah,,2025.1.1,120.37062114096888,2025-10-02 14h30.25.862269 +0530,
150,v,156,156,40,v,1,0.8118659159954404,None,,,,,40,156,156,1,1091.418302541002,,1091.409210458005,1091.418302541002,1092.4000964580046,1092.4000964580046,1092.4000964580046,1092.4000964580046,1092.4159851660079,1093.407588291011,1093.407588291011,1094.2259558330115,,,,,v,1,0.8118659159954404,None,parti1,001,2025-10-02_14h28.37.713,MotorSequenceLearning_NupurShah,,2025.1.1,120.37062114096888,2025-10-02 14h30.25.862269 +0530,
50,c,157,157,38,c,1,1.1829145410010824,None,,,,,38,157,157,2,1094.2365643329977,,1094.2265507910051,1094.2365643329977,1095.2237617909996,1095.2237617909996,1095.2237617909996,1095.2237617909996,1095.2315607909986,1096.2242852909985,1096.2242852909985,1097.4089550830104,,,,,c,1,1.1829145410010824,None,parti1,001,2025-10-02_14h28.37.713,MotorSequenceLearning_NupurShah,,2025.1.1,120.37062114096888,2025-10-02 14h30.25.862269 +0530,
-50,x,158,158,35,x,1,0.6751554989896249,None,,,,,35,158,158,0,1097.4155449160025,,1097.4094700830028,1097.4155449160025,1098.4071922080038,1098.4071922080038,1098.4071922080038,1098.4071922080038,1098.414902458011,1099.4070697499992,1099.4070697499992,1100.0926215000072,,,,,x,1,0.6751554989896249,None,parti1,001,2025-10-02_14h28.37.713,MotorSequenceLearning_NupurShah,,2025.1.1,120.37062114096888,2025-10-02 14h30.25.862269 +0530,
-150,z,159,159,43,z,1,0.6397772909986088,None,,,,,43,159,159,3,1100.1027580829978,,1100.093374916003,1100.1027580829978,1101.090717375002,1101.090717375002,1101.090717375002,1101.090717375002,1101.0985527500015,1102.0904687080038,1102.0904687080038,1102.7328869580087,,,,,z,1,0.6397772909986088,None,parti1,001,2025-10-02_14h28.37.713,MotorSequenceLearning_NupurShah,,2025.1.1,120.37062114096888,2025-10-02 14h30.25.862269 +0530,
-50,x,160,160,36,x,1,0.6976620829955209,None,,,,,36,160,160,0,1102.7577442080074,,1102.7334790830064,1102.7577442080074,1103.7328964580083,1103.7328964580083,1103.7328964580083,1103.7328964580083,1103.7485636250058,1104.7334137500002,1104.7334137500002,1105.4324583330017,,,,,x,1,0.6976620829955209,None,parti1,001,2025-10-02_14h28.37.713,MotorSequenceLearning_NupurShah,,2025.1.1,120.37062114096888,2025-10-02 14h30.25.862269 +0530,
-50,x,161,161,37,x,1,0.7691230819909833,None,,,,,37,161,161,0,1105.4405191660044,,1105.4329617500043,1105.4405191660044,1106.4244622499973,1106.4244622499973,1106.4244622499973,1106.4244622499973,1106.4321408329997,1107.4238545410044,1107.4238545410044,1108.2001106660027,,,,,x,1,0.7691230819909833,None,parti1,001,2025-10-02_14h28.37.713,MotorSequenceLearning_NupurShah,,2025.1.1,120.37062114096888,2025-10-02 14h30.25.862269 +0530,
50,c,162,162,39,c,1,0.5222745409992058,None,,,,,39,162,162,2,1108.2244813330035,,1108.2006357909995,1108.2244813330035,1109.1996303330088,1109.1996303330088,1109.1996303330088,1109.1996303330088,1109.2149306250067,1110.1988780829997,1110.1988780829997,1110.726172374998,,,,,c,1,0.5222745409992058,None,parti1,001,2025-10-02_14h28.37.713,MotorSequenceLearning_NupurShah,,2025.1.1,120.37062114096888,2025-10-02 14h30.25.862269 +0530,
50,c,163,163,40,c,1,0.607735458004754,None,,,,,40,163,163,2,1110.736655041008,,1110.7267515830026,1110.736655041008,1111.7239247079997,1111.7239247079997,1111.7239247079997,1111.7239247079997,1111.7314164160052,1112.7244098329975,1112.7244098329975,1113.3425502910104,,,,,c,1,0.607735458004754,None,parti1,001,2025-10-02_14h28.37.713,MotorSequenceLearning_NupurShah,,2025.1.1,120.37062114096888,2025-10-02 14h30.25.862269 +0530,
150,v,164,164,41,v,1,1.1108548740012338,None,,,,,41,164,164,1,1113.352318833,,1113.3430585830065,1113.352318833,1114.3405706659978,1114.3405706659978,1114.3405706659978,1114.3405706659978,1114.3482983330032,1115.341316666003,1115.341316666003,1116.4593943750078,,,,,v,1,1.1108548740012338,None,parti1,001,2025-10-02_14h28.37.713,MotorSequenceLearning_NupurShah,,2025.1.1,120.37062114096888,2025-10-02 14h30.25.862269 +0530,
-50,x,165,165,38,x,1,1.0784181659983005,None,,,,,38,165,165,0,1116.46953204101,,1116.4601126250054,1116.46953204101,1117.4573531250062,1117.4573531250062,1117.4573531250062,1117.4573531250062,1117.4650194999995,1118.4578564160038,1118.4578564160038,1119.542478333009,,,,,x,1,1.0784181659983005,None,parti1,001,2025-10-02_14h28.37.713,MotorSequenceLearning_NupurShah,,2025.1.1,120.37062114096888,2025-10-02 14h30.25.862269 +0530,
-50,x,166,166,39,x,1,0.9488419990084367,None,,,,,39,166,166,0,1119.5520738750056,,1119.5430185830046,1119.5520738750056,1120.5334454580006,1120.5334454580006,1120.5334454580006,1120.5334454580006,1120.5486355830071,1121.5412079160014,1121.5412079160014,1122.4926398750104,,,,,x,1,0.9488419990084367,None,parti1,001,2025-10-02_14h28.37.713,MotorSequenceLearning_NupurShah,,2025.1.1,120.37062114096888,2025-10-02 14h30.25.862269 +0530,
-50,x,167,167,40,x,1,0.6203096660028677,None,,,,,40,167,167,0,1122.502625166002,,1122.493187458007,1122.502625166002,1123.483378416,1123.483378416,1123.483378416,1123.483378416,1123.4989189580083,1124.4907424580015,1124.4907424580015,1125.1163780409988,,,,,x,1,0.6203096660028677,None,parti1,001,2025-10-02_14h28.37.713,MotorSequenceLearning_NupurShah,,2025.1.1,120.37062114096888,2025-10-02 14h30.25.862269 +0530,
50,c,168,168,41,c,1,0.840399331995286,None,,,,,41,168,168,2,1125.1263236660016,,1125.1168791250093,1125.1263236660016,1126.1075245000102,1126.1075245000102,1126.1075245000102,1126.1075245000102,1126.1241759999975,1127.1166937500093,1127.1166937500093,1127.9593975000025,,,,,c,1,0.840399331995286,None,parti1,001,2025-10-02_14h28.37.713,MotorSequenceLearning_NupurShah,,2025.1.1,120.37062114096888,2025-10-02 14h30.25.862269 +0530,
150,v,169,169,42,v,1,1.3417978740035323,None,,,,,42,169,169,1,1127.9695093330083,,1127.9599680829997,1127.9695093330083,1128.958041291,1128.958041291,1128.958041291,1128.958041291,1128.9657562080101,1129.9579818330094,1129.9579818330094,1131.309228833008,,,,,v,1,1.3417978740035323,None,parti1,001,2025-10-02_14h28.37.713,MotorSequenceLearning_NupurShah,,2025.1.1,120.37062114096888,2025-10-02 14h30.25.862269 +0530,
50,c,170,170,42,c,1,1.303253083009622,None,,,,,42,170,170,2,1131.3188675830024,,1131.309759958007,1131.3188675830024,1132.3003660000104,1132.3003660000104,1132.3003660000104,1132.3003660000104,1132.3159239160013,1133.3075908750034,1133.3075908750034,1134.6170355830109,,,,,c,1,1.303253083009622,None,parti1,001,2025-10-02_14h28.37.713,MotorSequenceLearning_NupurShah,,2025.1.1,120.37062114096888,2025-10-02 14h30.25.862269 +0530,
-50,x,171,171,41,x,1,1.1373703749995911,None,,,,,41,171,171,0,1134.6417602910078,,1134.6175586250029,1134.6417602910078,1135.617052415997,1135.617052415997,1135.617052415997,1135.617052415997,1135.6319650000078,1136.6176378750097,1136.6176378750097,1137.7593482910015,,,,,x,1,1.1373703749995911,None,parti1,001,2025-10-02_14h28.37.713,MotorSequenceLearning_NupurShah,,2025.1.1,120.37062114096888,2025-10-02 14h30.25.862269 +0530,
-150,z,172,172,44,z,1,0.9938363739929628,None,,,,,44,172,172,3,1137.7695081249985,,1137.7599101660016,1137.7695081249985,1138.7576157500007,1138.7576157500007,1138.7576157500007,1138.7576157500007,1138.7650728330045,1139.7581231660006,1139.7581231660006,1140.7596516659978,,,,,z,1,0.9938363739929628,None,parti1,001,2025-10-02_14h28.37.713,MotorSequenceLearning_NupurShah,,2025.1.1,120.37062114096888,2025-10-02 14h30.25.862269 +0530,
150,v,173,173,43,v,1,1.057218831992941,None,,,,,43,173,173,1,1140.7701093750075,,1140.760274708009,1140.7701093750075,1141.7576769580046,1141.7576769580046,1141.7576769580046,1141.7576769580046,1141.7652392500022,1142.7576157500007,1142.7576157500007,1143.8171704999986,,,,,v,1,1.057218831992941,None,parti1,001,2025-10-02_14h28.37.713,MotorSequenceLearning_NupurShah,,2025.1.1,120.37062114096888,2025-10-02 14h30.25.862269 +0530,
50,c,174,174,43,c,1,1.0865127080032835,None,,,,,43,174,174,2,1143.8274962910073,,1143.8178343330073,1143.8274962910073,1144.8175287080085,1144.8175287080085,1144.8175287080085,1144.8175287080085,1144.8255660830037,1145.8163462500088,1145.8163462500088,1146.9095376250043,,,,,c,1,1.0865127080032835,None,parti1,001,2025-10-02_14h28.37.713,MotorSequenceLearning_NupurShah,,2025.1.1,120.37062114096888,2025-10-02 14h30.25.862269 +0530,
150,v,175,175,44,v,1,1.3406040410045534,None,,,,,44,175,175,1,1146.9198697500105,,1146.910131416007,1146.9198697500105,1147.9083378330106,1147.9083378330106,1147.9083378330106,1147.9083378330106,1147.9161617909995,1148.9082189160108,1148.9082189160108,1150.257965375,,,,,v,1,1.3406040410045534,None,parti1,001,2025-10-02_14h28.37.713,MotorSequenceLearning_NupurShah,,2025.1.1,120.37062114096888,2025-10-02 14h30.25.862269 +0530,
50,c,176,176,44,c,1,1.0218540409987327,None,,,,,44,176,176,2,1150.2672599159996,,1150.2585055410018,1150.2672599159996,1151.2503315000067,1151.2503315000067,1151.2503315000067,1151.2503315000067,1151.2583427080099,1152.2500293750054,1152.2500293750054,1153.276641208009,,,,,c,1,1.0218540409987327,None,parti1,001,2025-10-02_14h28.37.713,MotorSequenceLearning_NupurShah,,2025.1.1,120.37062114096888,2025-10-02 14h30.25.862269 +0530,
150,v,177,177,45,v,1,3.3002605410001706,None,,,,,45,177,177,1,1153.2870708749979,,1153.2772574160044,1153.2870708749979,1154.2750440410018,1154.2750440410018,1154.2750440410018,1154.2750440410018,1154.2827710830024,1155.2749348750076,1155.2749348750076,1158.5838816660107,,,,,v,1,3.3002605410001706,None,parti1,001,2025-10-02_14h28.37.713,MotorSequenceLearning_NupurShah,,2025.1.1,120.37062114096888,2025-10-02 14h30.25.862269 +0530,
-50,x,178,178,42,x,1,4.372029165999265,None,,,,,42,178,178,0,1158.608506500008,,1158.5843993330054,1158.608506500008,1159.583931250003,1159.583931250003,1159.583931250003,1159.583931250003,1159.599304208008,1160.583873208001,1160.583873208001,1164.9598153749976,,,,,x,1,4.372029165999265,None,parti1,001,2025-10-02_14h28.37.713,MotorSequenceLearning_NupurShah,,2025.1.1,120.37062114096888,2025-10-02 14h30.25.862269 +0530,
-50,x,179,179,43,x,1,0.9153348740073852,None,,,,,43,179,179,0,1164.9691443330084,,1164.9603229159984,1164.9691443330084,1165.9578838330053,1165.9578838330053,1165.9578838330053,1165.9578838330053,1165.965592624998,1166.9584640000103,1166.9584640000103,1167.876471791009,,,,,x,1,0.9153348740073852,None,parti1,001,2025-10-02_14h28.37.713,MotorSequenceLearning_NupurShah,,2025.1.1,120.37062114096888,2025-10-02 14h30.25.862269 +0530,
50,c,180,180,45,c,1,0.8596170410019113,None,,,,,45,180,180,2,1167.8861335410038,,1167.8769672080089,1167.8861335410038,1168.8751558330114,1168.8751558330114,1168.8751558330114,1168.8751558330114,1168.8829162500042,1169.8751407500095,1169.8751407500095,1170.7432138330041,,,,,c,1,0.8596170410019113,None,parti1,001,2025-10-02_14h28.37.713,MotorSequenceLearning_NupurShah,,2025.1.1,120.37062114096888,2025-10-02 14h30.25.862269 +0530,
-50,x,181,181,44,x,1,1.5910335829976248,None,,,,,44,181,181,0,1170.7536537080014,,1170.7438180000026,1170.7536537080014,1171.7418590410089,1171.7418590410089,1171.7418590410089,1171.7418590410089,1171.7492605000007,1172.7418130830047,1172.7418130830047,1174.3433207500057,,,,,x,1,1.5910335829976248,None,parti1,001,2025-10-02_14h28.37.713,MotorSequenceLearning_NupurShah,,2025.1.1,120.37062114096888,2025-10-02 14h30.25.862269 +0530,
-50,x,182,182,45,x,1,0.9519101240002783,None,,,,,45,182,182,0,1174.3530217500083,,1174.3438433330011,1174.3530217500083,1175.3413916249992,1175.3413916249992,1175.3413916249992,1175.3413916249992,1175.3492026660097,1176.3418668750091,1176.3418668750091,1177.3003563329985,,,,,x,1,0.9519101240002783,None,parti1,001,2025-10-02_14h28.37.713,MotorSequenceLearning_NupurShah,,2025.1.1,120.37062114096888,2025-10-02 14h30.25.862269 +0530,
-150,z,183,183,45,z,1,0.9316930000059074,None,,,,,45,183,183,3,1177.3253242909996,,1177.3009365000034,1177.3253242909996,1178.3011087080085,1178.3011087080085,1178.3011087080085,1178.3011087080085,1178.3169782909972,1179.2999980410095,1179.2999980410095,1180.2339222910086,,,,,z,1,0.9316930000059074,None,parti1,001,2025-10-02_14h28.37.713,MotorSequenceLearning_NupurShah,,2025.1.1,120.37062114096888,2025-10-02 14h30.25.862269 +0530,
50,c,184,184,46,c,1,1.051466207994963,None,,,,,46,184,184,2,1180.258774041009,,1180.2345042079978,1180.258774041009,1181.2368303749972,1181.2368303749972,1181.2368303749972,1181.2368303749972,1181.2594197080034,1182.2343327499984,1182.2343327499984,1183.2934803750104,,,,,c,1,1.051466207994963,None,parti1,001,2025-10-02_14h28.37.713,MotorSequenceLearning_NupurShah,,2025.1.1,120.37062114096888,2025-10-02 14h30.25.862269 +0530,
150,v,185,185,46,v,1,0.8675599990092451,None,,,,,46,185,185,1,1183.3029993750097,,1183.294061499997,1183.3029993750097,1184.2915379580081,1184.2915379580081,1184.2915379580081,1184.2915379580081,1184.2993394160003,1185.2919862910057,1185.2919862910057,1186.1668792080018,,,,,v,1,0.8675599990092451,None,parti1,001,2025-10-02_14h28.37.713,MotorSequenceLearning_NupurShah,,2025.1.1,120.37062114096888,2025-10-02 14h30.25.862269 +0530,
-150,z,186,186,46,z,1,1.4784809580014553,None,,,,,46,186,186,3,1186.1770773750031,,1186.1674191250058,1186.1770773750031,1187.1599805410078,1187.1599805410078,1187.1599805410078,1187.1599805410078,1187.168379958006,1188.16721616601,1188.16721616601,1189.6505563329993,,,,,z,1,1.4784809580014553,None,parti1,001,2025-10-02_14h28.37.713,MotorSequenceLearning_NupurShah,,2025.1.1,120.37062114096888,2025-10-02 14h30.25.862269 +0530,
-50,x,187,187,46,x,1,0.9666536239965353,None,,,,,46,187,187,0,1189.6608386660082,,1189.6510918330023,1189.6608386660082,1190.6511002909974,1190.6511002909974,1190.6511002909974,1190.6511002909974,1190.6590476660058,1191.6508510410058,1191.6508510410058,1192.626572166002,,,,,x,1,0.9666536239965353,None,parti1,001,2025-10-02_14h28.37.713,MotorSequenceLearning_NupurShah,,2025.1.1,120.37062114096888,2025-10-02 14h30.25.862269 +0530,
50,c,188,188,47,c,1,1.0842611249972833,None,,,,,47,188,188,2,1192.6363591660047,,1192.6270710410026,1192.6363591660047,1193.6178586660099,1193.6178586660099,1193.6178586660099,1193.6178586660099,1193.6334662080044,1194.6253937500005,1194.6253937500005,1195.7170867079985,,,,,c,1,1.0842611249972833,None,parti1,001,2025-10-02_14h28.37.713,MotorSequenceLearning_NupurShah,,2025.1.1,120.37062114096888,2025-10-02 14h30.25.862269 +0530,
150,v,189,189,47,v,1,1.404612458005431,None,,,,,47,189,189,1,1195.7271111660084,,1195.7175962910114,1195.7271111660084,1196.7094660410075,1196.7094660410075,1196.7094660410075,1196.7094660410075,1196.7171910000034,1197.7171110830095,1197.7171110830095,1199.126840708006,,,,,v,1,1.404612458005431,None,parti1,001,2025-10-02_14h28.37.713,MotorSequenceLearning_NupurShah,,2025.1.1,120.37062114096888,2025-10-02 14h30.25.862269 +0530,
150,v,190,190,48,v,1,1.1301285829977132,None,,,,,48,190,190,1,1199.1367853330012,,1199.1274022500002,1199.1367853330012,1200.1250039580045,1200.1250039580045,1200.1250039580045,1200.1250039580045,1200.1327697079978,1201.1255382910022,1201.1255382910022,1202.2599688330083,,,,,v,1,1.1301285829977132,None,parti1,001,2025-10-02_14h28.37.713,MotorSequenceLearning_NupurShah,,2025.1.1,120.37062114096888,2025-10-02 14h30.25.862269 +0530,
-150,z,191,191,47,z,1,0.9291818329948001,None,,,,,47,191,191,3,1202.2693247499992,,1202.260456916003,1202.2693247499992,1203.2511248750088,1203.2511248750088,1203.2511248750088,1203.2511248750088,1203.2663170830056,1204.2583885409986,1204.2583885409986,1205.192847875005,,,,,z,1,0.9291818329948001,None,parti1,001,2025-10-02_14h28.37.713,MotorSequenceLearning_NupurShah,,2025.1.1,120.37062114096888,2025-10-02 14h30.25.862269 +0530,
-150,z,192,192,48,z,1,0.8141084999952,None,,,,,48,192,192,3,1205.202141791,,1205.1933502080064,1205.202141791,1206.1845194159978,1206.1845194159978,1206.1845194159978,1206.1845194159978,1206.1923360830115,1207.1844127910008,1207.1844127910008,1208.0012402499997,,,,,z,1,0.8141084999952,None,parti1,001,2025-10-02_14h28.37.713,MotorSequenceLearning_NupurShah,,2025.1.1,120.37062114096888,2025-10-02 14h30.25.862269 +0530,
-150,z,193,193,49,z,1,0.8110021659958875,None,,,,,49,193,193,3,1208.0111255000083,,1208.0017447910068,1208.0111255000083,1209.002789457998,1209.002789457998,1209.002789457998,1209.002789457998,1209.0102201249974,1210.0005715000007,1210.0005715000007,1210.8174216250045,,,,,z,1,0.8110021659958875,None,parti1,001,2025-10-02_14h28.37.713,MotorSequenceLearning_NupurShah,,2025.1.1,120.37062114096888,2025-10-02 14h30.25.862269 +0530,
-50,x,194,194,47,x,1,0.913420083001256,None,,,,,47,194,194,0,1210.8270682080038,,1210.8179360409995,1210.8270682080038,1211.8178648330068,1211.8178648330068,1211.8178648330068,1211.8178648330068,1211.825719750006,1212.8090195000113,1212.8090195000113,1213.7266763329972,,,,,x,1,0.913420083001256,None,parti1,001,2025-10-02_14h28.37.713,MotorSequenceLearning_NupurShah,,2025.1.1,120.37062114096888,2025-10-02 14h30.25.862269 +0530,
50,c,195,195,48,c,1,0.34971020800003316,None,,,,,48,195,195,2,1213.73651245801,,1213.7271555000043,1213.73651245801,1214.717796249999,1214.717796249999,1214.717796249999,1214.717796249999,1214.7326706250024,1215.7167823330092,1215.7167823330092,1216.0770492500014,,,,,c,1,0.34971020800003316,None,parti1,001,2025-10-02_14h28.37.713,MotorSequenceLearning_NupurShah,,2025.1.1,120.37062114096888,2025-10-02 14h30.25.862269 +0530,
-50,x,196,196,48,x,1,0.8635606239986373,None,,,,,48,196,196,0,1216.0868772079994,,1216.077539040998,1216.0868772079994,1217.0758187910105,1217.0758187910105,1217.0758187910105,1217.0758187910105,1217.0835925830033,1218.0758050410077,1218.0758050410077,1218.9438695410063,,,,,x,1,0.8635606239986373,None,parti1,001,2025-10-02_14h28.37.713,MotorSequenceLearning_NupurShah,,2025.1.1,120.37062114096888,2025-10-02 14h30.25.862269 +0530,
150,v,197,197,49,v,1,0.7337687910039676,None,,,,,49,197,197,1,1218.9538577909989,,1218.944439333005,1218.9538577909989,1219.943642750004,1219.943642750004,1219.943642750004,1219.943642750004,1219.9506991250091,1220.9424179580092,1220.9424179580092,1221.6845084579982,,,,,v,1,0.7337687910039676,None,parti1,001,2025-10-02_14h28.37.713,MotorSequenceLearning_NupurShah,,2025.1.1,120.37062114096888,2025-10-02 14h30.25.862269 +0530,
50,c,198,198,49,c,1,0.8923362499917857,None,,,,,49,198,198,2,1221.6946529580018,,1221.685005457999,1221.6946529580018,1222.68485354101,1222.68485354101,1222.68485354101,1222.68485354101,1222.693162458003,1223.6839711250068,1223.6839711250068,1224.5848190000106,,,,,c,1,0.8923362499917857,None,parti1,001,2025-10-02_14h28.37.713,MotorSequenceLearning_NupurShah,,2025.1.1,120.37062114096888,2025-10-02 14h30.25.862269 +0530,
-50,x,199,199,49,x,1,0.7842390829900978,None,,,,,49,199,199,0,1224.6094390000071,,1224.5853157500096,1224.6094390000071,1225.5850964580022,1225.5850964580022,1225.5850964580022,1225.5850964580022,1225.600849541006,1226.5839950829977,1226.5839950829977,1227.3771396660013,,,,,x,1,0.7842390829900978,None,parti1,001,2025-10-02_14h28.37.713,MotorSequenceLearning_NupurShah,,2025.1.1,120.37062114096888,2025-10-02 14h30.25.862269 +0530,
