pos,corr_resp,thisN,thisTrialN,thisRepN,key_resp.keys,key_resp.corr,key_resp.rt,key_resp.duration,trials.thisRepN,trials.thisTrialN,trials.thisN,trials.thisIndex,trials_2.thisRepN,trials_2.thisTrialN,trials_2.thisN,trials_2.thisIndex,thisRow.t,notes,trial.started,fixation.started,line1.started,line2.started,line3.started,line4.started,fixation.stopped,probe.started,key_resp.started,trial.stopped,trials.key_resp.keys,trials.key_resp.corr,trials.key_resp.rt,trials.key_resp.duration,trials_2.key_resp.keys,trials_2.key_resp.corr,trials_2.key_resp.rt,trials_2.key_resp.duration,participant,session,date,expName,expVersion,psychopyVersion,frameRate,expStart,
-50,x,0,0,0,x,1,4.798716499004513,None,0,0,0,0,,,,,0.037337540998123586,,0.029851708008209243,0.037337540998123586,1.0097342079970986,1.0097342079970986,1.0097342079970986,1.0097342079970986,1.0329727080097655,1.9928068750014063,1.9928068750014063,7.032815416008816,x,1,4.798716499004513,None,,,,,parti2,001,2025-10-02_15h11.06.451,MotorSequenceLearning_NupurShah,,2025.1.1,119.29573714860963,2025-10-02 15h11.40.196533 +0530,
150,v,1,1,0,v,1,2.165104956991854,None,0,1,1,1,,,,,7.047630415996537,,7.033091332996264,7.047630415996537,8.024852750007994,8.024852750007994,8.024852750007994,8.024852750007994,8.04048095800681,9.02514525000879,9.02514525000879,11.20126658299705,v,1,2.165104956991854,None,,,,,parti2,001,2025-10-02_15h11.06.451,MotorSequenceLearning_NupurShah,,2025.1.1,119.29573714860963,2025-10-02 15h11.40.196533 +0530,
50,c,2,2,0,c,1,0.7455649160110625,None,0,2,2,2,,,,,11.21185616600269,,11.201943624997512,11.21185616600269,12.199741208009073,12.199741208009073,12.199741208009073,12.199741208009073,12.207369416006259,13.199751874999492,13.199751874999492,13.951474500005133,c,1,0.7455649160110625,None,,,,,parti2,001,2025-10-02_15h11.06.451,MotorSequenceLearning_NupurShah,,2025.1.1,119.29573714860963,2025-10-02 15h11.40.196533 +0530,
-150,z,3,3,0,z,1,0.7254889989999356,None,0,3,3,3,,,,,13.962238457999774,,13.952141791000031,13.962238457999774,14.94931587499741,14.94931587499741,14.94931587499741,14.94931587499741,14.957661666005151,15.949714957998367,15.949714957998367,16.684317791005014,z,1,0.7254889989999356,None,,,,,parti2,001,2025-10-02_15h11.06.451,MotorSequenceLearning_NupurShah,,2025.1.1,119.29573714860963,2025-10-02 15h11.40.196533 +0530,
-50,x,4,0,1,x,1,0.3192776240030071,None,1,0,4,0,,,,,16.694278625000152,,16.684835291001946,16.694278625000152,17.675539000003482,17.675539000003482,17.675539000003482,17.675539000003482,17.69088679100969,18.68312812500517,18.68312812500517,19.00804208300542,x,1,0.3192776240030071,None,,,,,parti2,001,2025-10-02_15h11.06.451,MotorSequenceLearning_NupurShah,,2025.1.1,119.29573714860963,2025-10-02 15h11.40.196533 +0530,
150,v,5,1,1,v,1,0.27166316600050777,None,1,1,5,1,,,,,19.017642833001446,,19.008439541008556,19.017642833001446,19.999963833004585,19.999963833004585,19.999963833004585,19.999963833004585,20.016588708007475,21.008609458003775,21.008609458003775,21.284459458009223,v,1,0.27166316600050777,None,,,,,parti2,001,2025-10-02_15h11.06.451,MotorSequenceLearning_NupurShah,,2025.1.1,119.29573714860963,2025-10-02 15h11.40.196533 +0530,
50,c,6,2,1,c,1,0.19572933300514705,None,1,2,6,2,,,,,21.29479183300282,,21.285072291007964,21.29479183300282,22.27603641600581,22.27603641600581,22.27603641600581,22.27603641600581,22.291552624999895,23.275613791003707,23.275613791003707,23.475585374995717,c,1,0.19572933300514705,None,,,,,parti2,001,2025-10-02_15h11.06.451,MotorSequenceLearning_NupurShah,,2025.1.1,119.29573714860963,2025-10-02 15h11.40.196533 +0530,
-150,z,7,3,1,z,1,0.28438808300415985,None,1,3,7,3,,,,,23.500077625009,,23.476193416005117,23.500077625009,24.475609291010187,24.475609291010187,24.475609291010187,24.475609291010187,24.491150625006412,25.47487083300075,25.47487083300075,25.76829129100952,z,1,0.28438808300415985,None,,,,,parti2,001,2025-10-02_15h11.06.451,MotorSequenceLearning_NupurShah,,2025.1.1,119.29573714860963,2025-10-02 15h11.40.196533 +0530,
-50,x,8,0,2,x,1,1.111249082008726,None,2,0,8,0,,,,,25.77849170799891,,25.76886920799734,25.77849170799891,26.766708249997464,26.766708249997464,26.766708249997464,26.766708249997464,26.774311333007063,27.7661865830014,27.7661865830014,28.884788666007807,x,1,1.111249082008726,None,,,,,parti2,001,2025-10-02_15h11.06.451,MotorSequenceLearning_NupurShah,,2025.1.1,119.29573714860963,2025-10-02 15h11.40.196533 +0530,
150,v,9,1,2,v,1,0.3258847079996485,None,2,1,9,1,,,,,28.895108708005864,,28.885339333006414,28.895108708005864,29.882850583002437,29.882850583002437,29.882850583002437,29.882850583002437,29.890134041008423,30.883342415996594,30.883342415996594,31.217808665998746,v,1,0.3258847079996485,None,,,,,parti2,001,2025-10-02_15h11.06.451,MotorSequenceLearning_NupurShah,,2025.1.1,119.29573714860963,2025-10-02 15h11.40.196533 +0530,
50,c,10,2,2,c,1,0.2739241239905823,None,2,2,10,2,,,,,31.22753770800773,,31.218482791009592,31.22753770800773,32.20911770800012,32.20911770800012,32.20911770800012,32.20911770800012,32.224299082998186,33.21631379101018,33.21631379101018,33.49207395799749,c,1,0.2739241239905823,None,,,,,parti2,001,2025-10-02_15h11.06.451,MotorSequenceLearning_NupurShah,,2025.1.1,119.29573714860963,2025-10-02 15h11.40.196533 +0530,
-150,z,11,3,2,z,1,0.2868432910036063,None,2,3,11,3,,,,,33.50216770800762,,33.49257641599979,33.50216770800762,34.4836376660096,34.4836376660096,34.4836376660096,34.4836376660096,34.50018008300685,35.48345412500203,35.48345412500203,35.77552558299794,z,1,0.2868432910036063,None,,,,,parti2,001,2025-10-02_15h11.06.451,MotorSequenceLearning_NupurShah,,2025.1.1,119.29573714860963,2025-10-02 15h11.40.196533 +0530,
-50,x,12,0,3,x,1,0.5528033750015311,None,3,0,12,0,,,,,35.785444082997856,,35.77605008300452,35.785444082997856,36.77561420800339,36.77561420800339,36.77561420800339,36.77561420800339,36.7830702909996,37.77460925000196,37.77460925000196,38.33495141600724,x,1,0.5528033750015311,None,,,,,parti2,001,2025-10-02_15h11.06.451,MotorSequenceLearning_NupurShah,,2025.1.1,119.29573714860963,2025-10-02 15h11.40.196533 +0530,
150,v,13,1,3,v,1,0.748703833000036,None,3,1,13,1,,,,,38.344814458003384,,38.33546175000083,38.344814458003384,39.33319216599921,39.33319216599921,39.33319216599921,39.33319216599921,39.341363790998,40.333614999995916,40.333614999995916,41.08498325000983,v,1,0.748703833000036,None,,,,,parti2,001,2025-10-02_15h11.06.451,MotorSequenceLearning_NupurShah,,2025.1.1,119.29573714860963,2025-10-02 15h11.40.196533 +0530,
50,c,14,2,3,c,1,0.32210187400050927,None,3,2,14,2,,,,,41.09498475000146,,41.08548708300805,41.09498475000146,42.08361837500706,42.08361837500706,42.08361837500706,42.08361837500706,42.091383291000966,43.083143041003495,43.083143041003495,43.40975204099959,c,1,0.32210187400050927,None,,,,,parti2,001,2025-10-02_15h11.06.451,MotorSequenceLearning_NupurShah,,2025.1.1,119.29573714860963,2025-10-02 15h11.40.196533 +0530,
-150,z,15,3,3,z,1,0.34016879100818187,None,3,3,15,3,,,,,43.420773125006235,,43.41032779100351,43.420773125006235,44.40854241600027,44.40854241600027,44.40854241600027,44.40854241600027,44.417002791000414,45.409103708007024,45.409103708007024,45.75210358299955,z,1,0.34016879100818187,None,,,,,parti2,001,2025-10-02_15h11.06.451,MotorSequenceLearning_NupurShah,,2025.1.1,119.29573714860963,2025-10-02 15h11.40.196533 +0530,
-50,x,16,0,4,x,1,0.7842672080005286,None,4,0,16,0,,,,,45.76209849999577,,45.75287733299774,45.76209849999577,46.75047783300397,46.75047783300397,46.75047783300397,46.75047783300397,46.75806708300661,47.74981720800861,47.74981720800861,48.542759832998854,x,1,0.7842672080005286,None,,,,,parti2,001,2025-10-02_15h11.06.451,MotorSequenceLearning_NupurShah,,2025.1.1,119.29573714860963,2025-10-02 15h11.40.196533 +0530,
150,v,17,1,4,v,1,0.8304809160035802,None,4,1,17,1,,,,,48.553065375002916,,48.54338149999967,48.553065375002916,49.54306183299923,49.54306183299923,49.54306183299923,49.54306183299923,49.551100083001074,50.54174904100364,50.54174904100364,51.37528233299963,v,1,0.8304809160035802,None,,,,,parti2,001,2025-10-02_15h11.06.451,MotorSequenceLearning_NupurShah,,2025.1.1,119.29573714860963,2025-10-02 15h11.40.196533 +0530,
50,c,18,2,4,c,1,2.456824624998262,None,4,2,18,2,,,,,51.38527087500552,,51.375780707996455,51.38527087500552,52.37591391601018,52.37591391601018,52.37591391601018,52.37591391601018,52.38381520799885,53.37592766599846,53.37592766599846,55.83523679099744,c,1,2.456824624998262,None,,,,,parti2,001,2025-10-02_15h11.06.451,MotorSequenceLearning_NupurShah,,2025.1.1,119.29573714860963,2025-10-02 15h11.40.196533 +0530,
-150,z,19,3,4,z,1,0.9136337489908328,None,4,3,19,3,,,,,55.84486620800453,,55.83575620800548,55.84486620800453,56.833855750010116,56.833855750010116,56.833855750010116,56.833855750010116,56.84146700000565,57.834243040997535,57.834243040997535,58.75168545800261,z,1,0.9136337489908328,None,,,,,parti2,001,2025-10-02_15h11.06.451,MotorSequenceLearning_NupurShah,,2025.1.1,119.29573714860963,2025-10-02 15h11.40.196533 +0530,
-50,x,20,0,5,x,1,1.1199772490072064,None,5,0,20,0,,,,,58.761308041008306,,58.75217162500485,58.761308041008306,59.75087600000552,59.75087600000552,59.75087600000552,59.75087600000552,59.75908641600108,60.742052875008085,60.742052875008085,61.86882533300377,x,1,1.1199772490072064,None,,,,,parti2,001,2025-10-02_15h11.06.451,MotorSequenceLearning_NupurShah,,2025.1.1,119.29573714860963,2025-10-02 15h11.40.196533 +0530,
150,v,21,1,5,v,1,0.6834360409993678,None,5,1,21,1,,,,,61.879295582999475,,61.86941258300794,61.879295582999475,62.8668056250026,62.8668056250026,62.8668056250026,62.8668056250026,62.87446025000827,63.86732566599676,63.86732566599676,64.55194800000754,v,1,0.6834360409993678,None,,,,,parti2,001,2025-10-02_15h11.06.451,MotorSequenceLearning_NupurShah,,2025.1.1,119.29573714860963,2025-10-02 15h11.40.196533 +0530,
50,c,22,2,5,c,1,0.28318062401376665,None,5,2,22,2,,,,,64.55844779100153,,64.55244245800714,64.55844779100153,65.5501647080091,65.5501647080091,65.5501647080091,65.5501647080091,65.5501647080091,66.55068858299637,66.55068858299637,66.8423177079967,c,1,0.28318062401376665,None,,,,,parti2,001,2025-10-02_15h11.06.451,MotorSequenceLearning_NupurShah,,2025.1.1,119.29573714860963,2025-10-02 15h11.40.196533 +0530,
-150,z,23,3,5,z,1,0.33683154100435786,None,5,3,23,3,,,,,66.85208037499979,,66.84281166600704,66.85208037499979,67.84261116600828,67.84261116600828,67.84261116600828,67.84261116600828,67.85083308300818,68.8340644580021,68.8340644580021,69.1761757080094,z,1,0.33683154100435786,None,,,,,parti2,001,2025-10-02_15h11.06.451,MotorSequenceLearning_NupurShah,,2025.1.1,119.29573714860963,2025-10-02 15h11.40.196533 +0530,
-50,x,24,0,6,x,1,0.26853112400567625,None,6,0,24,0,,,,,69.18606087499938,,69.17664470800082,69.18606087499938,70.17656383299618,70.17656383299618,70.17656383299618,70.17656383299618,70.1846002079983,71.1752257909975,71.1752257909975,71.45191350000096,x,1,0.26853112400567625,None,,,,,parti2,001,2025-10-02_15h11.06.451,MotorSequenceLearning_NupurShah,,2025.1.1,119.29573714860963,2025-10-02 15h11.40.196533 +0530,
150,v,25,1,6,v,1,0.3045788330055075,None,6,1,25,1,,,,,71.46152629100834,,71.45238770800643,71.46152629100834,72.4431626250007,72.4431626250007,72.4431626250007,72.4431626250007,72.457869165999,73.44227120799769,73.44227120799769,73.75189091599896,v,1,0.3045788330055075,None,,,,,parti2,001,2025-10-02_15h11.06.451,MotorSequenceLearning_NupurShah,,2025.1.1,119.29573714860963,2025-10-02 15h11.40.196533 +0530,
50,c,26,2,6,c,1,0.43269983198842965,None,6,2,26,2,,,,,73.76151529100025,,73.75235529099882,73.76151529100025,74.74333620800462,74.74333620800462,74.74333620800462,74.74333620800462,74.75908333300322,75.74309437500779,75.74309437500779,76.18602091600769,c,1,0.43269983198842965,None,,,,,parti2,001,2025-10-02_15h11.06.451,MotorSequenceLearning_NupurShah,,2025.1.1,119.29573714860963,2025-10-02 15h11.40.196533 +0530,
-150,z,27,3,6,z,1,0.3366427080036374,None,6,3,27,3,,,,,76.21037166600581,,76.18656312499661,76.21037166600581,77.18419629099662,77.18419629099662,77.18419629099662,77.18419629099662,77.20844499999657,78.18421695800498,78.18421695800498,78.5260131249961,z,1,0.3366427080036374,None,,,,,parti2,001,2025-10-02_15h11.06.451,MotorSequenceLearning_NupurShah,,2025.1.1,119.29573714860963,2025-10-02 15h11.40.196533 +0530,
-50,x,28,0,7,x,1,0.3016002489894163,None,7,0,28,0,,,,,78.53635983300046,,78.5265304580098,78.53635983300046,79.52662920800503,79.52662920800503,79.52662920800503,79.52662920800503,79.53438450000249,80.51709166599903,80.51709166599903,80.82585908300825,x,1,0.3016002489894163,None,,,,,parti2,001,2025-10-02_15h11.06.451,MotorSequenceLearning_NupurShah,,2025.1.1,119.29573714860963,2025-10-02 15h11.40.196533 +0530,
150,v,29,1,7,v,1,1.0752297909930348,None,7,1,29,1,,,,,80.83618445800676,,80.82637016600347,80.83618445800676,81.82708133300184,81.82708133300184,81.82708133300184,81.82708133300184,81.83507762500085,82.8264161249972,82.8264161249972,83.91001337500347,v,1,1.0752297909930348,None,,,,,parti2,001,2025-10-02_15h11.06.451,MotorSequenceLearning_NupurShah,,2025.1.1,119.29573714860963,2025-10-02 15h11.40.196533 +0530,
50,c,30,2,7,c,1,0.26690912400954403,None,7,2,30,2,,,,,83.91979454099783,,83.91050808300497,83.91979454099783,84.90981433300476,84.90981433300476,84.90981433300476,84.90981433300476,84.91794495799695,85.90993595799955,85.90993595799955,86.18573625000136,c,1,0.26690912400954403,None,,,,,parti2,001,2025-10-02_15h11.06.451,MotorSequenceLearning_NupurShah,,2025.1.1,119.29573714860963,2025-10-02 15h11.40.196533 +0530,
-150,z,31,3,7,z,1,0.5230392910016235,None,7,3,31,3,,,,,86.19481904100394,,86.18623525000294,86.19481904100394,87.18438933300786,87.18438933300786,87.18438933300786,87.18438933300786,87.19170620800287,88.18384787499963,88.18384787499963,88.70971937500872,z,1,0.5230392910016235,None,,,,,parti2,001,2025-10-02_15h11.06.451,MotorSequenceLearning_NupurShah,,2025.1.1,119.29573714860963,2025-10-02 15h11.40.196533 +0530,
-50,x,32,0,8,x,1,2.419256207998842,None,8,0,32,0,,,,,88.71998429100495,,88.71025204099715,88.71998429100495,89.71056404100091,89.71056404100091,89.71056404100091,89.71056404100091,89.7186651660013,90.70959158299956,90.70959158299956,93.13635766600783,x,1,2.419256207998842,None,,,,,parti2,001,2025-10-02_15h11.06.451,MotorSequenceLearning_NupurShah,,2025.1.1,119.29573714860963,2025-10-02 15h11.40.196533 +0530,
150,v,33,1,8,v,1,0.3240032909961883,None,8,1,33,1,,,,,93.14721204100351,,93.1369671660068,93.14721204100351,94.1346540000086,94.1346540000086,94.1346540000086,94.1346540000086,94.14240445800533,95.13481687499734,95.13481687499734,95.46948050000356,v,1,0.3240032909961883,None,,,,,parti2,001,2025-10-02_15h11.06.451,MotorSequenceLearning_NupurShah,,2025.1.1,119.29573714860963,2025-10-02 15h11.40.196533 +0530,
50,c,34,2,8,c,1,0.43418091599596664,None,8,2,34,2,,,,,95.4795517080056,,95.47014425000816,95.4795517080056,96.46818166600133,96.46818166600133,96.46818166600133,96.46818166600133,96.47577750000346,97.46750133299793,97.46750133299793,97.91025575000094,c,1,0.43418091599596664,None,,,,,parti2,001,2025-10-02_15h11.06.451,MotorSequenceLearning_NupurShah,,2025.1.1,119.29573714860963,2025-10-02 15h11.40.196533 +0530,
-150,z,35,3,8,z,1,0.3724751660047332,None,8,3,35,3,,,,,97.93473933300993,,97.91078837499663,97.93473933300993,98.91032037499826,98.91032037499826,98.91032037499826,98.91032037499826,98.92593595800281,99.90928670800349,99.90928670800349,100.28594179100764,z,1,0.3724751660047332,None,,,,,parti2,001,2025-10-02_15h11.06.451,MotorSequenceLearning_NupurShah,,2025.1.1,119.29573714860963,2025-10-02 15h11.40.196533 +0530,
-50,x,36,0,9,x,1,1.4433170830016024,None,9,0,36,0,,,,,100.29623558300955,,100.28659745800542,100.29623558300955,101.28416216600453,101.28416216600453,101.28416216600453,101.28416216600453,101.29179950000253,102.28462166599638,102.28462166599638,103.73621866600297,x,1,1.4433170830016024,None,,,,,parti2,001,2025-10-02_15h11.06.451,MotorSequenceLearning_NupurShah,,2025.1.1,119.29573714860963,2025-10-02 15h11.40.196533 +0530,
150,v,37,1,9,v,1,0.34796283300966024,None,9,1,37,1,,,,,103.74585070800094,,103.73670308300643,103.74585070800094,104.7346869160101,104.7346869160101,104.7346869160101,104.7346869160101,104.74243412500073,105.73471345800499,105.73471345800499,106.08592016600596,v,1,0.34796283300966024,None,,,,,parti2,001,2025-10-02_15h11.06.451,MotorSequenceLearning_NupurShah,,2025.1.1,119.29573714860963,2025-10-02 15h11.40.196533 +0530,
50,c,38,2,9,c,1,1.3385507909988519,None,9,2,38,2,,,,,106.09559883300972,,106.0864252080064,106.09559883300972,107.08472100000654,107.08472100000654,107.08472100000654,107.08472100000654,107.09205370800919,108.08421016600914,108.08421016600914,109.42662774999917,c,1,1.3385507909988519,None,,,,,parti2,001,2025-10-02_15h11.06.451,MotorSequenceLearning_NupurShah,,2025.1.1,119.29573714860963,2025-10-02 15h11.40.196533 +0530,
-150,z,39,3,9,z,1,1.7167819989990676,None,9,3,39,3,,,,,109.45162300000084,,109.42722379100451,109.45162300000084,110.42736800000421,110.42736800000421,110.42736800000421,110.42736800000421,110.44324458300252,111.41803829099808,111.41803829099808,113.13641683300375,z,1,1.7167819989990676,None,,,,,parti2,001,2025-10-02_15h11.06.451,MotorSequenceLearning_NupurShah,,2025.1.1,119.29573714860963,2025-10-02 15h11.40.196533 +0530,
-50,x,40,0,10,x,1,2.0100178319989936,None,10,0,40,0,,,,,113.14683620800497,,113.13702295800613,113.14683620800497,114.13495929099736,114.13495929099736,114.13495929099736,114.13495929099736,114.14334249999956,115.1348367909959,115.1348367909959,117.15298120799707,x,1,2.0100178319989936,None,,,,,parti2,001,2025-10-02_15h11.06.451,MotorSequenceLearning_NupurShah,,2025.1.1,119.29573714860963,2025-10-02 15h11.40.196533 +0530,
150,v,41,1,10,v,1,1.7917837080021854,None,10,1,41,1,,,,,117.16224337500171,,117.15349270800652,117.16224337500171,118.15108379100275,118.15108379100275,118.15108379100275,118.15108379100275,118.15873408300104,119.15185737500724,119.15185737500724,120.95302054099739,v,1,1.7917837080021854,None,,,,,parti2,001,2025-10-02_15h11.06.451,MotorSequenceLearning_NupurShah,,2025.1.1,119.29573714860963,2025-10-02 15h11.40.196533 +0530,
50,c,42,2,10,c,1,1.7917517080059042,None,10,2,42,2,,,,,120.96260845800862,,120.95351204100007,120.96260845800862,121.94359716599865,121.94359716599865,121.94359716599865,121.94359716599865,121.95868391600379,122.95186875000945,122.95186875000945,124.75340620800853,c,1,1.7917517080059042,None,,,,,parti2,001,2025-10-02_15h11.06.451,MotorSequenceLearning_NupurShah,,2025.1.1,119.29573714860963,2025-10-02 15h11.40.196533 +0530,
-150,z,43,3,10,z,1,1.94806745700771,None,10,3,43,3,,,,,124.76318020799954,,124.75401937500283,124.76318020799954,125.75216699999874,125.75216699999874,125.75216699999874,125.75216699999874,125.7598085829959,126.75164220800798,126.75164220800798,128.7029665000009,z,1,1.94806745700771,None,,,,,parti2,001,2025-10-02_15h11.06.451,MotorSequenceLearning_NupurShah,,2025.1.1,119.29573714860963,2025-10-02 15h11.40.196533 +0530,
-50,x,44,0,11,x,1,1.0291268329892773,None,11,0,44,0,,,,,128.71224887500284,,128.70345970800554,128.71224887500284,129.70134487500763,129.70134487500763,129.70134487500763,129.70134487500763,129.70917141600512,130.69459095800994,130.69459095800994,131.7267149160034,x,1,1.0291268329892773,None,,,,,parti2,001,2025-10-02_15h11.06.451,MotorSequenceLearning_NupurShah,,2025.1.1,119.29573714860963,2025-10-02 15h11.40.196533 +0530,
150,v,45,1,11,v,1,1.5727729159989394,None,11,1,45,1,,,,,131.7365810409974,,131.72719862499798,131.7365810409974,132.7199316250044,132.7199316250044,132.7199316250044,132.7199316250044,132.7276133330015,133.71796750000794,133.71796750000794,135.29377954099618,v,1,1.5727729159989394,None,,,,,parti2,001,2025-10-02_15h11.06.451,MotorSequenceLearning_NupurShah,,2025.1.1,119.29573714860963,2025-10-02 15h11.40.196533 +0530,
50,c,46,2,11,c,1,1.823745374000282,None,11,2,46,2,,,,,135.3040604160051,,135.29430841600697,135.3040604160051,136.29435766600363,136.29435766600363,136.29435766600363,136.29435766600363,136.30211770800815,137.29285820800578,137.29285820800578,139.12005733299884,c,1,1.823745374000282,None,,,,,parti2,001,2025-10-02_15h11.06.451,MotorSequenceLearning_NupurShah,,2025.1.1,119.29573714860963,2025-10-02 15h11.40.196533 +0530,
-150,z,47,3,11,z,1,1.782047708009486,None,11,3,47,3,,,,,139.13000912500138,,139.12058487499598,139.13000912500138,140.1187528330047,140.1187528330047,140.1187528330047,140.1187528330047,140.12728050000442,141.11861195800884,141.11861195800884,142.90272758300125,z,1,1.782047708009486,None,,,,,parti2,001,2025-10-02_15h11.06.451,MotorSequenceLearning_NupurShah,,2025.1.1,119.29573714860963,2025-10-02 15h11.40.196533 +0530,
-50,x,48,0,12,x,1,2.041422249007155,None,12,0,48,0,,,,,142.91237037500832,,142.90325575000315,142.91237037500832,143.89427320800314,143.89427320800314,143.89427320800314,143.89427320800314,143.9096217500046,144.89412550000998,144.89412550000998,146.9442052910017,x,1,2.041422249007155,None,,,,,parti2,001,2025-10-02_15h11.06.451,MotorSequenceLearning_NupurShah,,2025.1.1,119.29573714860963,2025-10-02 15h11.40.196533 +0530,
150,v,49,1,12,v,1,1.0904243330005556,None,12,1,49,1,,,,,146.96894720800628,,146.9447245409974,146.96894720800628,147.9461355000094,147.9461355000094,147.9461355000094,147.9461355000094,147.96930466599588,148.94310866600426,148.94310866600426,150.03656666600727,v,1,1.0904243330005556,None,,,,,parti2,001,2025-10-02_15h11.06.451,MotorSequenceLearning_NupurShah,,2025.1.1,119.29573714860963,2025-10-02 15h11.40.196533 +0530,
50,c,50,2,12,c,1,1.4838439989980543,None,12,2,50,2,,,,,150.0460144999961,,150.03705691600044,150.0460144999961,151.02798291599902,151.02798291599902,151.02798291599902,151.02798291599902,151.04353829100728,152.02762741599872,152.02762741599872,153.52008204101003,c,1,1.4838439989980543,None,,,,,parti2,001,2025-10-02_15h11.06.451,MotorSequenceLearning_NupurShah,,2025.1.1,119.29573714860963,2025-10-02 15h11.40.196533 +0530,
-150,z,51,3,12,z,1,1.306690666009672,None,12,3,51,3,,,,,153.53005541600578,,153.52060620799602,153.53005541600578,154.5182780000032,154.5182780000032,154.5182780000032,154.5182780000032,154.52544187499734,155.51880233299744,155.51880233299744,156.82722191599896,z,1,1.306690666009672,None,,,,,parti2,001,2025-10-02_15h11.06.451,MotorSequenceLearning_NupurShah,,2025.1.1,119.29573714860963,2025-10-02 15h11.40.196533 +0530,
-50,x,52,0,13,x,1,0.6964644580002641,None,13,0,52,0,,,,,156.83554233300674,,156.8277178749995,156.83554233300674,157.82808495800418,157.82808495800418,157.82808495800418,157.82808495800418,157.82808495800418,158.82706691599742,158.82706691599742,159.52783529100998,x,1,0.6964644580002641,None,,,,,parti2,001,2025-10-02_15h11.06.451,MotorSequenceLearning_NupurShah,,2025.1.1,119.29573714860963,2025-10-02 15h11.40.196533 +0530,
150,v,53,1,13,v,1,0.44272349899983965,None,13,1,53,1,,,,,159.53762308300065,,159.5283184160071,159.53762308300065,160.5275252499996,160.5275252499996,160.5275252499996,160.5275252499996,160.53558145799616,161.52760337499785,161.52760337499785,161.97771400000784,v,1,0.44272349899983965,None,,,,,parti2,001,2025-10-02_15h11.06.451,MotorSequenceLearning_NupurShah,,2025.1.1,119.29573714860963,2025-10-02 15h11.40.196533 +0530,
50,c,54,2,13,c,1,0.33898016599414404,None,13,2,54,2,,,,,161.9878545410029,,161.9781995000085,161.9878545410029,162.9778892500035,162.9778892500035,162.9778892500035,162.9778892500035,162.98575937500573,163.97647566600062,163.97647566600062,164.32070679099706,c,1,0.33898016599414404,None,,,,,parti2,001,2025-10-02_15h11.06.451,MotorSequenceLearning_NupurShah,,2025.1.1,119.29573714860963,2025-10-02 15h11.40.196533 +0530,
-150,z,55,3,13,z,1,0.3935382910131011,None,13,3,55,3,,,,,164.33112966599583,,164.3213783329993,164.33112966599583,165.31915312500496,165.31915312500496,165.31915312500496,165.31915312500496,165.32680637500016,166.31901004099927,166.31901004099927,166.72065316600492,z,1,0.3935382910131011,None,,,,,parti2,001,2025-10-02_15h11.06.451,MotorSequenceLearning_NupurShah,,2025.1.1,119.29573714860963,2025-10-02 15h11.40.196533 +0530,
-50,x,56,0,14,x,1,0.34932112399837933,None,14,0,56,0,,,,,166.7307860830042,,166.721226958005,166.7307860830042,167.71847824999713,167.71847824999713,167.71847824999713,167.71847824999713,167.72605120801018,168.71903462499904,168.71903462499904,169.06994633300928,x,1,0.34932112399837933,None,,,,,parti2,001,2025-10-02_15h11.06.451,MotorSequenceLearning_NupurShah,,2025.1.1,119.29573714860963,2025-10-02 15h11.40.196533 +0530,
150,v,57,1,14,v,1,0.36002370799542405,None,14,1,57,1,,,,,169.08001570800843,,169.07047025000793,169.08001570800843,170.0611326250073,170.0611326250073,170.0611326250073,170.0611326250073,170.07677845800936,171.06132762500783,171.06132762500783,171.42815962500754,v,1,0.36002370799542405,None,,,,,parti2,001,2025-10-02_15h11.06.451,MotorSequenceLearning_NupurShah,,2025.1.1,119.29573714860963,2025-10-02 15h11.40.196533 +0530,
50,c,58,2,14,c,1,0.7161985830025515,None,14,2,58,2,,,,,171.43790133300354,,171.4286724160047,171.43790133300354,172.42777712500538,172.42777712500538,172.42777712500538,172.42777712500538,172.43589954100025,173.4271672909963,173.4271672909963,174.15379562499584,c,1,0.7161985830025515,None,,,,,parti2,001,2025-10-02_15h11.06.451,MotorSequenceLearning_NupurShah,,2025.1.1,119.29573714860963,2025-10-02 15h11.40.196533 +0530,
-150,z,59,3,14,z,1,1.385408375004772,None,14,3,59,3,,,,,174.16320166600053,,174.15428258299653,174.16320166600053,175.15206208299787,175.15206208299787,175.15206208299787,175.15206208299787,175.15974716600613,176.15189233300043,176.15189233300043,177.5443755830056,z,1,1.385408375004772,None,,,,,parti2,001,2025-10-02_15h11.06.451,MotorSequenceLearning_NupurShah,,2025.1.1,119.29573714860963,2025-10-02 15h11.40.196533 +0530,
-50,x,60,0,15,x,1,0.8670251659932546,None,15,0,60,0,,,,,177.55453645800299,,177.54486866600928,177.55453645800299,178.54503412499616,178.54503412499616,178.54503412499616,178.54503412499616,178.5531236250099,179.54331733300933,179.54331733300933,180.42069162499683,x,1,0.8670251659932546,None,,,,,parti2,001,2025-10-02_15h11.06.451,MotorSequenceLearning_NupurShah,,2025.1.1,119.29573714860963,2025-10-02 15h11.40.196533 +0530,
150,v,61,1,15,v,1,0.41807241599599365,None,15,1,61,1,,,,,180.43007800000487,,180.4212042500003,180.43007800000487,181.41927616600879,181.41927616600879,181.41927616600879,181.41927616600879,181.42669620800007,182.41923362499801,182.41923362499801,182.84308962500654,v,1,0.41807241599599365,None,,,,,parti2,001,2025-10-02_15h11.06.451,MotorSequenceLearning_NupurShah,,2025.1.1,119.29573714860963,2025-10-02 15h11.40.196533 +0530,
50,c,62,2,15,c,1,0.3673083750036312,None,15,2,62,2,,,,,182.85335683300218,,182.8435977909976,182.85335683300218,183.8359164160065,183.8359164160065,183.8359164160065,183.8359164160065,183.84327729100187,184.83592041600787,184.83592041600787,185.21073387500655,c,1,0.3673083750036312,None,,,,,parti2,001,2025-10-02_15h11.06.451,MotorSequenceLearning_NupurShah,,2025.1.1,119.29573714860963,2025-10-02 15h11.40.196533 +0530,
-150,z,63,3,15,z,1,0.3128499160084175,None,15,3,63,3,,,,,185.22053116600728,,185.21122399999877,185.22053116600728,186.20268000000215,186.20268000000215,186.20268000000215,186.20268000000215,186.21881158300675,187.20260683300148,187.20260683300148,187.52088250000088,z,1,0.3128499160084175,None,,,,,parti2,001,2025-10-02_15h11.06.451,MotorSequenceLearning_NupurShah,,2025.1.1,119.29573714860963,2025-10-02 15h11.40.196533 +0530,
-50,x,64,0,16,x,1,0.691003541011014,None,16,0,64,0,,,,,187.5312945409969,,187.521464999998,187.5312945409969,188.51888362500176,188.51888362500176,188.51888362500176,188.51888362500176,188.52661962500133,189.51929966600437,189.51929966600437,190.22083250001015,x,1,0.691003541011014,None,,,,,parti2,001,2025-10-02_15h11.06.451,MotorSequenceLearning_NupurShah,,2025.1.1,119.29573714860963,2025-10-02 15h11.40.196533 +0530,
150,v,65,1,16,v,1,1.1139614989951951,None,16,1,65,1,,,,,190.23023666600056,,190.22132900000724,190.23023666600056,191.21887112500553,191.21887112500553,191.21887112500553,191.21887112500553,191.22648604100686,192.21947020800144,192.21947020800144,193.33747858300922,v,1,1.1139614989951951,None,,,,,parti2,001,2025-10-02_15h11.06.451,MotorSequenceLearning_NupurShah,,2025.1.1,119.29573714860963,2025-10-02 15h11.40.196533 +0530,
50,c,66,2,16,c,1,0.9172354159964016,None,16,2,66,2,,,,,193.34689258300932,,193.3379620409978,193.34689258300932,194.32838758300932,194.32838758300932,194.32838758300932,194.32838758300932,194.34391870800755,195.3360528750054,195.3360528750054,196.2617116659967,c,1,0.9172354159964016,None,,,,,parti2,001,2025-10-02_15h11.06.451,MotorSequenceLearning_NupurShah,,2025.1.1,119.29573714860963,2025-10-02 15h11.40.196533 +0530,
-150,z,67,3,16,z,1,0.3331889580003917,None,16,3,67,3,,,,,196.27156029100297,,196.2621891250019,196.27156029100297,197.2629197500064,197.2629197500064,197.2629197500064,197.2629197500064,197.27162300000782,198.26107999999658,198.26107999999658,198.60419574999833,z,1,0.3331889580003917,None,,,,,parti2,001,2025-10-02_15h11.06.451,MotorSequenceLearning_NupurShah,,2025.1.1,119.29573714860963,2025-10-02 15h11.40.196533 +0530,
-50,x,68,0,17,x,1,0.5043552490096772,None,17,0,68,0,,,,,198.61401170800673,,198.60467758300365,198.61401170800673,199.60278637500596,199.60278637500596,199.60278637500596,199.60278637500596,199.61045462499897,200.60287979099667,200.60287979099667,201.11084504101018,x,1,0.5043552490096772,None,,,,,parti2,001,2025-10-02_15h11.06.451,MotorSequenceLearning_NupurShah,,2025.1.1,119.29573714860963,2025-10-02 15h11.40.196533 +0530,
150,v,69,1,17,v,1,0.49632437399122864,None,17,1,69,1,,,,,201.1215302500059,,201.11143470800016,201.1215302500059,202.1028678750008,202.1028678750008,202.1028678750008,202.1028678750008,202.1195555410086,203.1029859160044,203.1029859160044,203.60424679100106,v,1,0.49632437399122864,None,,,,,parti2,001,2025-10-02_15h11.06.451,MotorSequenceLearning_NupurShah,,2025.1.1,119.29573714860963,2025-10-02 15h11.40.196533 +0530,
50,c,70,2,17,c,1,0.3879808749916265,None,17,2,70,2,,,,,203.6140620829974,,203.60472029099765,203.6140620829974,204.6029447500041,204.6029447500041,204.6029447500041,204.6029447500041,204.6105935000087,205.6032045410102,205.6032045410102,205.99483974999748,c,1,0.3879808749916265,None,,,,,parti2,001,2025-10-02_15h11.06.451,MotorSequenceLearning_NupurShah,,2025.1.1,119.29573714860963,2025-10-02 15h11.40.196533 +0530,
-150,z,71,3,17,z,1,0.31910691599478014,None,17,3,71,3,,,,,206.0057590409997,,205.99533533300564,206.0057590409997,206.99510679100058,206.99510679100058,206.99510679100058,206.99510679100058,207.00311091600452,207.99425379101012,207.99425379101012,208.32044954100274,z,1,0.31910691599478014,None,,,,,parti2,001,2025-10-02_15h11.06.451,MotorSequenceLearning_NupurShah,,2025.1.1,119.29573714860963,2025-10-02 15h11.40.196533 +0530,
-50,x,72,0,18,x,1,0.5295641239936231,None,18,0,72,0,,,,,208.329755416009,,208.32091804100492,208.329755416009,209.31185029100743,209.31185029100743,209.31185029100743,209.31185029100743,209.32700608299638,210.31161787500605,210.31161787500605,210.844650250001,x,1,0.5295641239936231,None,,,,,parti2,001,2025-10-02_15h11.06.451,MotorSequenceLearning_NupurShah,,2025.1.1,119.29573714860963,2025-10-02 15h11.40.196533 +0530,
150,v,73,1,18,v,1,0.3828296240099007,None,18,1,73,1,,,,,210.854624915999,,210.8451127080043,210.854624915999,211.83636695799942,211.83636695799942,211.83636695799942,211.83636695799942,211.85302925000724,212.83637508300308,212.83637508300308,213.22101999999722,v,1,0.3828296240099007,None,,,,,parti2,001,2025-10-02_15h11.06.451,MotorSequenceLearning_NupurShah,,2025.1.1,119.29573714860963,2025-10-02 15h11.40.196533 +0530,
50,c,74,2,18,c,1,0.28944629098987207,None,18,2,74,2,,,,,213.23084620799636,,213.22170537500642,213.23084620799636,214.21918370800267,214.21918370800267,214.21918370800267,214.21918370800267,214.2267883750028,215.2197107910033,215.2197107910033,215.51161754100758,c,1,0.28944629098987207,None,,,,,parti2,001,2025-10-02_15h11.06.451,MotorSequenceLearning_NupurShah,,2025.1.1,119.29573714860963,2025-10-02 15h11.40.196533 +0530,
-150,z,75,3,18,z,1,0.45429424999747425,None,18,3,75,3,,,,,215.52184520800074,,215.51217612500477,215.52184520800074,216.50327233300777,216.50327233300777,216.50327233300777,216.50327233300777,216.51973566600645,217.51189075000002,217.51189075000002,217.971293124996,z,1,0.45429424999747425,None,,,,,parti2,001,2025-10-02_15h11.06.451,MotorSequenceLearning_NupurShah,,2025.1.1,119.29573714860963,2025-10-02 15h11.40.196533 +0530,
-50,x,76,0,19,x,1,0.37935420700523537,None,19,0,76,0,,,,,217.98158266600512,,217.97188504099904,217.98158266600512,218.96932058299717,218.96932058299717,218.96932058299717,218.96932058299717,218.9769057079975,219.96978612500243,219.96978612500243,220.35446237500582,x,1,0.37935420700523537,None,,,,,parti2,001,2025-10-02_15h11.06.451,MotorSequenceLearning_NupurShah,,2025.1.1,119.29573714860963,2025-10-02 15h11.40.196533 +0530,
150,v,77,1,19,v,1,0.4399611660046503,None,19,1,77,1,,,,,220.36388504100614,,220.35496662500373,220.36388504100614,221.3465262499958,221.3465262499958,221.3465262499958,221.3465262499958,221.354227541,222.35314366599778,222.35314366599778,222.7950415410014,v,1,0.4399611660046503,None,,,,,parti2,001,2025-10-02_15h11.06.451,MotorSequenceLearning_NupurShah,,2025.1.1,119.29573714860963,2025-10-02 15h11.40.196533 +0530,
50,c,78,2,19,c,1,0.37744012399343774,None,19,2,78,2,,,,,222.82000120800512,,222.79552737499762,222.82000120800512,223.79539529100293,223.79539529100293,223.79539529100293,223.79539529100293,223.8105939579982,224.79470604100788,224.79470604100788,225.17827175000275,c,1,0.37744012399343774,None,,,,,parti2,001,2025-10-02_15h11.06.451,MotorSequenceLearning_NupurShah,,2025.1.1,119.29573714860963,2025-10-02 15h11.40.196533 +0530,
-150,z,79,3,19,z,1,0.3062341659970116,None,19,3,79,3,,,,,225.18785045800905,,225.1787428749958,225.18785045800905,226.17869666600018,226.17869666600018,226.17869666600018,226.17869666600018,226.186686208006,227.1698666660086,227.1698666660086,227.47837629100832,z,1,0.3062341659970116,None,,,,,parti2,001,2025-10-02_15h11.06.451,MotorSequenceLearning_NupurShah,,2025.1.1,119.29573714860963,2025-10-02 15h11.40.196533 +0530,
-50,x,80,0,20,x,1,1.0232072069920832,None,20,0,80,0,,,,,227.48882487500669,,227.47887266600446,227.48882487500669,228.469399374997,228.469399374997,228.469399374997,228.469399374997,228.486857625001,229.47787637500733,229.47787637500733,230.50476316599816,x,1,1.0232072069920832,None,,,,,parti2,001,2025-10-02_15h11.06.451,MotorSequenceLearning_NupurShah,,2025.1.1,119.29573714860963,2025-10-02 15h11.40.196533 +0530,
150,v,81,1,20,v,1,0.7978438749996712,None,20,1,81,1,,,,,230.5155841250089,,230.50538850000885,230.5155841250089,231.50278712500585,231.50278712500585,231.50278712500585,231.50278712500585,231.510443666004,232.50317129099858,232.50317129099858,233.3049260830012,v,1,0.7978438749996712,None,,,,,parti2,001,2025-10-02_15h11.06.451,MotorSequenceLearning_NupurShah,,2025.1.1,119.29573714860963,2025-10-02 15h11.40.196533 +0530,
50,c,82,2,20,c,1,0.9872333330131369,None,20,2,82,2,,,,,233.3148455000046,,233.30552429100499,233.3148455000046,234.3028095000045,234.3028095000045,234.3028095000045,234.3028095000045,234.31024958300986,235.29588970800978,235.29588970800978,236.28820858300605,c,1,0.9872333330131369,None,,,,,parti2,001,2025-10-02_15h11.06.451,MotorSequenceLearning_NupurShah,,2025.1.1,119.29573714860963,2025-10-02 15h11.40.196533 +0530,
-150,z,83,3,20,z,1,0.6512068330048351,None,20,3,83,3,,,,,236.29854466600227,,236.288797583009,236.29854466600227,237.28032333300507,237.28032333300507,237.28032333300507,237.28032333300507,237.32064104100573,238.2867814580095,238.2867814580095,238.94520570800523,z,1,0.6512068330048351,None,,,,,parti2,001,2025-10-02_15h11.06.451,MotorSequenceLearning_NupurShah,,2025.1.1,119.29573714860963,2025-10-02 15h11.40.196533 +0530,
-50,x,84,0,21,x,1,0.7105892499967013,None,21,0,84,0,,,,,238.9700177909981,,238.94579441600945,238.9700177909981,239.94575724999595,239.94575724999595,239.94575724999595,239.94575724999595,239.96058304100006,240.94546825000725,240.94546825000725,241.66228408300958,x,1,0.7105892499967013,None,,,,,parti2,001,2025-10-02_15h11.06.451,MotorSequenceLearning_NupurShah,,2025.1.1,119.29573714860963,2025-10-02 15h11.40.196533 +0530,
150,v,85,1,21,v,1,1.0300489159999415,None,21,1,85,1,,,,,241.67207075000624,,241.66273404100502,241.67207075000624,242.66215808299603,242.66215808299603,242.66215808299603,242.66215808299603,242.6701468329993,243.66090062500734,243.66090062500734,244.69493595800304,v,1,1.0300489159999415,None,,,,,parti2,001,2025-10-02_15h11.06.451,MotorSequenceLearning_NupurShah,,2025.1.1,119.29573714860963,2025-10-02 15h11.40.196533 +0530,
50,c,86,2,21,c,1,0.5741550410020864,None,21,2,86,2,,,,,244.70459658300388,,244.6953332080011,244.70459658300388,245.6954062910081,245.6954062910081,245.6954062910081,245.6954062910081,245.6954062910081,246.6868301659997,246.6868301659997,247.26231520800502,c,1,0.5741550410020864,None,,,,,parti2,001,2025-10-02_15h11.06.451,MotorSequenceLearning_NupurShah,,2025.1.1,119.29573714860963,2025-10-02 15h11.40.196533 +0530,
-150,z,87,3,21,z,1,1.404826291007339,None,21,3,87,3,,,,,247.27210345800268,,247.26279337500455,247.27210345800268,248.262649915996,248.262649915996,248.262649915996,248.262649915996,248.2704895830102,249.26125595800113,249.26125595800113,250.67152662499575,z,1,1.404826291007339,None,,,,,parti2,001,2025-10-02_15h11.06.451,MotorSequenceLearning_NupurShah,,2025.1.1,119.29573714860963,2025-10-02 15h11.40.196533 +0530,
-50,x,88,0,22,x,1,0.6206550829956541,None,22,0,88,0,,,,,250.67812929100182,,250.6719982909999,250.67812929100182,251.6698165830021,251.6698165830021,251.6698165830021,251.6698165830021,251.6698165830021,252.6702449160075,252.6702449160075,253.29601849999744,x,1,0.6206550829956541,None,,,,,parti2,001,2025-10-02_15h11.06.451,MotorSequenceLearning_NupurShah,,2025.1.1,119.29573714860963,2025-10-02 15h11.40.196533 +0530,
150,v,89,1,22,v,1,0.35336179099977016,None,22,1,89,1,,,,,253.3205152080045,,253.29650650000258,253.3205152080045,254.29586520799785,254.29586520799785,254.29586520799785,254.29586520799785,254.31144658300036,255.29567162500462,255.29567162500462,255.65481087499938,v,1,0.35336179099977016,None,,,,,parti2,001,2025-10-02_15h11.06.451,MotorSequenceLearning_NupurShah,,2025.1.1,119.29573714860963,2025-10-02 15h11.40.196533 +0530,
50,c,90,2,22,c,1,0.36906670799362473,None,22,2,90,2,,,,,255.66422529100964,,255.6552826249972,255.66422529100964,256.64678795800137,256.64678795800137,256.64678795800137,256.64678795800137,256.65447504099575,257.65391241600446,257.65391241600446,258.02881816599984,c,1,0.36906670799362473,None,,,,,parti2,001,2025-10-02_15h11.06.451,MotorSequenceLearning_NupurShah,,2025.1.1,119.29573714860963,2025-10-02 15h11.40.196533 +0530,
-150,z,91,3,22,z,1,1.3407245830021566,None,22,3,91,3,,,,,258.03852433300926,,258.0292459580087,258.03852433300926,259.02934637499857,259.02934637499857,259.02934637499857,259.02934637499857,259.02934637499857,260.0290816659981,260.0290816659981,261.37207120799576,z,1,1.3407245830021566,None,,,,,parti2,001,2025-10-02_15h11.06.451,MotorSequenceLearning_NupurShah,,2025.1.1,119.29573714860963,2025-10-02 15h11.40.196533 +0530,
-50,x,92,0,23,x,1,0.5439334989932831,None,23,0,92,0,,,,,261.37904400000116,,261.3725703329983,261.37904400000116,262.3698550830013,262.3698550830013,262.3698550830013,262.3698550830013,262.3775842909963,263.36988979100715,263.36988979100715,263.92191183300747,x,1,0.5439334989932831,None,,,,,parti2,001,2025-10-02_15h11.06.451,MotorSequenceLearning_NupurShah,,2025.1.1,119.29573714860963,2025-10-02 15h11.40.196533 +0530,
150,v,93,1,23,v,1,0.31885883198992815,None,23,1,93,1,,,,,263.93084420800733,,263.92230116600695,263.93084420800733,264.9204418750014,264.9204418750014,264.9204418750014,264.9204418750014,264.92791916600254,265.9199471250031,265.9199471250031,266.24574633300654,v,1,0.31885883198992815,None,,,,,parti2,001,2025-10-02_15h11.06.451,MotorSequenceLearning_NupurShah,,2025.1.1,119.29573714860963,2025-10-02 15h11.40.196533 +0530,
50,c,94,2,23,c,1,0.2540286239964189,None,23,2,94,2,,,,,266.25581400000374,,266.24623175000306,266.25581400000374,267.2460235000035,267.2460235000035,267.2460235000035,267.2460235000035,267.2540472499968,268.24582845800614,268.24582845800614,268.505406915996,c,1,0.2540286239964189,None,,,,,parti2,001,2025-10-02_15h11.06.451,MotorSequenceLearning_NupurShah,,2025.1.1,119.29573714860963,2025-10-02 15h11.40.196533 +0530,
-150,z,95,3,23,z,1,0.3176743750082096,None,23,3,95,3,,,,,268.5157605830027,,268.50598191600875,268.5157605830027,269.5033683329966,269.5033683329966,269.5033683329966,269.5033683329966,269.51076383300824,270.5040113750001,270.5040113750001,270.8306257910008,z,1,0.3176743750082096,None,,,,,parti2,001,2025-10-02_15h11.06.451,MotorSequenceLearning_NupurShah,,2025.1.1,119.29573714860963,2025-10-02 15h11.40.196533 +0530,
-50,x,96,0,24,x,1,0.4537745819980046,None,24,0,96,0,,,,,270.8411736249982,,270.8312247910071,270.8411736249982,271.82942754100077,271.82942754100077,271.82942754100077,271.82942754100077,271.8376593330031,272.82996925000043,272.82996925000043,273.28879333300574,x,1,0.4537745819980046,None,,,,,parti2,001,2025-10-02_15h11.06.451,MotorSequenceLearning_NupurShah,,2025.1.1,119.29573714860963,2025-10-02 15h11.40.196533 +0530,
150,v,97,1,24,c,0,0.34151695801119786,None,24,1,97,1,,,,,273.29879312501,,273.28936395799974,273.29879312501,274.28752212499967,274.28752212499967,274.28752212499967,274.28752212499967,274.2959103750036,275.2872620410053,275.2872620410053,275.6389753330004,c,0,0.34151695801119786,None,,,,,parti2,001,2025-10-02_15h11.06.451,MotorSequenceLearning_NupurShah,,2025.1.1,119.29573714860963,2025-10-02 15h11.40.196533 +0530,
50,c,98,2,24,c,1,1.9015173740044702,None,24,2,98,2,,,,,275.64883891600766,,275.6395489160059,275.64883891600766,276.63734208300593,276.63734208300593,276.63734208300593,276.63734208300593,276.64523283300514,277.63723062499776,277.63723062499776,279.5457425409986,c,1,1.9015173740044702,None,,,,,parti2,001,2025-10-02_15h11.06.451,MotorSequenceLearning_NupurShah,,2025.1.1,119.29573714860963,2025-10-02 15h11.40.196533 +0530,
-150,z,99,3,24,z,1,1.2990187910036184,None,24,3,99,3,,,,,279.55581849999726,,279.54625420800585,279.55581849999726,280.5463364160096,280.5463364160096,280.5463364160096,280.5463364160096,280.5543147080025,281.53757483299705,281.53757483299705,282.83847287500976,z,1,1.2990187910036184,None,,,,,parti2,001,2025-10-02_15h11.06.451,MotorSequenceLearning_NupurShah,,2025.1.1,119.29573714860963,2025-10-02 15h11.40.196533 +0530,
-50,x,100,0,25,x,1,1.5742367070051841,None,25,0,100,0,,,,,282.84822229100973,,282.8389832910034,282.84822229100973,283.82913283300877,283.82913283300877,283.82913283300877,283.82913283300877,283.8449020410044,284.83735762500146,284.83735762500146,286.4221466250019,x,1,1.5742367070051841,None,,,,,parti2,001,2025-10-02_15h11.06.451,MotorSequenceLearning_NupurShah,,2025.1.1,119.29573714860963,2025-10-02 15h11.40.196533 +0530,
150,v,101,1,25,v,1,1.0517155830020783,None,25,1,101,1,,,,,286.43152250000276,,286.42265437499736,286.43152250000276,287.4208348749962,287.4208348749962,287.4208348749962,287.4208348749962,287.4285477079975,288.4207775410032,288.4207775410032,289.4798260410025,v,1,1.0517155830020783,None,,,,,parti2,001,2025-10-02_15h11.06.451,MotorSequenceLearning_NupurShah,,2025.1.1,119.29573714860963,2025-10-02 15h11.40.196533 +0530,
50,c,102,2,25,c,1,0.7638356250099605,None,25,2,102,2,,,,,289.5042410830065,,289.48033312500047,289.5042410830065,290.4805320830055,290.4805320830055,290.4805320830055,290.4805320830055,290.4957892500097,291.47875224999734,291.47875224999734,292.24573199999577,c,1,0.7638356250099605,None,,,,,parti2,001,2025-10-02_15h11.06.451,MotorSequenceLearning_NupurShah,,2025.1.1,119.29573714860963,2025-10-02 15h11.40.196533 +0530,
-150,z,103,3,25,z,1,0.7849256240006071,None,25,3,103,3,,,,,292.25561837499845,,292.2462438750081,292.25561837499845,293.2465873330075,293.2465873330075,293.2465873330075,293.2465873330075,293.2546341660054,294.23751824999636,294.23751824999636,295.02942391599936,z,1,0.7849256240006071,None,,,,,parti2,001,2025-10-02_15h11.06.451,MotorSequenceLearning_NupurShah,,2025.1.1,119.29573714860963,2025-10-02 15h11.40.196533 +0530,
-50,x,104,0,26,x,1,0.6426894580072258,None,26,0,104,0,,,,,295.039574082999,,295.0299152910011,295.039574082999,296.0299841250089,296.0299841250089,296.0299841250089,296.0299841250089,296.0377941659972,297.0289091660088,297.0289091660088,297.6798660409986,x,1,0.6426894580072258,None,,,,,parti2,001,2025-10-02_15h11.06.451,MotorSequenceLearning_NupurShah,,2025.1.1,119.29573714860963,2025-10-02 15h11.40.196533 +0530,
150,v,105,1,26,v,1,0.7507636239897693,None,26,1,105,1,,,,,297.70448279099946,,297.6803668329958,297.70448279099946,298.67962962499587,298.67962962499587,298.67962962499587,298.67962962499587,298.6951392080082,299.6797398750059,299.6797398750059,300.43885304100695,v,1,0.7507636239897693,None,,,,,parti2,001,2025-10-02_15h11.06.451,MotorSequenceLearning_NupurShah,,2025.1.1,119.29573714860963,2025-10-02 15h11.40.196533 +0530,
50,c,106,2,26,c,1,0.740046250008163,None,26,2,106,2,,,,,300.4480360830057,,300.43928791600047,300.4480360830057,301.4296058750042,301.4296058750042,301.4296058750042,301.4296058750042,301.44309266599885,302.42954075000307,302.42954075000307,303.17221158300526,c,1,0.740046250008163,None,,,,,parti2,001,2025-10-02_15h11.06.451,MotorSequenceLearning_NupurShah,,2025.1.1,119.29573714860963,2025-10-02 15h11.40.196533 +0530,
-150,z,107,3,26,z,1,0.8975657910050359,None,26,3,107,3,,,,,303.18179566600884,,303.172723458003,303.18179566600884,304.16255850000016,304.16255850000016,304.16255850000016,304.16255850000016,304.1778549160081,305.1709472500079,305.1709472500079,306.07243250000465,z,1,0.8975657910050359,None,,,,,parti2,001,2025-10-02_15h11.06.451,MotorSequenceLearning_NupurShah,,2025.1.1,119.29573714860963,2025-10-02 15h11.40.196533 +0530,
-50,x,108,0,27,x,1,0.7360799989983207,None,27,0,108,0,,,,,306.0829659160081,,306.0729851250071,306.0829659160081,307.0705637909996,307.0705637909996,307.0705637909996,307.0705637909996,307.0786074159987,308.0714004159963,308.0714004159963,308.81286950000504,x,1,0.7360799989983207,None,,,,,parti2,001,2025-10-02_15h11.06.451,MotorSequenceLearning_NupurShah,,2025.1.1,119.29573714860963,2025-10-02 15h11.40.196533 +0530,
150,v,109,1,27,v,1,0.9972401239938335,None,27,1,109,1,,,,,308.8228547500039,,308.813413958007,308.8228547500039,309.81242979099625,309.81242979099625,309.81242979099625,309.81242979099625,309.8206666250044,310.8122669160075,310.8122669160075,311.81293770800403,v,1,0.9972401239938335,None,,,,,parti2,001,2025-10-02_15h11.06.451,MotorSequenceLearning_NupurShah,,2025.1.1,119.29573714860963,2025-10-02 15h11.40.196533 +0530,
50,c,110,2,27,c,1,0.721674415995949,None,27,2,110,2,,,,,311.83774366600846,,311.8135116659978,311.83774366600846,312.8136325000087,312.8136325000087,312.8136325000087,312.8136325000087,312.8302334159962,313.81194204100757,313.81194204100757,314.53890929100453,c,1,0.721674415995949,None,,,,,parti2,001,2025-10-02_15h11.06.451,MotorSequenceLearning_NupurShah,,2025.1.1,119.29573714860963,2025-10-02 15h11.40.196533 +0530,
-150,z,111,3,27,z,1,0.8166351659892825,None,27,3,111,3,,,,,314.54863674999797,,314.53940975001024,314.54863674999797,315.5303587910021,315.5303587910021,315.5303587910021,315.5303587910021,315.54589804100397,316.5297986660007,316.5297986660007,317.35591212500003,z,1,0.8166351659892825,None,,,,,parti2,001,2025-10-02_15h11.06.451,MotorSequenceLearning_NupurShah,,2025.1.1,119.29573714860963,2025-10-02 15h11.40.196533 +0530,
-50,x,112,0,28,x,1,0.5413407910091337,None,28,0,112,0,,,,,317.36529083299683,,317.3564278749982,317.36529083299683,318.354052708004,318.354052708004,318.354052708004,318.354052708004,318.36141270800726,319.354060416008,319.354060416008,319.8971474160062,x,1,0.5413407910091337,None,,,,,parti2,001,2025-10-02_15h11.06.451,MotorSequenceLearning_NupurShah,,2025.1.1,119.29573714860963,2025-10-02 15h11.40.196533 +0530,
150,v,113,1,28,v,1,1.0547945410071407,None,28,1,113,1,,,,,319.90780179100693,,319.89774100000795,319.90780179100693,320.89661875000456,320.89661875000456,320.89661875000456,320.89661875000456,320.9045259160048,321.8956787500065,321.8956787500065,322.9561071250064,v,1,1.0547945410071407,None,,,,,parti2,001,2025-10-02_15h11.06.451,MotorSequenceLearning_NupurShah,,2025.1.1,119.29573714860963,2025-10-02 15h11.40.196533 +0530,
50,c,114,2,28,c,1,0.8195647489919793,None,28,2,114,2,,,,,322.9665228329977,,322.9566987080034,322.9665228329977,323.954047332998,323.954047332998,323.954047332998,323.954047332998,323.9617290410097,324.9547859160084,324.9547859160084,325.7796282909985,c,1,0.8195647489919793,None,,,,,parti2,001,2025-10-02_15h11.06.451,MotorSequenceLearning_NupurShah,,2025.1.1,119.29573714860963,2025-10-02 15h11.40.196533 +0530,
-150,z,115,3,28,z,1,1.1755185830115806,None,28,3,115,3,,,,,325.78989700000966,,325.7801325409964,325.78989700000966,326.7800820410048,326.7800820410048,326.7800820410048,326.7800820410048,326.7880507910013,327.7788396660035,327.7788396660035,328.95606329099974,z,1,1.1755185830115806,None,,,,,parti2,001,2025-10-02_15h11.06.451,MotorSequenceLearning_NupurShah,,2025.1.1,119.29573714860963,2025-10-02 15h11.40.196533 +0530,
-50,x,116,0,29,x,1,0.4816157489985926,None,29,0,116,0,,,,,328.96624408299976,,328.9566468749981,328.96624408299976,329.9542981660052,329.9542981660052,329.9542981660052,329.9542981660052,329.96246616600547,330.95466858299915,330.95466858299915,331.4392395409959,x,1,0.4816157489985926,None,,,,,parti2,001,2025-10-02_15h11.06.451,MotorSequenceLearning_NupurShah,,2025.1.1,119.29573714860963,2025-10-02 15h11.40.196533 +0530,
150,v,117,1,29,v,1,1.7367853739997372,None,29,1,117,1,,,,,331.44859179100604,,331.43972670800576,331.44859179100604,332.4304903750017,332.4304903750017,332.4304903750017,332.4304903750017,332.44643329099927,333.4295654160087,333.4295654160087,335.1725878750003,v,1,1.7367853739997372,None,,,,,parti2,001,2025-10-02_15h11.06.451,MotorSequenceLearning_NupurShah,,2025.1.1,119.29573714860963,2025-10-02 15h11.40.196533 +0530,
50,c,118,2,29,c,1,0.8607311660016421,None,29,2,118,2,,,,,335.1820869160001,,335.17309937500977,335.1820869160001,336.16383470800065,336.16383470800065,336.16383470800065,336.16383470800065,336.1793852080009,337.17159041600826,337.17159041600826,338.03906758299854,c,1,0.8607311660016421,None,,,,,parti2,001,2025-10-02_15h11.06.451,MotorSequenceLearning_NupurShah,,2025.1.1,119.29573714860963,2025-10-02 15h11.40.196533 +0530,
-150,z,119,3,29,z,1,0.8692959159961902,None,29,3,119,3,,,,,338.04827354100416,,338.0395755829959,338.04827354100416,339.0308694580017,339.0308694580017,339.0308694580017,339.0308694580017,339.03850925000734,340.0309686249966,340.0309686249966,340.90641208300076,z,1,0.8692959159961902,None,,,,,parti2,001,2025-10-02_15h11.06.451,MotorSequenceLearning_NupurShah,,2025.1.1,119.29573714860963,2025-10-02 15h11.40.196533 +0530,
-50,x,120,0,30,x,1,0.8663067079905886,None,30,0,120,0,,,,,340.91649658299866,,340.9069808750064,340.91649658299866,341.9043735830055,341.9043735830055,341.9043735830055,341.9043735830055,341.9124781249993,342.9049947080057,342.9049947080057,343.772887833009,x,1,0.8663067079905886,None,,,,,parti2,001,2025-10-02_15h11.06.451,MotorSequenceLearning_NupurShah,,2025.1.1,119.29573714860963,2025-10-02 15h11.40.196533 +0530,
150,v,121,1,30,v,1,0.993799708012375,None,30,1,121,1,,,,,343.78353524999693,,343.7734787500085,343.78353524999693,344.7715783330059,344.7715783330059,344.7715783330059,344.7715783330059,344.779258124996,345.77150158300356,345.77150158300356,346.7730940830079,v,1,0.993799708012375,None,,,,,parti2,001,2025-10-02_15h11.06.451,MotorSequenceLearning_NupurShah,,2025.1.1,119.29573714860963,2025-10-02 15h11.40.196533 +0530,
50,c,122,2,30,c,1,0.6955709579924587,None,30,2,122,2,,,,,346.78335562499706,,346.77369670799817,346.78335562499706,347.771069082999,347.771069082999,347.771069082999,347.771069082999,347.77873108300264,348.77179408300435,348.77179408300435,349.4731105410028,c,1,0.6955709579924587,None,,,,,parti2,001,2025-10-02_15h11.06.451,MotorSequenceLearning_NupurShah,,2025.1.1,119.29573714860963,2025-10-02 15h11.40.196533 +0530,
-150,z,123,3,30,z,1,0.7755056239984697,None,30,3,123,3,,,,,349.483283249996,,349.47367241600296,349.483283249996,350.472625082999,350.472625082999,350.472625082999,350.472625082999,350.47969366599864,351.4715771659976,351.4715771659976,352.256239416005,z,1,0.7755056239984697,None,,,,,parti2,001,2025-10-02_15h11.06.451,MotorSequenceLearning_NupurShah,,2025.1.1,119.29573714860963,2025-10-02 15h11.40.196533 +0530,
-50,x,124,0,31,x,1,1.2549347489984939,None,31,0,124,0,,,,,352.26585166600125,,352.2567596660083,352.26585166600125,353.25504833299783,353.25504833299783,353.25504833299783,353.25504833299783,353.2626965410018,354.25508075000835,354.25508075000835,355.5133516250062,x,1,1.2549347489984939,None,,,,,parti2,001,2025-10-02_15h11.06.451,MotorSequenceLearning_NupurShah,,2025.1.1,119.29573714860963,2025-10-02 15h11.40.196533 +0530,
150,v,125,1,31,v,1,1.725504499001545,None,31,1,125,1,,,,,355.5238378750073,,355.5138502500049,355.5238378750073,356.5051239160093,356.5051239160093,356.5051239160093,356.5051239160093,356.52170216600643,357.50451325000904,357.50451325000904,359.2396342080028,v,1,1.725504499001545,None,,,,,parti2,001,2025-10-02_15h11.06.451,MotorSequenceLearning_NupurShah,,2025.1.1,119.29573714860963,2025-10-02 15h11.40.196533 +0530,
50,c,126,2,31,c,1,1.5357474990014452,None,31,2,126,2,,,,,359.2493535829999,,359.24015312500705,359.2493535829999,360.23091787500016,360.23091787500016,360.23091787500016,360.23091787500016,360.24567487499735,361.23840600000403,361.23840600000403,362.7803056249977,c,1,1.5357474990014452,None,,,,,parti2,001,2025-10-02_15h11.06.451,MotorSequenceLearning_NupurShah,,2025.1.1,119.29573714860963,2025-10-02 15h11.40.196533 +0530,
-150,z,127,3,31,z,1,0.7886343330028467,None,31,3,127,3,,,,,362.8052461250045,,362.78078258300957,362.8052461250045,363.7808238330035,363.7808238330035,363.7808238330035,363.7808238330035,363.7963627910067,364.78055854100967,364.78055854100967,365.57313558300666,z,1,0.7886343330028467,None,,,,,parti2,001,2025-10-02_15h11.06.451,MotorSequenceLearning_NupurShah,,2025.1.1,119.29573714860963,2025-10-02 15h11.40.196533 +0530,
-50,x,128,0,32,x,1,1.5657157500099856,None,32,0,128,0,,,,,365.58302175000426,,365.573610958003,365.58302175000426,366.57185408299847,366.57185408299847,366.57185408299847,366.57185408299847,366.57959329099685,367.5712904999964,367.5712904999964,369.1399976660032,x,1,1.5657157500099856,None,,,,,parti2,001,2025-10-02_15h11.06.451,MotorSequenceLearning_NupurShah,,2025.1.1,119.29573714860963,2025-10-02 15h11.40.196533 +0530,
150,v,129,1,32,v,1,2.6581829159986228,None,32,1,129,1,,,,,369.15032549999887,,369.14072666600987,369.15032549999887,370.1388501659967,370.1388501659967,370.1388501659967,370.1388501659967,370.14582945800794,371.13880800000334,371.13880800000334,373.80616720800754,v,1,2.6581829159986228,None,,,,,parti2,001,2025-10-02_15h11.06.451,MotorSequenceLearning_NupurShah,,2025.1.1,119.29573714860963,2025-10-02 15h11.40.196533 +0530,
50,c,130,2,32,c,1,0.7806367489974946,None,32,2,130,2,,,,,373.8165772909997,,373.80676816600317,373.8165772909997,374.79759699999704,374.79759699999704,374.79759699999704,374.79759699999704,374.81305504099873,375.79736637500173,375.79736637500173,376.5805340000079,c,1,0.7806367489974946,None,,,,,parti2,001,2025-10-02_15h11.06.451,MotorSequenceLearning_NupurShah,,2025.1.1,119.29573714860963,2025-10-02 15h11.40.196533 +0530,
-150,z,131,3,32,z,1,1.0891118750005262,None,32,3,131,3,,,,,376.59089554099774,,376.5810225830064,376.59089554099774,377.5810225410096,377.5810225410096,377.5810225410096,377.5810225410096,377.5889287500031,378.579860458005,378.579860458005,379.67349004100834,z,1,1.0891118750005262,None,,,,,parti2,001,2025-10-02_15h11.06.451,MotorSequenceLearning_NupurShah,,2025.1.1,119.29573714860963,2025-10-02 15h11.40.196533 +0530,
-50,x,132,0,33,x,1,0.8099279580055736,None,33,0,132,0,,,,,379.68434495800466,,379.674036041004,379.68434495800466,380.6720571659971,380.6720571659971,380.6720571659971,380.6720571659971,380.68008995799755,381.6720515830093,381.6720515830093,382.4901069159969,x,1,0.8099279580055736,None,,,,,parti2,001,2025-10-02_15h11.06.451,MotorSequenceLearning_NupurShah,,2025.1.1,119.29573714860963,2025-10-02 15h11.40.196533 +0530,
150,v,133,1,33,v,1,0.9127634159958689,None,33,1,133,1,,,,,382.5001032500004,,382.4906177500088,382.5001032500004,383.4882557079982,383.4882557079982,383.4882557079982,383.4882557079982,383.4959987500042,384.48827462500776,384.48827462500776,385.40643387500313,v,1,0.9127634159958689,None,,,,,parti2,001,2025-10-02_15h11.06.451,MotorSequenceLearning_NupurShah,,2025.1.1,119.29573714860963,2025-10-02 15h11.40.196533 +0530,
50,c,134,2,33,c,1,0.8505924159981078,None,33,2,134,2,,,,,385.41576762500335,,385.406920333,385.41576762500335,386.399086083009,386.399086083009,386.399086083009,386.399086083009,386.4071632910054,387.3974035410065,387.3974035410065,388.25684683299914,c,1,0.8505924159981078,None,,,,,parti2,001,2025-10-02_15h11.06.451,MotorSequenceLearning_NupurShah,,2025.1.1,119.29573714860963,2025-10-02 15h11.40.196533 +0530,
-150,z,135,3,33,z,1,0.9904715409938945,None,33,3,135,3,,,,,388.26615212499746,,388.257326166,388.26615212499746,389.25551004101,389.25551004101,389.25551004101,389.25551004101,389.263344291001,390.25541749999684,390.25541749999684,391.2475308330031,z,1,0.9904715409938945,None,,,,,parti2,001,2025-10-02_15h11.06.451,MotorSequenceLearning_NupurShah,,2025.1.1,119.29573714860963,2025-10-02 15h11.40.196533 +0530,
-50,x,136,0,34,x,1,1.9589478739944752,None,34,0,136,0,,,,,391.27244166600576,,391.2480009580031,391.27244166600576,392.2473025000072,392.2473025000072,392.2473025000072,392.2473025000072,392.26259199999913,393.24680925000575,393.24680925000575,395.2137155410019,x,1,1.9589478739944752,None,,,,,parti2,001,2025-10-02_15h11.06.451,MotorSequenceLearning_NupurShah,,2025.1.1,119.29573714860963,2025-10-02 15h11.40.196533 +0530,
150,v,137,1,34,v,1,1.0953156239993405,None,34,1,137,1,,,,,395.2238448749995,,395.21424820800894,395.2238448749995,396.21460687500075,396.21460687500075,396.21460687500075,396.21460687500075,396.22267458299757,397.20561783300946,397.20561783300946,398.30711475000135,v,1,1.0953156239993405,None,,,,,parti2,001,2025-10-02_15h11.06.451,MotorSequenceLearning_NupurShah,,2025.1.1,119.29573714860963,2025-10-02 15h11.40.196533 +0530,
50,c,138,2,34,c,1,1.153210123986355,None,34,2,138,2,,,,,398.3173645409988,,398.3076825830067,398.3173645409988,399.3055463750061,399.3055463750061,399.3055463750061,399.3055463750061,399.3131880830042,400.30556404100207,400.30556404100207,401.4645285000006,c,1,1.153210123986355,None,,,,,parti2,001,2025-10-02_15h11.06.451,MotorSequenceLearning_NupurShah,,2025.1.1,119.29573714860963,2025-10-02 15h11.40.196533 +0530,
-150,z,139,3,34,z,1,0.8013603329891339,None,34,3,139,3,,,,,401.4744151250052,,401.4650266660028,401.4744151250052,402.4636160000082,402.4636160000082,402.4636160000082,402.4636160000082,402.4719312500092,403.46437145800155,403.46437145800155,404.2736131660058,z,1,0.8013603329891339,None,,,,,parti2,001,2025-10-02_15h11.06.451,MotorSequenceLearning_NupurShah,,2025.1.1,119.29573714860963,2025-10-02 15h11.40.196533 +0530,
-50,x,140,0,35,x,1,1.086564790995908,None,35,0,140,0,,,,,404.28322412499983,,404.27417204099766,404.28322412499983,405.27229470800376,405.27229470800376,405.27229470800376,405.27229470800376,405.2797652080044,406.27228991599986,406.27228991599986,407.3641447080008,x,1,1.086564790995908,None,,,,,parti2,001,2025-10-02_15h11.06.451,MotorSequenceLearning_NupurShah,,2025.1.1,119.29573714860963,2025-10-02 15h11.40.196533 +0530,
150,v,141,1,35,v,1,0.9271408320055343,None,35,1,141,1,,,,,407.37430483300705,,407.3646354579978,407.37430483300705,408.364647082999,408.364647082999,408.364647082999,408.364647082999,408.3724450410082,409.36465775000397,409.36465775000397,410.2974782500096,v,1,0.9271408320055343,None,,,,,parti2,001,2025-10-02_15h11.06.451,MotorSequenceLearning_NupurShah,,2025.1.1,119.29573714860963,2025-10-02 15h11.40.196533 +0530,
50,c,142,2,35,c,1,1.2093439580057748,None,35,2,142,2,,,,,410.3073519580066,,410.2979628750036,410.3073519580066,411.2978880830051,411.2978880830051,411.2978880830051,411.2978880830051,411.3057316659979,412.28925845799677,412.28925845799677,413.50694033299806,c,1,1.2093439580057748,None,,,,,parti2,001,2025-10-02_15h11.06.451,MotorSequenceLearning_NupurShah,,2025.1.1,119.29573714860963,2025-10-02 15h11.40.196533 +0530,
-150,z,143,3,35,z,1,0.7366664580040378,None,35,3,143,3,,,,,413.51674366599764,,413.5074607080023,413.51674366599764,414.4981042080035,414.4981042080035,414.4981042080035,414.4981042080035,414.51313162500446,415.50604729099723,415.50604729099723,416.2475992079999,z,1,0.7366664580040378,None,,,,,parti2,001,2025-10-02_15h11.06.451,MotorSequenceLearning_NupurShah,,2025.1.1,119.29573714860963,2025-10-02 15h11.40.196533 +0530,
-50,x,144,0,36,x,1,0.8255800820043078,None,36,0,144,0,,,,,416.2581002500083,,416.248205958007,416.2581002500083,417.2480291660031,417.2480291660031,417.2480291660031,417.2480291660031,417.2558762080007,418.2479118330084,418.2479118330084,419.08156804100145,x,1,0.8255800820043078,None,,,,,parti2,001,2025-10-02_15h11.06.451,MotorSequenceLearning_NupurShah,,2025.1.1,119.29573714860963,2025-10-02 15h11.40.196533 +0530,
150,v,145,1,36,v,1,0.8695327489986084,None,36,1,145,1,,,,,419.1059570409998,,419.08206758300366,419.1059570409998,420.08131604100345,420.08131604100345,420.08131604100345,420.08131604100345,420.0962967910018,421.0801912910101,421.0801912910101,421.9572011249984,v,1,0.8695327489986084,None,,,,,parti2,001,2025-10-02_15h11.06.451,MotorSequenceLearning_NupurShah,,2025.1.1,119.29573714860963,2025-10-02 15h11.40.196533 +0530,
50,c,146,2,36,c,1,0.7068666240083985,None,36,2,146,2,,,,,421.967341666008,,421.95773491600994,421.967341666008,422.95541916599905,422.95541916599905,422.95541916599905,422.95541916599905,422.9630896660092,423.95582595800806,423.95582595800806,424.67398633300036,c,1,0.7068666240083985,None,,,,,parti2,001,2025-10-02_15h11.06.451,MotorSequenceLearning_NupurShah,,2025.1.1,119.29573714860963,2025-10-02 15h11.40.196533 +0530,
-150,z,147,3,36,z,1,0.7561711660091532,None,36,3,147,3,,,,,424.6831268329988,,424.67447187499783,424.6831268329988,425.67209533300775,425.67209533300775,425.67209533300775,425.67209533300775,425.6802180829982,426.67257229100505,426.67257229100505,427.4306595000089,z,1,0.7561711660091532,None,,,,,parti2,001,2025-10-02_15h11.06.451,MotorSequenceLearning_NupurShah,,2025.1.1,119.29573714860963,2025-10-02 15h11.40.196533 +0530,
-50,x,148,0,37,x,1,0.8089552489982452,None,37,0,148,0,,,,,427.43926854099846,,427.43112649999966,427.43926854099846,428.42276587500237,428.42276587500237,428.42276587500237,428.42276587500237,428.43011679100164,429.42259075000766,429.42259075000766,430.2409238330001,x,1,0.8089552489982452,None,,,,,parti2,001,2025-10-02_15h11.06.451,MotorSequenceLearning_NupurShah,,2025.1.1,119.29573714860963,2025-10-02 15h11.40.196533 +0530,
150,v,149,1,37,v,1,0.8691736660111928,None,37,1,149,1,,,,,430.25131116600824,,430.2414907080092,430.25131116600824,431.2395395830099,431.2395395830099,431.2395395830099,431.2395395830099,431.2473131250008,432.2393558330077,432.2393558330077,433.1141696660052,v,1,0.8691736660111928,None,,,,,parti2,001,2025-10-02_15h11.06.451,MotorSequenceLearning_NupurShah,,2025.1.1,119.29573714860963,2025-10-02 15h11.40.196533 +0530,
50,c,150,2,37,c,1,0.4013955819973489,None,37,2,150,2,,,,,433.12380191600823,,433.11466116600786,433.12380191600823,434.10608275000413,434.10608275000413,434.10608275000413,434.10608275000413,434.1226689580071,435.10608091599715,435.10608091599715,435.5142778330046,c,1,0.4013955819973489,None,,,,,parti2,001,2025-10-02_15h11.06.451,MotorSequenceLearning_NupurShah,,2025.1.1,119.29573714860963,2025-10-02 15h11.40.196533 +0530,
-150,z,151,3,37,z,1,1.1114959990081843,None,37,3,151,3,,,,,435.52430620799714,,435.51477083300415,435.52430620799714,436.5060424999974,436.5060424999974,436.5060424999974,436.5060424999974,436.5228800409968,437.5060572910006,437.5060572910006,438.62398866600415,z,1,1.1114959990081843,None,,,,,parti2,001,2025-10-02_15h11.06.451,MotorSequenceLearning_NupurShah,,2025.1.1,119.29573714860963,2025-10-02 15h11.40.196533 +0530,
-50,x,152,0,38,x,1,0.8041176249971613,None,38,0,152,0,,,,,438.63408091600286,,438.6245428330003,438.63408091600286,439.62312279100297,439.62312279100297,439.62312279100297,439.62312279100297,439.6315223749989,440.6223076660099,440.6223076660099,441.4309578329994,x,1,0.8041176249971613,None,,,,,parti2,001,2025-10-02_15h11.06.451,MotorSequenceLearning_NupurShah,,2025.1.1,119.29573714860963,2025-10-02 15h11.40.196533 +0530,
150,v,153,1,38,v,1,1.078802916003042,None,38,1,153,1,,,,,441.4413318750012,,441.4314429579972,441.4413318750012,442.4328277910099,442.4328277910099,442.4328277910099,442.4328277910099,442.4406294579967,443.4227915829979,443.4227915829979,444.5075166250026,v,1,1.078802916003042,None,,,,,parti2,001,2025-10-02_15h11.06.451,MotorSequenceLearning_NupurShah,,2025.1.1,119.29573714860963,2025-10-02 15h11.40.196533 +0530,
50,c,154,2,38,c,1,0.8932320830062963,None,38,2,154,2,,,,,444.51740608300315,,444.5080144579988,444.51740608300315,445.5063140830025,445.5063140830025,445.5063140830025,445.5063140830025,445.5135958750034,446.5061537500005,446.5061537500005,447.40764616600063,c,1,0.8932320830062963,None,,,,,parti2,001,2025-10-02_15h11.06.451,MotorSequenceLearning_NupurShah,,2025.1.1,119.29573714860963,2025-10-02 15h11.40.196533 +0530,
-150,z,155,3,38,z,1,1.1422601239901269,None,38,3,155,3,,,,,447.418329291002,,447.4082247500046,447.418329291002,448.40620395800215,448.40620395800215,448.40620395800215,448.40620395800215,448.4139945000061,449.4062256659963,449.4062256659963,450.5579775410006,z,1,1.1422601239901269,None,,,,,parti2,001,2025-10-02_15h11.06.451,MotorSequenceLearning_NupurShah,,2025.1.1,119.29573714860963,2025-10-02 15h11.40.196533 +0530,
-50,x,156,0,39,x,1,0.484888206992764,None,39,0,156,0,,,,,450.56808095800807,,450.5585953749978,450.56808095800807,451.55576979099715,451.55576979099715,451.55576979099715,451.55576979099715,451.56342908300576,452.55630250000104,452.55630250000104,453.04840883299767,x,1,0.484888206992764,None,,,,,parti2,001,2025-10-02_15h11.06.451,MotorSequenceLearning_NupurShah,,2025.1.1,119.29573714860963,2025-10-02 15h11.40.196533 +0530,
150,v,157,1,39,v,1,0.9079020829958608,None,39,1,157,1,,,,,453.0729627910041,,453.0489239160088,453.0729627910041,454.0487758329982,454.0487758329982,454.0487758329982,454.0487758329982,454.06448262500635,455.040209083003,455.040209083003,455.95828358300787,v,1,0.9079020829958608,None,,,,,parti2,001,2025-10-02_15h11.06.451,MotorSequenceLearning_NupurShah,,2025.1.1,119.29573714860963,2025-10-02 15h11.40.196533 +0530,
50,c,158,2,39,c,1,0.8657674160058377,None,39,2,158,2,,,,,455.9663381249993,,455.95894016600505,455.9663381249993,456.9565476660064,456.9565476660064,456.9565476660064,456.9565476660064,456.96394258301007,457.95652283300296,457.95652283300296,458.8243891660095,c,1,0.8657674160058377,None,,,,,parti2,001,2025-10-02_15h11.06.451,MotorSequenceLearning_NupurShah,,2025.1.1,119.29573714860963,2025-10-02 15h11.40.196533 +0530,
-150,z,159,3,39,z,1,0.7320384999911766,None,39,3,159,3,,,,,458.83478129100695,,458.82504483300727,458.83478129100695,459.82329991601,459.82329991601,459.82329991601,459.82329991601,459.83097987499787,460.82314008299727,460.82314008299727,461.55756120799924,z,1,0.7320384999911766,None,,,,,parti2,001,2025-10-02_15h11.06.451,MotorSequenceLearning_NupurShah,,2025.1.1,119.29573714860963,2025-10-02 15h11.40.196533 +0530,
-50,x,160,0,40,x,1,0.8179309580009431,None,40,0,160,0,,,,,461.567150916002,,461.5580610409961,461.567150916002,462.55591750000895,462.55591750000895,462.55591750000895,462.55591750000895,462.5636013750045,463.55637508300424,463.55637508300424,464.38155662499776,x,1,0.8179309580009431,None,,,,,parti2,001,2025-10-02_15h11.06.451,MotorSequenceLearning_NupurShah,,2025.1.1,119.29573714860963,2025-10-02 15h11.40.196533 +0530,
150,v,161,1,40,v,1,1.1416436659928877,None,40,1,161,1,,,,,464.4065052079968,,464.3821802080056,464.4065052079968,465.382245832996,465.382245832996,465.382245832996,465.382245832996,465.39715479100414,466.38168470800156,466.38168470800156,467.5312407910096,v,1,1.1416436659928877,None,,,,,parti2,001,2025-10-02_15h11.06.451,MotorSequenceLearning_NupurShah,,2025.1.1,119.29573714860963,2025-10-02 15h11.40.196533 +0530,
50,c,162,2,40,c,1,0.7791278740041889,None,40,2,162,2,,,,,467.5414990410063,,467.53175537500647,467.5414990410063,468.53189533299883,468.53189533299883,468.53189533299883,468.53189533299883,468.53988345799735,469.5231898330094,469.5231898330094,470.30717749999894,c,1,0.7791278740041889,None,,,,,parti2,001,2025-10-02_15h11.06.451,MotorSequenceLearning_NupurShah,,2025.1.1,119.29573714860963,2025-10-02 15h11.40.196533 +0530,
-150,z,163,3,40,z,1,0.7245497070107376,None,40,3,163,3,,,,,470.3137101250031,,470.3076468329964,470.3137101250031,471.29818275000434,471.29818275000434,471.29818275000434,471.29818275000434,471.30600233300356,472.29770333300985,472.29770333300985,473.0245793750073,z,1,0.7245497070107376,None,,,,,parti2,001,2025-10-02_15h11.06.451,MotorSequenceLearning_NupurShah,,2025.1.1,119.29573714860963,2025-10-02 15h11.40.196533 +0530,
-50,x,164,0,41,x,1,0.7569508329906967,None,41,0,164,0,,,,,473.0312390830077,,473.02504170800967,473.0312390830077,474.0227551249991,474.0227551249991,474.0227551249991,474.0227551249991,474.03045270800067,475.0232367080025,475.0232367080025,475.78168779100815,x,1,0.7569508329906967,None,,,,,parti2,001,2025-10-02_15h11.06.451,MotorSequenceLearning_NupurShah,,2025.1.1,119.29573714860963,2025-10-02 15h11.40.196533 +0530,
150,v,165,1,41,v,1,0.8283642490132479,None,41,1,165,1,,,,,475.8067603750096,,475.7822857499996,475.8067603750096,476.7823488330032,476.7823488330032,476.7823488330032,476.7823488330032,476.7979285409965,477.78178099999786,477.78178099999786,478.61496891600837,v,1,0.8283642490132479,None,,,,,parti2,001,2025-10-02_15h11.06.451,MotorSequenceLearning_NupurShah,,2025.1.1,119.29573714860963,2025-10-02 15h11.40.196533 +0530,
50,c,166,2,41,c,1,0.8785108330048388,None,41,2,166,2,,,,,478.6253270830057,,478.61549179100257,478.6253270830057,479.6153472080041,479.6153472080041,479.6153472080041,479.6153472080041,479.623254332997,480.6156149580056,480.6156149580056,481.4979432079999,c,1,0.8785108330048388,None,,,,,parti2,001,2025-10-02_15h11.06.451,MotorSequenceLearning_NupurShah,,2025.1.1,119.29573714860963,2025-10-02 15h11.40.196533 +0530,
-150,z,167,3,41,z,1,0.9541445409995504,None,41,3,167,3,,,,,481.5080719580001,,481.4984437910025,481.5080719580001,482.4894623750006,482.4894623750006,482.4894623750006,482.4894623750006,482.50682895800855,483.49002158299845,483.49002158299845,484.4483262499998,z,1,0.9541445409995504,None,,,,,parti2,001,2025-10-02_15h11.06.451,MotorSequenceLearning_NupurShah,,2025.1.1,119.29573714860963,2025-10-02 15h11.40.196533 +0530,
-50,x,168,0,42,x,1,0.6654908740019891,None,42,0,168,0,,,,,484.458086041006,,484.44879720800964,484.458086041006,485.44902166600514,485.44902166600514,485.44902166600514,485.44902166600514,485.4571261250094,486.4395425410039,486.4395425410039,487.10763425000187,x,1,0.6654908740019891,None,,,,,parti2,001,2025-10-02_15h11.06.451,MotorSequenceLearning_NupurShah,,2025.1.1,119.29573714860963,2025-10-02 15h11.40.196533 +0530,
150,v,169,1,42,v,1,0.8478079159976915,None,42,1,169,1,,,,,487.11787341600575,,487.1082011249964,487.11787341600575,488.0993682499975,488.0993682499975,488.0993682499975,488.0993682499975,488.1146802500007,489.1062228750088,489.1062228750088,489.9580104159977,v,1,0.8478079159976915,None,,,,,parti2,001,2025-10-02_15h11.06.451,MotorSequenceLearning_NupurShah,,2025.1.1,119.29573714860963,2025-10-02 15h11.40.196533 +0530,
50,c,170,2,42,c,1,0.782806666000397,None,42,2,170,2,,,,,489.9682493750006,,489.9585604580061,489.9682493750006,490.9562781660061,490.9562781660061,490.9562781660061,490.9562781660061,490.9639635000058,491.95624187499925,491.95624187499925,492.74165858300694,c,1,0.782806666000397,None,,,,,parti2,001,2025-10-02_15h11.06.451,MotorSequenceLearning_NupurShah,,2025.1.1,119.29573714860963,2025-10-02 15h11.40.196533 +0530,
-150,z,171,3,42,z,1,0.827485041008913,None,42,3,171,3,,,,,492.7522713750077,,492.74225708300946,492.7522713750077,493.73967791600444,493.73967791600444,493.73967791600444,493.73967791600444,493.74759900000936,494.73965662500996,494.73965662500996,495.5747912500083,z,1,0.827485041008913,None,,,,,parti2,001,2025-10-02_15h11.06.451,MotorSequenceLearning_NupurShah,,2025.1.1,119.29573714860963,2025-10-02 15h11.40.196533 +0530,
-50,x,172,0,43,x,1,0.91098591600894,None,43,0,172,0,,,,,495.5842603750061,,495.5752757500013,495.5842603750061,496.57292099999904,496.57292099999904,496.57292099999904,496.57292099999904,496.58054979100416,497.57293220800057,497.57293220800057,498.4907834580081,x,1,0.91098591600894,None,,,,,parti2,001,2025-10-02_15h11.06.451,MotorSequenceLearning_NupurShah,,2025.1.1,119.29573714860963,2025-10-02 15h11.40.196533 +0530,
150,v,173,1,43,v,1,1.0176317500008736,None,43,1,173,1,,,,,498.50016045800294,,498.491302541006,498.50016045800294,499.48231487500016,499.48231487500016,499.48231487500016,499.48231487500016,499.49789504100045,500.4824251250102,500.4824251250102,501.50782658300886,v,1,1.0176317500008736,None,,,,,parti2,001,2025-10-02_15h11.06.451,MotorSequenceLearning_NupurShah,,2025.1.1,119.29573714860963,2025-10-02 15h11.40.196533 +0530,
50,c,174,2,43,c,1,0.9027150409965543,None,43,2,174,2,,,,,501.51685854099924,,501.50830120799947,501.51685854099924,502.4990528750059,502.4990528750059,502.4990528750059,502.4990528750059,502.51402445799613,503.49827379100316,503.49827379100316,504.4082542499964,c,1,0.9027150409965543,None,,,,,parti2,001,2025-10-02_15h11.06.451,MotorSequenceLearning_NupurShah,,2025.1.1,119.29573714860963,2025-10-02 15h11.40.196533 +0530,
-150,z,175,3,43,z,1,0.9621091239969246,None,43,3,175,3,,,,,504.4176160830102,,504.4087347080058,504.4176160830102,505.40661220799666,505.40661220799666,505.40661220799666,505.40661220799666,505.4147221250023,506.406932124999,506.406932124999,507.3753657500056,z,1,0.9621091239969246,None,,,,,parti2,001,2025-10-02_15h11.06.451,MotorSequenceLearning_NupurShah,,2025.1.1,119.29573714860963,2025-10-02 15h11.40.196533 +0530,
-50,x,176,0,44,x,1,1.1813320410001324,None,44,0,176,0,,,,,507.38552229100605,,507.37590904100216,507.38552229100605,508.37314350000815,508.37314350000815,508.37314350000815,508.37314350000815,508.3804667079967,509.37357762499596,509.37357762499596,510.55833183300274,x,1,1.1813320410001324,None,,,,,parti2,001,2025-10-02_15h11.06.451,MotorSequenceLearning_NupurShah,,2025.1.1,119.29573714860963,2025-10-02 15h11.40.196533 +0530,
150,v,177,1,44,v,1,0.9288058329984779,None,44,1,177,1,,,,,510.5680217909976,,510.5588253330061,510.5680217909976,511.55707329099823,511.55707329099823,511.55707329099823,511.55707329099823,511.56479324999964,512.5570600000065,512.5570600000065,513.4917382080021,v,1,0.9288058329984779,None,,,,,parti2,001,2025-10-02_15h11.06.451,MotorSequenceLearning_NupurShah,,2025.1.1,119.29573714860963,2025-10-02 15h11.40.196533 +0530,
50,c,178,2,44,c,1,0.8725327080028364,None,44,2,178,2,,,,,513.5015013329976,,513.492226250004,513.5015013329976,514.4899877910066,514.4899877910066,514.4899877910066,514.4899877910066,514.4977677080024,515.4903790829994,515.4903790829994,516.3642003330024,c,1,0.8725327080028364,None,,,,,parti2,001,2025-10-02_15h11.06.451,MotorSequenceLearning_NupurShah,,2025.1.1,119.29573714860963,2025-10-02 15h11.40.196533 +0530,
-150,z,179,3,44,z,1,0.7568181239912519,None,44,3,179,3,,,,,516.3734617910086,,516.3646760410047,516.3734617910086,517.356600375002,517.356600375002,517.356600375002,517.356600375002,517.3645904160076,518.3570781660092,518.3570781660092,519.1154679580068,z,1,0.7568181239912519,None,,,,,parti2,001,2025-10-02_15h11.06.451,MotorSequenceLearning_NupurShah,,2025.1.1,119.29573714860963,2025-10-02 15h11.40.196533 +0530,
-50,x,180,0,45,x,1,0.6890538320003543,None,45,0,180,0,,,,,519.1260278749978,,519.1161057080026,519.1260278749978,520.1155648330023,520.1155648330023,520.1155648330023,520.1155648330023,520.1237924580055,521.1156970410084,521.1156970410084,521.8086138750077,x,1,0.6890538320003543,None,,,,,parti2,001,2025-10-02_15h11.06.451,MotorSequenceLearning_NupurShah,,2025.1.1,119.29573714860963,2025-10-02 15h11.40.196533 +0530,
150,v,181,1,45,v,1,0.7430271240009461,None,45,1,181,1,,,,,521.8188326250092,,521.8091622909997,521.8188326250092,522.806691040998,522.806691040998,522.806691040998,522.806691040998,522.8145175829995,523.8066546659975,523.8066546659975,524.5586705830065,v,1,0.7430271240009461,None,,,,,parti2,001,2025-10-02_15h11.06.451,MotorSequenceLearning_NupurShah,,2025.1.1,119.29573714860963,2025-10-02 15h11.40.196533 +0530,
50,c,182,2,45,c,1,0.813509248997434,None,45,2,182,2,,,,,524.5690923329967,,524.5592182910041,524.5690923329967,525.5567322499992,525.5567322499992,525.5567322499992,525.5567322499992,525.5642887910071,526.5571784159984,526.5571784159984,527.3751447499963,c,1,0.813509248997434,None,,,,,parti2,001,2025-10-02_15h11.06.451,MotorSequenceLearning_NupurShah,,2025.1.1,119.29573714860963,2025-10-02 15h11.40.196533 +0530,
-150,z,183,3,45,z,1,0.9548228740022751,None,45,3,183,3,,,,,527.3848720829992,,527.3756413750089,527.3848720829992,528.3734425000002,528.3734425000002,528.3734425000002,528.3734425000002,528.3807646250061,529.3738834579999,529.3738834579999,530.3322477500042,z,1,0.9548228740022751,None,,,,,parti2,001,2025-10-02_15h11.06.451,MotorSequenceLearning_NupurShah,,2025.1.1,119.29573714860963,2025-10-02 15h11.40.196533 +0530,
-50,x,184,0,46,x,1,0.8090115829982096,None,46,0,184,0,,,,,530.342380208007,,530.3327439580025,530.342380208007,531.3328394160053,531.3328394160053,531.3328394160053,531.3328394160053,531.3401648330037,532.3234728749958,532.3234728749958,533.1417423750099,x,1,0.8090115829982096,None,,,,,parti2,001,2025-10-02_15h11.06.451,MotorSequenceLearning_NupurShah,,2025.1.1,119.29573714860963,2025-10-02 15h11.40.196533 +0530,
150,v,185,1,46,v,1,1.1364726239989977,None,46,1,185,1,,,,,533.1515120830009,,533.1422091660061,533.1515120830009,534.1329140000016,534.1329140000016,534.1329140000016,534.1329140000016,534.1484746250062,535.1400848330086,535.1400848330086,536.2831701660034,v,1,1.1364726239989977,None,,,,,parti2,001,2025-10-02_15h11.06.451,MotorSequenceLearning_NupurShah,,2025.1.1,119.29573714860963,2025-10-02 15h11.40.196533 +0530,
50,c,186,2,46,c,1,1.1344285410013981,None,46,2,186,2,,,,,536.2926815410028,,536.2836457500089,536.2926815410028,537.2825513330026,537.2825513330026,537.2825513330026,537.2825513330026,537.2908552500012,538.2822088329995,538.2822088329995,539.4254798330076,c,1,1.1344285410013981,None,,,,,parti2,001,2025-10-02_15h11.06.451,MotorSequenceLearning_NupurShah,,2025.1.1,119.29573714860963,2025-10-02 15h11.40.196533 +0530,
-150,z,187,3,46,z,1,1.1311766659928253,None,46,3,187,3,,,,,539.4350861660059,,539.4259722499992,539.4350861660059,540.4236240830069,540.4236240830069,540.4236240830069,540.4236240830069,540.4311134160089,541.4234910410014,541.4234910410014,542.5584095000086,z,1,1.1311766659928253,None,,,,,parti2,001,2025-10-02_15h11.06.451,MotorSequenceLearning_NupurShah,,2025.1.1,119.29573714860963,2025-10-02 15h11.40.196533 +0530,
-50,x,188,0,47,x,1,1.0207996660028584,None,47,0,188,0,,,,,542.567622165996,,542.5588720829983,542.567622165996,543.5500302080036,543.5500302080036,543.5500302080036,543.5500302080036,543.5577735830011,544.5487953330012,544.5487953330012,545.5746702500037,x,1,1.0207996660028584,None,,,,,parti2,001,2025-10-02_15h11.06.451,MotorSequenceLearning_NupurShah,,2025.1.1,119.29573714860963,2025-10-02 15h11.40.196533 +0530,
150,v,189,1,47,v,1,0.8423081660002936,None,47,1,189,1,,,,,545.5843190410087,,545.5751477500016,545.5843190410087,546.5655078330019,546.5655078330019,546.5655078330019,546.5655078330019,546.5812078330055,547.5662335829984,547.5662335829984,548.415947750007,v,1,0.8423081660002936,None,,,,,parti2,001,2025-10-02_15h11.06.451,MotorSequenceLearning_NupurShah,,2025.1.1,119.29573714860963,2025-10-02 15h11.40.196533 +0530,
50,c,190,2,47,c,1,0.7191428739897674,None,47,2,190,2,,,,,548.4407638330013,,548.4166639580071,548.4407638330013,549.4166079999995,549.4166079999995,549.4166079999995,549.4166079999995,549.4320506660006,550.4163410409965,550.4163410409965,551.1417789999978,c,1,0.7191428739897674,None,,,,,parti2,001,2025-10-02_15h11.06.451,MotorSequenceLearning_NupurShah,,2025.1.1,119.29573714860963,2025-10-02 15h11.40.196533 +0530,
-150,z,191,3,47,z,1,0.8365543319960125,None,47,3,191,3,,,,,551.1516460410057,,551.1423658749991,551.1516460410057,552.1335501249996,552.1335501249996,552.1335501249996,552.1335501249996,552.1494659160089,553.133042875008,553.133042875008,553.9755509160022,z,1,0.8365543319960125,None,,,,,parti2,001,2025-10-02_15h11.06.451,MotorSequenceLearning_NupurShah,,2025.1.1,119.29573714860963,2025-10-02 15h11.40.196533 +0530,
-50,x,192,0,48,x,1,0.7939645409933291,None,48,0,192,0,,,,,553.9853679579974,,553.9760367080016,553.9853679579974,554.9736350000021,554.9736350000021,554.9736350000021,554.9736350000021,554.9812658330047,555.9737117500044,555.9737117500044,556.7759420410002,x,1,0.7939645409933291,None,,,,,parti2,001,2025-10-02_15h11.06.451,MotorSequenceLearning_NupurShah,,2025.1.1,119.29573714860963,2025-10-02 15h11.40.196533 +0530,
150,v,193,1,48,v,1,2.440566833000048,None,48,1,193,1,,,,,556.7860723750055,,556.7765173750086,556.7860723750055,557.7737902910012,557.7737902910012,557.7737902910012,557.7737902910012,557.781429374998,558.7736955830042,558.7736955830042,561.2156875410001,v,1,2.440566833000048,None,,,,,parti2,001,2025-10-02_15h11.06.451,MotorSequenceLearning_NupurShah,,2025.1.1,119.29573714860963,2025-10-02 15h11.40.196533 +0530,
50,c,194,2,48,c,1,0.5910085830109892,None,48,2,194,2,,,,,561.2242781250097,,561.2162190410018,561.2242781250097,562.2162280830089,562.2162280830089,562.2162280830089,562.2162280830089,562.2162280830089,563.20716541601,563.20716541601,563.7994802080066,c,1,0.5910085830109892,None,,,,,parti2,001,2025-10-02_15h11.06.451,MotorSequenceLearning_NupurShah,,2025.1.1,119.29573714860963,2025-10-02 15h11.40.196533 +0530,
-150,z,195,3,48,z,1,0.8174257079954259,None,48,3,195,3,,,,,563.8092762500019,,563.7999923330062,563.8092762500019,564.8001945410069,564.8001945410069,564.8001945410069,564.8001945410069,564.8085830830096,565.7996683329984,565.7996683329984,566.6260853330023,z,1,0.8174257079954259,None,,,,,parti2,001,2025-10-02_15h11.06.451,MotorSequenceLearning_NupurShah,,2025.1.1,119.29573714860963,2025-10-02 15h11.40.196533 +0530,
-50,x,196,0,49,x,1,0.8724870409932919,None,49,0,196,0,,,,,566.6363767080038,,566.6267180830037,566.6363767080038,567.6243710410054,567.6243710410054,567.6243710410054,567.6243710410054,567.6320198750036,568.6246796250052,568.6246796250052,569.4995689159987,x,1,0.8724870409932919,None,,,,,parti2,001,2025-10-02_15h11.06.451,MotorSequenceLearning_NupurShah,,2025.1.1,119.29573714860963,2025-10-02 15h11.40.196533 +0530,
150,v,197,1,49,v,1,0.7591141239972785,None,49,1,197,1,,,,,569.5244943750004,,569.5001539160003,569.5244943750004,570.500093249997,570.500093249997,570.500093249997,570.500093249997,570.5157847500086,571.490978916001,571.490978916001,572.2591833750048,v,1,0.7591141239972785,None,,,,,parti2,001,2025-10-02_15h11.06.451,MotorSequenceLearning_NupurShah,,2025.1.1,119.29573714860963,2025-10-02 15h11.40.196533 +0530,
50,c,198,2,49,c,1,0.8983284159912728,None,49,2,198,2,,,,,572.2690375829989,,572.2597110000061,572.2690375829989,573.2503420410067,573.2503420410067,573.2503420410067,573.2503420410067,573.2654404159985,574.2577373329987,574.2577373329987,575.1593466659979,c,1,0.8983284159912728,None,,,,,parti2,001,2025-10-02_15h11.06.451,MotorSequenceLearning_NupurShah,,2025.1.1,119.29573714860963,2025-10-02 15h11.40.196533 +0530,
-150,z,199,3,49,z,1,0.8011572070099646,None,49,3,199,3,,,,,575.1697547910007,,575.1600470830017,575.1697547910007,576.1573326250073,576.1573326250073,576.1573326250073,576.1573326250073,576.1650645409973,577.1577565409971,577.1577565409971,577.9670365830098,z,1,0.8011572070099646,None,,,,,parti2,001,2025-10-02_15h11.06.451,MotorSequenceLearning_NupurShah,,2025.1.1,119.29573714860963,2025-10-02 15h11.40.196533 +0530,
150,v,0,0,0,v,1,1.0590434160112636,None,,,,,0,0,0,1,577.9967825409985,,577.9879322909983,577.9967825409985,578.9671002499963,578.9671002499963,578.9671002499963,578.9671002499963,578.9907061249978,579.9650205829967,579.9650205829967,581.0259465830022,,,,,v,1,1.0590434160112636,None,parti2,001,2025-10-02_15h11.06.451,MotorSequenceLearning_NupurShah,,2025.1.1,119.29573714860963,2025-10-02 15h11.40.196533 +0530,
-150,z,1,1,0,z,1,0.8051465410098899,None,,,,,0,1,1,3,581.0363857909979,,581.0265391660068,581.0363857909979,582.0241207500076,582.0241207500076,582.0241207500076,582.0241207500076,582.0319061250048,583.0240405829973,583.0240405829973,583.8331020000041,,,,,z,1,0.8051465410098899,None,parti2,001,2025-10-02_15h11.06.451,MotorSequenceLearning_NupurShah,,2025.1.1,119.29573714860963,2025-10-02 15h11.40.196533 +0530,
150,v,2,2,1,v,1,0.9249108739895746,None,,,,,1,2,2,1,583.8427949159959,,583.833613750001,583.8427949159959,584.832719500002,584.832719500002,584.832719500002,584.832719500002,584.8407796249958,585.8240983330033,585.8240983330033,586.759302624996,,,,,v,1,0.9249108739895746,None,parti2,001,2025-10-02_15h11.06.451,MotorSequenceLearning_NupurShah,,2025.1.1,119.29573714860963,2025-10-02 15h11.40.196533 +0530,
50,c,3,3,0,c,1,0.6951654159929603,None,,,,,0,3,3,2,586.7690873329993,,586.7597964580054,586.7690873329993,587.7505544160085,587.7505544160085,587.7505544160085,587.7505544160085,587.766030083003,588.7579519999999,588.7579519999999,589.4596073330031,,,,,c,1,0.6951654159929603,None,parti2,001,2025-10-02_15h11.06.451,MotorSequenceLearning_NupurShah,,2025.1.1,119.29573714860963,2025-10-02 15h11.40.196533 +0530,
150,v,4,4,2,v,1,0.773460750002414,None,,,,,2,4,4,1,589.469785416004,,589.460179791,589.469785416004,590.4575630409963,590.4575630409963,590.4575630409963,590.4575630409963,590.4652422910003,591.4575020000048,591.4575020000048,592.2327941249969,,,,,v,1,0.773460750002414,None,parti2,001,2025-10-02_15h11.06.451,MotorSequenceLearning_NupurShah,,2025.1.1,119.29573714860963,2025-10-02 15h11.40.196533 +0530,
150,v,5,5,3,v,1,0.6677303329925053,None,,,,,3,5,5,1,592.2430457080045,,592.2332925829978,592.2430457080045,593.2335982500081,593.2335982500081,593.2335982500081,593.2335982500081,593.2408384580049,594.2332808330102,594.2332808330102,594.9094411249971,,,,,v,1,0.6677303329925053,None,parti2,001,2025-10-02_15h11.06.451,MotorSequenceLearning_NupurShah,,2025.1.1,119.29573714860963,2025-10-02 15h11.40.196533 +0530,
50,c,6,6,1,c,1,0.6535449160001008,None,,,,,1,6,6,2,594.9193506250012,,594.909932333001,594.9193506250012,595.9075779580016,595.9075779580016,595.9075779580016,595.9075779580016,595.9156942910049,596.9083482080023,596.9083482080023,597.5668115410081,,,,,c,1,0.6535449160001008,None,parti2,001,2025-10-02_15h11.06.451,MotorSequenceLearning_NupurShah,,2025.1.1,119.29573714860963,2025-10-02 15h11.40.196533 +0530,
150,v,7,7,4,v,1,0.7319159159960691,None,,,,,4,7,7,1,597.5914774999983,,597.5672960829979,597.5914774999983,598.5671147499961,598.5671147499961,598.5671147499961,598.5671147499961,598.5819377500011,599.5669425410015,599.5669425410015,600.3001298330055,,,,,v,1,0.7319159159960691,None,parti2,001,2025-10-02_15h11.06.451,MotorSequenceLearning_NupurShah,,2025.1.1,119.29573714860963,2025-10-02 15h11.40.196533 +0530,
-50,x,8,8,0,x,1,1.0799948750063777,None,,,,,0,8,8,0,600.3103880410054,,600.300614125008,600.3103880410054,601.3013205830066,601.3013205830066,601.3013205830066,601.3013205830066,601.3091902500018,602.2909651250084,602.2909651250084,603.3761263750057,,,,,x,1,1.0799948750063777,None,parti2,001,2025-10-02_15h11.06.451,MotorSequenceLearning_NupurShah,,2025.1.1,119.29573714860963,2025-10-02 15h11.40.196533 +0530,
-50,x,9,9,1,x,1,0.7334977490099845,None,,,,,1,9,9,0,603.3855316249974,,603.376613875007,603.3855316249974,604.3750282910041,604.3750282910041,604.3750282910041,604.3750282910041,604.3832310410071,605.3743348330026,605.3743348330026,606.1165222080017,,,,,x,1,0.7334977490099845,None,parti2,001,2025-10-02_15h11.06.451,MotorSequenceLearning_NupurShah,,2025.1.1,119.29573714860963,2025-10-02 15h11.40.196533 +0530,
-50,x,10,10,2,x,1,1.101620457993704,None,,,,,2,10,10,0,606.1268905409961,,606.1169998330006,606.1268905409961,607.1158147079987,607.1158147079987,607.1158147079987,607.1158147079987,607.1248175829969,608.1162745000038,608.1162745000038,609.2260062910063,,,,,x,1,1.101620457993704,None,parti2,001,2025-10-02_15h11.06.451,MotorSequenceLearning_NupurShah,,2025.1.1,119.29573714860963,2025-10-02 15h11.40.196533 +0530,
-150,z,11,11,1,z,1,0.7934063749999041,None,,,,,1,11,11,3,609.2348780000029,,609.2263932500064,609.2348780000029,610.224419582999,610.224419582999,610.224419582999,610.224419582999,610.2321089580073,611.2243268750026,611.2243268750026,612.0256201660086,,,,,z,1,0.7934063749999041,None,parti2,001,2025-10-02_15h11.06.451,MotorSequenceLearning_NupurShah,,2025.1.1,119.29573714860963,2025-10-02 15h11.40.196533 +0530,
150,v,12,12,5,v,1,0.8822526239964645,None,,,,,5,12,12,1,612.0349787080049,,612.0261022080085,612.0349787080049,613.0173013330059,613.0173013330059,613.0173013330059,613.0173013330059,613.0322385409963,614.0244202500035,614.0244202500035,614.9096974999993,,,,,v,1,0.8822526239964645,None,parti2,001,2025-10-02_15h11.06.451,MotorSequenceLearning_NupurShah,,2025.1.1,119.29573714860963,2025-10-02 15h11.40.196533 +0530,
-50,x,13,13,3,x,1,1.1003346659999806,None,,,,,3,13,13,0,614.9197572080011,,614.9104662080063,614.9197572080011,615.908388833006,615.908388833006,615.908388833006,615.908388833006,615.9160033750086,616.9083155410044,616.9083155410044,618.0163470830012,,,,,x,1,1.1003346659999806,None,parti2,001,2025-10-02_15h11.06.451,MotorSequenceLearning_NupurShah,,2025.1.1,119.29573714860963,2025-10-02 15h11.40.196533 +0530,
-150,z,14,14,2,z,1,0.8160320830065757,None,,,,,2,14,14,3,618.0265464160038,,618.0168421249982,618.0265464160038,619.0078213750094,619.0078213750094,619.0078213750094,619.0078213750094,619.0252739580028,620.0175345410098,620.0175345410098,620.8432601660024,,,,,z,1,0.8160320830065757,None,parti2,001,2025-10-02_15h11.06.451,MotorSequenceLearning_NupurShah,,2025.1.1,119.29573714860963,2025-10-02 15h11.40.196533 +0530,
-150,z,15,15,3,z,1,0.7619341240060749,None,,,,,3,15,15,3,620.8536285000009,,620.8438556659967,620.8536285000009,621.8411362909974,621.8411362909974,621.8411362909974,621.8411362909974,621.8488063749974,622.8418322910002,622.8418322910002,623.6098024160019,,,,,z,1,0.7619341240060749,None,parti2,001,2025-10-02_15h11.06.451,MotorSequenceLearning_NupurShah,,2025.1.1,119.29573714860963,2025-10-02 15h11.40.196533 +0530,
-150,z,16,16,4,z,1,1.3196442079934059,None,,,,,4,16,16,3,623.6198409159988,,623.6103332500061,623.6198409159988,624.6085246660077,624.6085246660077,624.6085246660077,624.6085246660077,624.6162253329967,625.6079066660022,625.6079066660022,626.9337037500081,,,,,z,1,1.3196442079934059,None,parti2,001,2025-10-02_15h11.06.451,MotorSequenceLearning_NupurShah,,2025.1.1,119.29573714860963,2025-10-02 15h11.40.196533 +0530,
50,c,17,17,2,c,1,0.938155748997815,None,,,,,2,17,17,2,626.943893290998,,626.9342266660096,626.943893290998,627.9331661250035,627.9331661250035,627.9331661250035,627.9331661250035,627.9417437910015,628.9336339160072,628.9336339160072,629.8764906660072,,,,,c,1,0.938155748997815,None,parti2,001,2025-10-02_15h11.06.451,MotorSequenceLearning_NupurShah,,2025.1.1,119.29573714860963,2025-10-02 15h11.40.196533 +0530,
-50,x,18,18,4,x,1,0.850935374997789,None,,,,,4,18,18,0,629.887033166,,629.8770130830089,629.887033166,630.874678291002,630.874678291002,630.874678291002,630.874678291002,630.8823235000018,631.8747431250085,631.8747431250085,632.733571290999,,,,,x,1,0.850935374997789,None,parti2,001,2025-10-02_15h11.06.451,MotorSequenceLearning_NupurShah,,2025.1.1,119.29573714860963,2025-10-02 15h11.40.196533 +0530,
50,c,19,19,3,c,1,1.0086418330029119,None,,,,,3,19,19,2,632.7440502910031,,632.7341562910005,632.7440502910031,633.7338622910029,633.7338622910029,633.7338622910029,633.7338622910029,633.7418618329975,634.733865333008,634.733865333008,635.750159208008,,,,,c,1,1.0086418330029119,None,parti2,001,2025-10-02_15h11.06.451,MotorSequenceLearning_NupurShah,,2025.1.1,119.29573714860963,2025-10-02 15h11.40.196533 +0530,
-50,x,20,20,5,x,1,0.8916879160096869,None,,,,,5,20,20,0,635.7603086250019,,635.7506610830023,635.7603086250019,636.7507872499991,636.7507872499991,636.7507872499991,636.7507872499991,636.758569291007,637.7418991250015,637.7418991250015,638.643634041,,,,,x,1,0.8916879160096869,None,parti2,001,2025-10-02_15h11.06.451,MotorSequenceLearning_NupurShah,,2025.1.1,119.29573714860963,2025-10-02 15h11.40.196533 +0530,
150,v,21,21,6,v,1,0.8935354580025887,None,,,,,6,21,21,1,638.6537457079976,,638.6443888750073,638.6537457079976,639.6415941660089,639.6415941660089,639.6415941660089,639.6415941660089,639.6492728330049,640.6419261660049,640.6419261660049,641.5430897500046,,,,,v,1,0.8935354580025887,None,parti2,001,2025-10-02_15h11.06.451,MotorSequenceLearning_NupurShah,,2025.1.1,119.29573714860963,2025-10-02 15h11.40.196533 +0530,
50,c,22,22,4,c,1,0.752158999996027,None,,,,,4,22,22,2,641.5527696659992,,641.5435867909982,641.5527696659992,642.5342970830097,642.5342970830097,642.5342970830097,642.5342970830097,642.5499175000004,643.5333889160102,643.5333889160102,644.2930611250049,,,,,c,1,0.752158999996027,None,parti2,001,2025-10-02_15h11.06.451,MotorSequenceLearning_NupurShah,,2025.1.1,119.29573714860963,2025-10-02 15h11.40.196533 +0530,
50,c,23,23,5,c,1,2.2403233740042197,None,,,,,5,23,23,2,644.3023575830011,,644.2935452910024,644.3023575830011,645.284262125002,645.284262125002,645.284262125002,645.284262125002,645.2999025000026,646.2829755410057,646.2829755410057,648.526715333006,,,,,c,1,2.2403233740042197,None,parti2,001,2025-10-02_15h11.06.451,MotorSequenceLearning_NupurShah,,2025.1.1,119.29573714860963,2025-10-02 15h11.40.196533 +0530,
-150,z,24,24,5,z,1,1.053642208004021,None,,,,,5,24,24,3,648.5367414159991,,648.5273029579985,648.5367414159991,649.5248959580058,649.5248959580058,649.5248959580058,649.5248959580058,649.5324928750051,650.5248220829963,650.5248220829963,651.5839098330034,,,,,z,1,1.053642208004021,None,parti2,001,2025-10-02_15h11.06.451,MotorSequenceLearning_NupurShah,,2025.1.1,119.29573714860963,2025-10-02 15h11.40.196533 +0530,
-50,x,25,25,6,x,1,0.9372547499951907,None,,,,,6,25,25,0,651.5940952500096,,651.5844239580038,651.5940952500096,652.5845610830002,652.5845610830002,652.5845610830002,652.5845610830002,652.5926803750044,653.583169125006,653.583169125006,654.526749333003,,,,,x,1,0.9372547499951907,None,parti2,001,2025-10-02_15h11.06.451,MotorSequenceLearning_NupurShah,,2025.1.1,119.29573714860963,2025-10-02 15h11.40.196533 +0530,
-150,z,26,26,6,z,1,0.9016983740002615,None,,,,,6,26,26,3,654.536136499999,,654.5272308330022,654.536136499999,655.5257352909975,655.5257352909975,655.5257352909975,655.5257352909975,655.5334960830078,656.5254425410094,656.5254425410094,657.4345013330021,,,,,z,1,0.9016983740002615,None,parti2,001,2025-10-02_15h11.06.451,MotorSequenceLearning_NupurShah,,2025.1.1,119.29573714860963,2025-10-02 15h11.40.196533 +0530,
50,c,27,27,6,c,1,1.0890970409964211,None,,,,,6,27,27,2,657.4589689999993,,657.4350290410075,657.4589689999993,658.4345522910007,658.4345522910007,658.4345522910007,658.4345522910007,658.4500853750069,659.4341226249962,659.4341226249962,660.5267074160074,,,,,c,1,1.0890970409964211,None,parti2,001,2025-10-02_15h11.06.451,MotorSequenceLearning_NupurShah,,2025.1.1,119.29573714860963,2025-10-02 15h11.40.196533 +0530,
150,v,28,28,7,v,1,0.8401138740009628,None,,,,,7,28,28,1,660.5363543330022,,660.5271904160036,660.5363543330022,661.5257186660019,661.5257186660019,661.5257186660019,661.5257186660019,661.533790750007,662.525094666009,662.525094666009,663.3674902909988,,,,,v,1,0.8401138740009628,None,parti2,001,2025-10-02_15h11.06.451,MotorSequenceLearning_NupurShah,,2025.1.1,119.29573714860963,2025-10-02 15h11.40.196533 +0530,
150,v,29,29,8,v,1,0.8708882490027463,None,,,,,8,29,29,1,663.3922541659995,,663.3680815410044,663.3922541659995,664.3678631660005,664.3678631660005,664.3678631660005,664.3678631660005,664.383359540996,665.3664571660047,665.3664571660047,666.2439972080028,,,,,v,1,0.8708882490027463,None,parti2,001,2025-10-02_15h11.06.451,MotorSequenceLearning_NupurShah,,2025.1.1,119.29573714860963,2025-10-02 15h11.40.196533 +0530,
150,v,30,30,9,v,1,0.8203242070012493,None,,,,,9,30,30,1,666.2542666660011,,666.244592832998,666.2542666660011,667.2417237500049,667.2417237500049,667.2417237500049,667.2417237500049,667.2493693330034,668.2417990410031,668.2417990410031,669.0674634160096,,,,,v,1,0.8203242070012493,None,parti2,001,2025-10-02_15h11.06.451,MotorSequenceLearning_NupurShah,,2025.1.1,119.29573714860963,2025-10-02 15h11.40.196533 +0530,
50,c,31,31,7,c,1,0.7840855829999782,None,,,,,7,31,31,2,669.0773185410071,,669.0679611250089,669.0773185410071,670.0675562499964,670.0675562499964,670.0675562499964,670.0675562499964,670.0751617080095,671.0670893330098,671.0670893330098,671.8601277499984,,,,,c,1,0.7840855829999782,None,parti2,001,2025-10-02_15h11.06.451,MotorSequenceLearning_NupurShah,,2025.1.1,119.29573714860963,2025-10-02 15h11.40.196533 +0530,
50,c,32,32,8,c,1,0.8649567909887992,None,,,,,8,32,32,2,671.8695114580041,,671.8606136250019,671.8695114580041,672.851370999997,672.851370999997,672.851370999997,672.851370999997,672.8667664999957,673.8502786660101,673.8502786660101,674.7174860410014,,,,,c,1,0.8649567909887992,None,parti2,001,2025-10-02_15h11.06.451,MotorSequenceLearning_NupurShah,,2025.1.1,119.29573714860963,2025-10-02 15h11.40.196533 +0530,
50,c,33,33,9,c,1,1.1318727909965673,None,,,,,9,33,33,2,674.7424373329995,,674.7181069159997,674.7424373329995,675.7188012080005,675.7188012080005,675.7188012080005,675.7188012080005,675.7343649999966,676.7172181250062,676.7172181250062,677.8506467499974,,,,,c,1,1.1318727909965673,None,parti2,001,2025-10-02_15h11.06.451,MotorSequenceLearning_NupurShah,,2025.1.1,119.29573714860963,2025-10-02 15h11.40.196533 +0530,
-150,z,34,34,7,z,1,1.0075250410009176,None,,,,,7,34,34,3,677.8608072080096,,677.8511451660015,677.8608072080096,678.8435777499981,678.8435777499981,678.8435777499981,678.8435777499981,678.8509899159981,679.8495833330089,679.8495833330089,680.8604374160059,,,,,z,1,1.0075250410009176,None,parti2,001,2025-10-02_15h11.06.451,MotorSequenceLearning_NupurShah,,2025.1.1,119.29573714860963,2025-10-02 15h11.40.196533 +0530,
-150,z,35,35,8,z,1,0.9128349579987116,None,,,,,8,35,35,3,680.8698564579972,,680.8609268750006,680.8698564579972,681.8518290829961,681.8518290829961,681.8518290829961,681.8518290829961,681.8675307910016,682.8593700000056,682.8593700000056,683.7766541660094,,,,,z,1,0.9128349579987116,None,parti2,001,2025-10-02_15h11.06.451,MotorSequenceLearning_NupurShah,,2025.1.1,119.29573714860963,2025-10-02 15h11.40.196533 +0530,
-50,x,36,36,7,x,1,0.8075948330078973,None,,,,,7,36,36,0,683.7832428330003,,683.7771314999991,683.7832428330003,684.7680639160099,684.7680639160099,684.7680639160099,684.7680639160099,684.7759013750037,685.7753714160062,685.7753714160062,686.5938127910049,,,,,x,1,0.8075948330078973,None,parti2,001,2025-10-02_15h11.06.451,MotorSequenceLearning_NupurShah,,2025.1.1,119.29573714860963,2025-10-02 15h11.40.196533 +0530,
50,c,37,37,10,c,1,1.2449795410066145,None,,,,,10,37,37,2,686.6026456660038,,686.5942979999963,686.6026456660038,687.5866156249976,687.5866156249976,687.5866156249976,687.5866156249976,687.5942662910093,688.5920152500039,688.5920152500039,689.843890832999,,,,,c,1,1.2449795410066145,None,parti2,001,2025-10-02_15h11.06.451,MotorSequenceLearning_NupurShah,,2025.1.1,119.29573714860963,2025-10-02 15h11.40.196533 +0530,
50,c,38,38,11,c,1,0.671892915997887,None,,,,,11,38,38,2,689.8533699160034,,689.8443846660084,689.8533699160034,690.8420330829977,690.8420330829977,690.8420330829977,690.8420330829977,690.8495580000017,691.842061000003,691.842061000003,692.5175993750017,,,,,c,1,0.671892915997887,None,parti2,001,2025-10-02_15h11.06.451,MotorSequenceLearning_NupurShah,,2025.1.1,119.29573714860963,2025-10-02 15h11.40.196533 +0530,
-50,x,39,39,8,x,1,1.0360219160065753,None,,,,,8,39,39,0,692.528143375006,,692.5182833750005,692.528143375006,693.518488791,693.518488791,693.518488791,693.518488791,693.5265847080009,694.5088248329994,694.5088248329994,695.5514796659991,,,,,x,1,1.0360219160065753,None,parti2,001,2025-10-02_15h11.06.451,MotorSequenceLearning_NupurShah,,2025.1.1,119.29573714860963,2025-10-02 15h11.40.196533 +0530,
-50,x,40,40,9,x,1,0.7725603750004666,None,,,,,9,40,40,0,695.576190125008,,695.5519903329987,695.576190125008,696.5530285410059,696.5530285410059,696.5530285410059,696.5530285410059,696.5684355410049,697.5513578329992,697.5513578329992,698.3274241659965,,,,,x,1,0.7725603750004666,None,parti2,001,2025-10-02_15h11.06.451,MotorSequenceLearning_NupurShah,,2025.1.1,119.29573714860963,2025-10-02 15h11.40.196533 +0530,
50,c,41,41,12,c,1,0.9738223329914035,None,,,,,12,41,41,2,698.3373738750088,,698.3279277499969,698.3373738750088,699.3259926659957,699.3259926659957,699.3259926659957,699.3259926659957,699.3333701250085,700.3260290409962,700.3260290409962,701.3014538749994,,,,,c,1,0.9738223329914035,None,parti2,001,2025-10-02_15h11.06.451,MotorSequenceLearning_NupurShah,,2025.1.1,119.29573714860963,2025-10-02 15h11.40.196533 +0530,
150,v,42,42,10,v,1,1.0572887910093414,None,,,,,10,42,42,1,701.3113642079988,,701.3019673329982,701.3113642079988,702.3016231250076,702.3016231250076,702.3016231250076,702.3016231250076,702.3094367910089,703.3005600000033,703.3005600000033,704.360557041,,,,,v,1,1.0572887910093414,None,parti2,001,2025-10-02_15h11.06.451,MotorSequenceLearning_NupurShah,,2025.1.1,119.29573714860963,2025-10-02 15h11.40.196533 +0530,
150,v,43,43,11,v,1,0.857474374002777,None,,,,,11,43,43,1,704.3707555830042,,704.3611686250078,704.3707555830042,705.3594452079997,705.3594452079997,705.3594452079997,705.3594452079997,705.3669851250015,706.359383832998,706.359383832998,707.227465791002,,,,,v,1,0.857474374002777,None,parti2,001,2025-10-02_15h11.06.451,MotorSequenceLearning_NupurShah,,2025.1.1,119.29573714860963,2025-10-02 15h11.40.196533 +0530,
-150,z,44,44,9,z,1,0.7547971659951145,None,,,,,9,44,44,3,707.236845499996,,707.2279906250042,707.236845499996,708.2261082500045,708.2261082500045,708.2261082500045,708.2261082500045,708.233752250002,709.2260417500074,709.2260417500074,709.9849610829988,,,,,z,1,0.7547971659951145,None,parti2,001,2025-10-02_15h11.06.451,MotorSequenceLearning_NupurShah,,2025.1.1,119.29573714860963,2025-10-02 15h11.40.196533 +0530,
50,c,45,45,13,c,1,1.2117310409958009,None,,,,,13,45,45,2,709.9949066660047,,709.9854673750087,709.9949066660047,710.9853148330003,710.9853148330003,710.9853148330003,710.9853148330003,710.9933182079985,711.9840237080061,711.9840237080061,713.2013525829971,,,,,c,1,1.2117310409958009,None,parti2,001,2025-10-02_15h11.06.451,MotorSequenceLearning_NupurShah,,2025.1.1,119.29573714860963,2025-10-02 15h11.40.196533 +0530,
-150,z,46,46,10,z,1,1.1843581249995623,None,,,,,10,46,46,3,713.2114115830045,,713.2018344160024,713.2114115830045,714.2025432500086,714.2025432500086,714.2025432500086,714.2025432500086,714.2102901659964,715.2004398749996,715.2004398749996,716.3942301250063,,,,,z,1,1.1843581249995623,None,parti2,001,2025-10-02_15h11.06.451,MotorSequenceLearning_NupurShah,,2025.1.1,119.29573714860963,2025-10-02 15h11.40.196533 +0530,
50,c,47,47,14,c,1,1.2508961240091594,None,,,,,14,47,47,2,716.4037552079972,,716.3947062910011,716.4037552079972,717.3923511659959,717.3923511659959,717.3923511659959,717.3923511659959,717.3998682500096,718.3928518330067,718.3928518330067,719.6513017910038,,,,,c,1,1.2508961240091594,None,parti2,001,2025-10-02_15h11.06.451,MotorSequenceLearning_NupurShah,,2025.1.1,119.29573714860963,2025-10-02 15h11.40.196533 +0530,
-50,x,48,48,10,x,1,1.2042736240109662,None,,,,,10,48,48,0,719.6618561659998,,719.6519346249988,719.6618561659998,720.6520412910031,720.6520412910031,720.6520412910031,720.6520412910031,720.6602232910082,721.6423679580039,721.6423679580039,722.8516986659961,,,,,x,1,1.2042736240109662,None,parti2,001,2025-10-02_15h11.06.451,MotorSequenceLearning_NupurShah,,2025.1.1,119.29573714860963,2025-10-02 15h11.40.196533 +0530,
150,v,49,49,12,v,1,0.7408358320099069,None,,,,,12,49,49,1,722.8615942080069,,722.8522102080024,722.8615942080069,723.8518417500018,723.8518417500018,723.8518417500018,723.8518417500018,723.859628916005,724.8428974160051,724.8428974160051,725.594234958,,,,,v,1,0.7408358320099069,None,parti2,001,2025-10-02_15h11.06.451,MotorSequenceLearning_NupurShah,,2025.1.1,119.29573714860963,2025-10-02 15h11.40.196533 +0530,
50,c,50,50,15,c,1,0.8687082499964163,None,,,,,15,50,50,2,725.6033237910015,,725.5947308750037,725.6033237910015,726.5924570409989,726.5924570409989,726.5924570409989,726.5924570409989,726.6002687080036,727.5930085830041,727.5930085830041,728.4680287910014,,,,,c,1,0.8687082499964163,None,parti2,001,2025-10-02_15h11.06.451,MotorSequenceLearning_NupurShah,,2025.1.1,119.29573714860963,2025-10-02 15h11.40.196533 +0530,
-150,z,51,51,11,z,1,1.2139909580000676,None,,,,,11,51,51,3,728.4781599580019,,728.4685237500089,728.4781599580019,729.4687560410093,729.4687560410093,729.4687560410093,729.4687560410093,729.4766477500089,730.4596925410005,730.4596925410005,731.6770097499975,,,,,z,1,1.2139909580000676,None,parti2,001,2025-10-02_15h11.06.451,MotorSequenceLearning_NupurShah,,2025.1.1,119.29573714860963,2025-10-02 15h11.40.196533 +0530,
-50,x,52,52,11,x,1,0.8731655409937957,None,,,,,11,52,52,0,731.6836035000015,,731.6775210830092,731.6836035000015,732.6691231250006,732.6691231250006,732.6691231250006,732.6691231250006,732.6767577499995,733.6763788749959,733.6763788749959,734.551516958003,,,,,x,1,0.8731655409937957,None,parti2,001,2025-10-02_15h11.06.451,MotorSequenceLearning_NupurShah,,2025.1.1,119.29573714860963,2025-10-02 15h11.40.196533 +0530,
-50,x,53,53,12,x,1,0.7730116250022547,None,,,,,12,53,53,0,734.5764542499965,,734.5520973329985,734.5764542499965,735.551855083002,735.551855083002,735.551855083002,735.551855083002,735.567134375,736.5425522910082,736.5425522910082,737.3186288750003,,,,,x,1,0.7730116250022547,None,parti2,001,2025-10-02_15h11.06.451,MotorSequenceLearning_NupurShah,,2025.1.1,119.29573714860963,2025-10-02 15h11.40.196533 +0530,
50,c,54,54,16,c,1,1.0628857490082737,None,,,,,16,54,54,2,737.3285517500044,,737.3191339159966,737.3285517500044,738.3186390409974,738.3186390409974,738.3186390409974,738.3186390409974,738.3266160000057,739.3176442499971,739.3176442499971,740.3850732080027,,,,,c,1,1.0628857490082737,None,parti2,001,2025-10-02_15h11.06.451,MotorSequenceLearning_NupurShah,,2025.1.1,119.29573714860963,2025-10-02 15h11.40.196533 +0530,
150,v,55,55,13,v,1,0.7654378329898464,None,,,,,13,55,55,1,740.395185500005,,740.3855896250025,740.395185500005,741.3869151660037,741.3869151660037,741.3869151660037,741.3869151660037,741.3943382500001,742.3760423750064,742.3760423750064,743.1446059580048,,,,,v,1,0.7654378329898464,None,parti2,001,2025-10-02_15h11.06.451,MotorSequenceLearning_NupurShah,,2025.1.1,119.29573714860963,2025-10-02 15h11.40.196533 +0530,
150,v,56,56,14,v,1,0.9992213330115192,None,,,,,14,56,56,1,743.1545102079981,,743.1451187909988,743.1545102079981,744.1427130000084,744.1427130000084,744.1427130000084,744.1427130000084,744.1503904580022,745.1431707080046,745.1431707080046,746.1445563750021,,,,,v,1,0.9992213330115192,None,parti2,001,2025-10-02_15h11.06.451,MotorSequenceLearning_NupurShah,,2025.1.1,119.29573714860963,2025-10-02 15h11.40.196533 +0530,
-150,z,57,57,12,z,1,1.0608132500055945,None,,,,,12,57,57,3,746.1543412500032,,746.145043416007,746.1543412500032,747.1427265829989,747.1427265829989,747.1427265829989,747.1427265829989,747.1503847910062,748.1426101249963,748.1426101249963,749.2116050409968,,,,,z,1,1.0608132500055945,None,parti2,001,2025-10-02_15h11.06.451,MotorSequenceLearning_NupurShah,,2025.1.1,119.29573714860963,2025-10-02 15h11.40.196533 +0530,
-50,x,58,58,13,x,1,1.0904384999885224,None,,,,,13,58,58,0,749.2222448749962,,749.2121682910074,749.2222448749962,750.2102158750058,750.2102158750058,750.2102158750058,750.2102158750058,750.2186067910079,751.2099834160035,751.2099834160035,752.3016393750004,,,,,x,1,1.0904384999885224,None,parti2,001,2025-10-02_15h11.06.451,MotorSequenceLearning_NupurShah,,2025.1.1,119.29573714860963,2025-10-02 15h11.40.196533 +0530,
50,c,59,59,17,c,1,0.9518589570070617,None,,,,,17,59,59,2,752.3093736250012,,752.3021447909996,752.3093736250012,753.302105958006,753.302105958006,753.302105958006,753.302105958006,753.302105958006,754.2933586250001,754.2933586250001,755.2514224159968,,,,,c,1,0.9518589570070617,None,parti2,001,2025-10-02_15h11.06.451,MotorSequenceLearning_NupurShah,,2025.1.1,119.29573714860963,2025-10-02 15h11.40.196533 +0530,
-50,x,60,60,14,x,1,1.0599010409932816,None,,,,,14,60,60,0,755.2619213330036,,755.2519642080006,755.2619213330036,756.2523872080055,756.2523872080055,756.2523872080055,756.2523872080055,756.2604404580052,757.243384750007,757.243384750007,758.3113311659981,,,,,x,1,1.0599010409932816,None,parti2,001,2025-10-02_15h11.06.451,MotorSequenceLearning_NupurShah,,2025.1.1,119.29573714860963,2025-10-02 15h11.40.196533 +0530,
150,v,61,61,15,v,1,2.122890583006665,None,,,,,15,61,61,1,758.3208122500073,,758.3118653749989,758.3208122500073,759.3097145409993,759.3097145409993,759.3097145409993,759.3097145409993,759.3172077080089,760.3100594999996,760.3100594999996,762.4354427500075,,,,,v,1,2.122890583006665,None,parti2,001,2025-10-02_15h11.06.451,MotorSequenceLearning_NupurShah,,2025.1.1,119.29573714860963,2025-10-02 15h11.40.196533 +0530,
-50,x,62,62,15,x,1,0.9634351660060929,None,,,,,15,62,62,0,762.4602505410003,,762.4359473329969,762.4602505410003,763.4371215830033,763.4371215830033,763.4371215830033,763.4371215830033,763.4526462079957,764.4353784999985,764.4353784999985,765.4023164579994,,,,,x,1,0.9634351660060929,None,parti2,001,2025-10-02_15h11.06.451,MotorSequenceLearning_NupurShah,,2025.1.1,119.29573714860963,2025-10-02 15h11.40.196533 +0530,
-150,z,63,63,13,z,1,1.0094328330014832,None,,,,,13,63,63,3,765.426991625005,,765.4028421660041,765.426991625005,766.4023170410073,766.4023170410073,766.4023170410073,766.4023170410073,766.4178376659984,767.4012385000096,767.4012385000096,768.4188987079979,,,,,z,1,1.0094328330014832,None,parti2,001,2025-10-02_15h11.06.451,MotorSequenceLearning_NupurShah,,2025.1.1,119.29573714860963,2025-10-02 15h11.40.196533 +0530,
-50,x,64,64,16,x,1,0.7355831659951946,None,,,,,16,64,64,0,768.4437147910066,,768.4194523750048,768.4437147910066,769.4189472080034,769.4189472080034,769.4189472080034,769.4189472080034,769.4339813749975,770.4193668329972,770.4193668329972,771.1612325410097,,,,,x,1,0.7355831659951946,None,parti2,001,2025-10-02_15h11.06.451,MotorSequenceLearning_NupurShah,,2025.1.1,119.29573714860963,2025-10-02 15h11.40.196533 +0530,
50,c,65,65,18,c,1,0.6611171239928808,None,,,,,18,65,65,2,771.170599582998,,771.1617468750046,771.170599582998,772.1526205830014,772.1526205830014,772.1526205830014,772.1526205830014,772.1677503749961,773.1596308330045,773.1596308330045,773.8285286660102,,,,,c,1,0.6611171239928808,None,parti2,001,2025-10-02_15h11.06.451,MotorSequenceLearning_NupurShah,,2025.1.1,119.29573714860963,2025-10-02 15h11.40.196533 +0530,
150,v,66,66,16,v,1,1.1323399579996476,None,,,,,16,66,66,1,773.8377882080094,,773.8291855410062,773.8377882080094,774.8274627500068,774.8274627500068,774.8274627500068,774.8274627500068,774.8349925000075,775.8263427080092,775.8263427080092,776.9616930409975,,,,,v,1,1.1323399579996476,None,parti2,001,2025-10-02_15h11.06.451,MotorSequenceLearning_NupurShah,,2025.1.1,119.29573714860963,2025-10-02 15h11.40.196533 +0530,
-150,z,67,67,14,z,1,1.0019482909992803,None,,,,,14,67,67,3,776.9720277910092,,776.9623804160074,776.9720277910092,777.9597683750035,777.9597683750035,777.9597683750035,777.9597683750035,777.967387666009,778.9596939159965,778.9596939159965,779.9685445000068,,,,,z,1,1.0019482909992803,None,parti2,001,2025-10-02_15h11.06.451,MotorSequenceLearning_NupurShah,,2025.1.1,119.29573714860963,2025-10-02 15h11.40.196533 +0530,
-50,x,68,68,17,x,1,0.4173731240007328,None,,,,,17,68,68,0,779.9789104579977,,779.9690788750013,779.9789104579977,780.9699374159973,780.9699374159973,780.9699374159973,780.9699374159973,780.9776622909994,781.9603329579986,781.9603329579986,782.3849986660061,,,,,x,1,0.4173731240007328,None,parti2,001,2025-10-02_15h11.06.451,MotorSequenceLearning_NupurShah,,2025.1.1,119.29573714860963,2025-10-02 15h11.40.196533 +0530,
150,v,69,69,17,v,1,0.8983262080000713,None,,,,,17,69,69,1,782.3945234999992,,782.3854113749985,782.3945234999992,783.3770163750014,783.3770163750014,783.3770163750014,783.3770163750014,783.3846337080031,784.3772822080064,784.3772822080064,785.2783804579958,,,,,v,1,0.8983262080000713,None,parti2,001,2025-10-02_15h11.06.451,MotorSequenceLearning_NupurShah,,2025.1.1,119.29573714860963,2025-10-02 15h11.40.196533 +0530,
-150,z,70,70,15,z,1,1.5175664580019657,None,,,,,15,70,70,3,785.2883872500097,,785.2789774580015,785.2883872500097,786.2770940830087,786.2770940830087,786.2770940830087,786.2770940830087,786.2846617080068,787.2769709160057,787.2769709160057,788.8027548329992,,,,,z,1,1.5175664580019657,None,parti2,001,2025-10-02_15h11.06.451,MotorSequenceLearning_NupurShah,,2025.1.1,119.29573714860963,2025-10-02 15h11.40.196533 +0530,
-150,z,71,71,16,z,1,0.9323325829900568,None,,,,,16,71,71,3,788.8272689160076,,788.8032658750017,788.8272689160076,789.8030283330008,789.8030283330008,789.8030283330008,789.8030283330008,789.8186747910077,790.8023202909972,790.8023202909972,791.7450656250003,,,,,z,1,0.9323325829900568,None,parti2,001,2025-10-02_15h11.06.451,MotorSequenceLearning_NupurShah,,2025.1.1,119.29573714860963,2025-10-02 15h11.40.196533 +0530,
-150,z,72,72,17,z,1,0.04056470798968803,None,,,,,17,72,72,3,791.7543502500048,,791.7455609160097,791.7543502500048,792.7441629579989,792.7441629579989,792.7441629579989,792.7441629579989,792.7525920409971,793.7439049999957,793.7439049999957,793.7948168750008,,,,,z,1,0.04056470798968803,None,parti2,001,2025-10-02_15h11.06.451,MotorSequenceLearning_NupurShah,,2025.1.1,119.29573714860963,2025-10-02 15h11.40.196533 +0530,
-150,z,73,73,18,z,1,0.649618374009151,None,,,,,18,73,73,3,793.8042664160021,,793.7953212499997,793.8042664160021,794.7861147910007,794.7861147910007,794.7861147910007,794.7861147910007,794.8011356250063,795.7858648749971,795.7858648749971,796.4446499159967,,,,,z,1,0.649618374009151,None,parti2,001,2025-10-02_15h11.06.451,MotorSequenceLearning_NupurShah,,2025.1.1,119.29573714860963,2025-10-02 15h11.40.196533 +0530,
-50,x,74,74,18,x,1,0.9532796239946038,None,,,,,18,74,74,0,796.4540507909987,,796.4451432500064,796.4540507909987,797.4361199160048,797.4361199160048,797.4361199160048,797.4361199160048,797.451818875008,798.4353050000063,798.4353050000063,799.3952113749983,,,,,x,1,0.9532796239946038,None,parti2,001,2025-10-02_15h11.06.451,MotorSequenceLearning_NupurShah,,2025.1.1,119.29573714860963,2025-10-02 15h11.40.196533 +0530,
-50,x,75,75,19,x,1,0.9275481250078883,None,,,,,19,75,75,0,799.4048083750095,,799.3957440000086,799.4048083750095,800.3938600830006,800.3938600830006,800.3938600830006,800.3938600830006,800.401670457999,801.3939060830016,801.3939060830016,802.3283814580063,,,,,x,1,0.9275481250078883,None,parti2,001,2025-10-02_15h11.06.451,MotorSequenceLearning_NupurShah,,2025.1.1,119.29573714860963,2025-10-02 15h11.40.196533 +0530,
-150,z,76,76,19,z,1,0.8757069160055835,None,,,,,19,76,76,3,802.3383380830055,,802.3289193329983,802.3383380830055,803.3198475410027,803.3198475410027,803.3198475410027,803.3198475410027,803.3355563750083,804.3197258330038,804.3197258330038,805.2022735409992,,,,,z,1,0.8757069160055835,None,parti2,001,2025-10-02_15h11.06.451,MotorSequenceLearning_NupurShah,,2025.1.1,119.29573714860963,2025-10-02 15h11.40.196533 +0530,
50,c,77,77,19,c,1,1.107360832989798,None,,,,,19,77,77,2,805.212555666003,,805.2027792500012,805.212555666003,806.2025795410009,806.2025795410009,806.2025795410009,806.2025795410009,806.2109849580011,807.1939638330077,807.1939638330077,808.3116602079972,,,,,c,1,1.107360832989798,None,parti2,001,2025-10-02_15h11.06.451,MotorSequenceLearning_NupurShah,,2025.1.1,119.29573714860963,2025-10-02 15h11.40.196533 +0530,
-50,x,78,78,20,x,1,1.0367834999924526,None,,,,,20,78,78,0,808.321506791006,,808.3122600830102,808.321506791006,809.3026256660087,809.3026256660087,809.3026256660087,809.3026256660087,809.3177464580076,810.3017052079958,810.3017052079958,811.3448487499991,,,,,x,1,1.0367834999924526,None,parti2,001,2025-10-02_15h11.06.451,MotorSequenceLearning_NupurShah,,2025.1.1,119.29573714860963,2025-10-02 15h11.40.196533 +0530,
-150,z,79,79,20,z,1,0.7831165410025278,None,,,,,20,79,79,3,811.353823915997,,811.3452539160062,811.353823915997,812.3363319580094,812.3363319580094,812.3363319580094,812.3363319580094,812.3443975830014,813.3360875409999,813.3360875409999,814.1287346660101,,,,,z,1,0.7831165410025278,None,parti2,001,2025-10-02_15h11.06.451,MotorSequenceLearning_NupurShah,,2025.1.1,119.29573714860963,2025-10-02 15h11.40.196533 +0530,
-150,z,80,80,21,z,1,0.7204979579983046,None,,,,,21,80,80,3,814.1381467080064,,814.1292464160069,814.1381467080064,815.1275577080087,815.1275577080087,815.1275577080087,815.1275577080087,815.1352366250067,816.126803207997,816.126803207997,816.8524306250038,,,,,z,1,0.7204979579983046,None,parti2,001,2025-10-02_15h11.06.451,MotorSequenceLearning_NupurShah,,2025.1.1,119.29573714860963,2025-10-02 15h11.40.196533 +0530,
50,c,81,81,20,c,1,0.8894817079999484,None,,,,,20,81,81,2,816.8619347080094,,816.8529177080054,816.8619347080094,817.8527526249964,817.8527526249964,817.8527526249964,817.8527526249964,817.8527526249964,818.8527758749988,818.8527758749988,819.7454276250064,,,,,c,1,0.8894817079999484,None,parti2,001,2025-10-02_15h11.06.451,MotorSequenceLearning_NupurShah,,2025.1.1,119.29573714860963,2025-10-02 15h11.40.196533 +0530,
50,c,82,82,21,c,1,0.4672305830026744,None,,,,,21,82,82,2,819.7547753749968,,819.74593262501,819.7547753749968,820.7368614160077,820.7368614160077,820.7368614160077,820.7368614160077,820.753289500004,821.7440634160012,821.7440634160012,822.2187545830093,,,,,c,1,0.4672305830026744,None,parti2,001,2025-10-02_15h11.06.451,MotorSequenceLearning_NupurShah,,2025.1.1,119.29573714860963,2025-10-02 15h11.40.196533 +0530,
-50,x,83,83,21,x,1,1.3965656249929452,None,,,,,21,83,83,0,822.228284249999,,822.2191394160036,822.228284249999,823.2102305000008,823.2102305000008,823.2102305000008,823.2102305000008,823.2276611249981,824.210780207999,824.210780207999,825.6120942910056,,,,,x,1,1.3965656249929452,None,parti2,001,2025-10-02_15h11.06.451,MotorSequenceLearning_NupurShah,,2025.1.1,119.29573714860963,2025-10-02 15h11.40.196533 +0530,
-150,z,84,84,22,z,1,0.7724499159958214,None,,,,,22,84,84,3,825.6217554580071,,825.6125908749964,825.6217554580071,826.6108075000084,826.6108075000084,826.6108075000084,826.6108075000084,826.6184044999973,827.6108101660066,827.6108101660066,828.3861109160061,,,,,z,1,0.7724499159958214,None,parti2,001,2025-10-02_15h11.06.451,MotorSequenceLearning_NupurShah,,2025.1.1,119.29573714860963,2025-10-02 15h11.40.196533 +0530,
-50,x,85,85,22,x,1,0.5469360830029473,None,,,,,22,85,85,0,828.3961591249972,,828.386601916005,828.3961591249972,829.3863430000056,829.3863430000056,829.3863430000056,829.3863430000056,829.3944152080076,830.385299290996,830.385299290996,830.9360287910094,,,,,x,1,0.5469360830029473,None,parti2,001,2025-10-02_15h11.06.451,MotorSequenceLearning_NupurShah,,2025.1.1,119.29573714860963,2025-10-02 15h11.40.196533 +0530,
150,v,86,86,18,v,1,1.1665106660075253,None,,,,,18,86,86,1,830.9464244160044,,830.9365322079975,830.9464244160044,831.9375996660092,831.9375996660092,831.9375996660092,831.9375996660092,831.9449132910086,832.93555775001,832.93555775001,834.1120844999969,,,,,v,1,1.1665106660075253,None,parti2,001,2025-10-02_15h11.06.451,MotorSequenceLearning_NupurShah,,2025.1.1,119.29573714860963,2025-10-02 15h11.40.196533 +0530,
150,v,87,87,19,v,1,1.0933152079960564,None,,,,,19,87,87,1,834.1217890830012,,834.112565250005,834.1217890830012,835.1033095000021,835.1033095000021,835.1033095000021,835.1033095000021,835.1189203329996,836.1108538749977,836.1108538749977,837.2126122080081,,,,,v,1,1.0933152079960564,None,parti2,001,2025-10-02_15h11.06.451,MotorSequenceLearning_NupurShah,,2025.1.1,119.29573714860963,2025-10-02 15h11.40.196533 +0530,
50,c,88,88,22,c,1,0.9812367070117034,None,,,,,22,88,88,2,837.2230053329986,,837.2132170410041,837.2230053329986,838.211217832999,838.211217832999,838.211217832999,838.211217832999,838.2196482080035,839.2109110830061,839.2109110830061,840.1958900000027,,,,,c,1,0.9812367070117034,None,parti2,001,2025-10-02_15h11.06.451,MotorSequenceLearning_NupurShah,,2025.1.1,119.29573714860963,2025-10-02 15h11.40.196533 +0530,
150,v,89,89,20,v,1,1.0047872910072329,None,,,,,20,89,89,1,840.2063580829999,,840.1964668330038,840.2063580829999,841.186628291005,841.186628291005,841.186628291005,841.186628291005,841.2018727499963,842.1942992910044,842.1942992910044,843.2034638750047,,,,,v,1,1.0047872910072329,None,parti2,001,2025-10-02_15h11.06.451,MotorSequenceLearning_NupurShah,,2025.1.1,119.29573714860963,2025-10-02 15h11.40.196533 +0530,
150,v,90,90,21,v,1,1.219065708006383,None,,,,,21,90,90,1,843.2279514580005,,843.2039898329967,843.2279514580005,844.2035649580066,844.2035649580066,844.2035649580066,844.2035649580066,844.2191646249994,845.2020550000016,845.2020550000016,846.4292299579974,,,,,v,1,1.219065708006383,None,parti2,001,2025-10-02_15h11.06.451,MotorSequenceLearning_NupurShah,,2025.1.1,119.29573714860963,2025-10-02 15h11.40.196533 +0530,
-150,z,91,91,23,z,1,1.599109666000004,None,,,,,23,91,91,3,846.4383442079998,,846.4296387079958,846.4383442079998,847.4272461660003,847.4272461660003,847.4272461660003,847.4272461660003,847.4350065409963,848.4278278749989,848.4278278749989,850.0288366250024,,,,,z,1,1.599109666000004,None,parti2,001,2025-10-02_15h11.06.451,MotorSequenceLearning_NupurShah,,2025.1.1,119.29573714860963,2025-10-02 15h11.40.196533 +0530,
150,v,92,92,22,v,1,1.0172082490025787,None,,,,,22,92,92,1,850.0354975000082,,850.0293459160021,850.0354975000082,851.0200895410089,851.0200895410089,851.0200895410089,851.0200895410089,851.0278388330044,852.0278184580093,852.0278184580093,853.0527574160078,,,,,v,1,1.0172082490025787,None,parti2,001,2025-10-02_15h11.06.451,MotorSequenceLearning_NupurShah,,2025.1.1,119.29573714860963,2025-10-02 15h11.40.196533 +0530,
150,v,93,93,23,v,1,1.1061895409948193,None,,,,,23,93,93,1,853.0777438750083,,853.053339791004,853.0777438750083,854.0535536660027,854.0535536660027,854.0535536660027,854.0535536660027,854.0684485000093,855.0447526659991,855.0447526659991,856.1525476250099,,,,,v,1,1.1061895409948193,None,parti2,001,2025-10-02_15h11.06.451,MotorSequenceLearning_NupurShah,,2025.1.1,119.29573714860963,2025-10-02 15h11.40.196533 +0530,
-150,z,94,94,24,z,1,1.2203909570089309,None,,,,,24,94,94,3,856.1605350000027,,856.1530385410006,856.1605350000027,857.1445336250035,857.1445336250035,857.1445336250035,857.1445336250035,857.1521933330077,858.144586541006,858.144586541006,859.3696515830088,,,,,z,1,1.2203909570089309,None,parti2,001,2025-10-02_15h11.06.451,MotorSequenceLearning_NupurShah,,2025.1.1,119.29573714860963,2025-10-02 15h11.40.196533 +0530,
150,v,95,95,24,v,1,1.0146796659973916,None,,,,,24,95,95,1,859.379848083001,,859.3701336250087,859.379848083001,860.3697875409998,860.3697875409998,860.3697875409998,860.3697875409998,860.377389250003,861.3611539999984,861.3611539999984,862.3793319160031,,,,,v,1,1.0146796659973916,None,parti2,001,2025-10-02_15h11.06.451,MotorSequenceLearning_NupurShah,,2025.1.1,119.29573714860963,2025-10-02 15h11.40.196533 +0530,
50,c,96,96,23,c,1,0.8060336240014294,None,,,,,23,96,96,2,862.3895329579973,,862.3798791660083,862.3895329579973,863.3780056249961,863.3780056249961,863.3780056249961,863.3780056249961,863.3853501249978,864.3778887910012,864.3778887910012,865.185947541002,,,,,c,1,0.8060336240014294,None,parti2,001,2025-10-02_15h11.06.451,MotorSequenceLearning_NupurShah,,2025.1.1,119.29573714860963,2025-10-02 15h11.40.196533 +0530,
150,v,97,97,25,v,1,0.7563993740041042,None,,,,,25,97,97,1,865.1946391660022,,865.1864649580093,865.1946391660022,866.1779534160014,866.1779534160014,866.1779534160014,866.1779534160014,866.1853794159979,867.177405082999,867.177405082999,867.9366867080098,,,,,v,1,0.7563993740041042,None,parti2,001,2025-10-02_15h11.06.451,MotorSequenceLearning_NupurShah,,2025.1.1,119.29573714860963,2025-10-02 15h11.40.196533 +0530,
50,c,98,98,24,c,1,0.7592457069986267,None,,,,,24,98,98,2,867.946575000009,,867.9371700409974,867.946575000009,868.9371164159966,868.9371164159966,868.9371164159966,868.9371164159966,868.945205875003,869.9355333330022,869.9355333330022,870.696245500003,,,,,c,1,0.7592457069986267,None,parti2,001,2025-10-02_15h11.06.451,MotorSequenceLearning_NupurShah,,2025.1.1,119.29573714860963,2025-10-02 15h11.40.196533 +0530,
150,v,99,99,26,v,1,1.2020794579875655,None,,,,,26,99,99,1,870.7064804160036,,870.6968535830092,870.7064804160036,871.6947996250092,871.6947996250092,871.6947996250092,871.6947996250092,871.7025137910096,872.6946571660083,872.6946571660083,873.9034254160069,,,,,v,1,1.2020794579875655,None,parti2,001,2025-10-02_15h11.06.451,MotorSequenceLearning_NupurShah,,2025.1.1,119.29573714860963,2025-10-02 15h11.40.196533 +0530,
-50,x,100,100,23,x,1,1.0751538740005344,None,,,,,23,100,100,0,873.9133194580063,,873.9039274160023,873.9133194580063,874.9031344999967,874.9031344999967,874.9031344999967,874.9031344999967,874.9114843749994,875.9026320410048,875.9026320410048,876.9864165000035,,,,,x,1,1.0751538740005344,None,parti2,001,2025-10-02_15h11.06.451,MotorSequenceLearning_NupurShah,,2025.1.1,119.29573714860963,2025-10-02 15h11.40.196533 +0530,
-50,x,101,101,24,x,1,0.5170568320027087,None,,,,,24,101,101,0,876.9963987910014,,876.986933082997,876.9963987910014,877.987309958,877.987309958,877.987309958,877.987309958,877.9954385000019,878.986601541008,878.986601541008,879.5130124999996,,,,,x,1,0.5170568320027087,None,parti2,001,2025-10-02_15h11.06.451,MotorSequenceLearning_NupurShah,,2025.1.1,119.29573714860963,2025-10-02 15h11.40.196533 +0530,
-150,z,102,102,25,z,1,0.6812078320072033,None,,,,,25,102,102,3,879.5232832909969,,879.5136078750074,879.5232832909969,880.511628207998,880.511628207998,880.511628207998,880.511628207998,880.5198901249969,881.5114786659979,881.5114786659979,882.1964954160067,,,,,z,1,0.6812078320072033,None,parti2,001,2025-10-02_15h11.06.451,MotorSequenceLearning_NupurShah,,2025.1.1,119.29573714860963,2025-10-02 15h11.40.196533 +0530,
-150,z,103,103,26,z,1,0.48140458299894817,None,,,,,26,103,103,3,882.2069816660078,,882.1971671250067,882.2069816660078,883.1943413749977,883.1943413749977,883.1943413749977,883.1943413749977,883.2020347079961,884.1943309580092,884.1943309580092,884.6794613329985,,,,,z,1,0.48140458299894817,None,parti2,001,2025-10-02_15h11.06.451,MotorSequenceLearning_NupurShah,,2025.1.1,119.29573714860963,2025-10-02 15h11.40.196533 +0530,
150,v,104,104,27,v,1,0.9895276659954106,None,,,,,27,104,104,1,884.688767915999,,884.6799850410025,884.688767915999,885.6782095829985,885.6782095829985,885.6782095829985,885.6782095829985,885.6856342499959,886.6781481250073,886.6781481250073,887.6703059580032,,,,,v,1,0.9895276659954106,None,parti2,001,2025-10-02_15h11.06.451,MotorSequenceLearning_NupurShah,,2025.1.1,119.29573714860963,2025-10-02 15h11.40.196533 +0530,
150,v,105,105,28,v,1,0.4893082070047967,None,,,,,28,105,105,1,887.680080666003,,887.6707889579993,887.680080666003,888.6698245830048,888.6698245830048,888.6698245830048,888.6698245830048,888.6777421250008,889.6694778750098,889.6694778750098,890.1629088750051,,,,,v,1,0.4893082070047967,None,parti2,001,2025-10-02_15h11.06.451,MotorSequenceLearning_NupurShah,,2025.1.1,119.29573714860963,2025-10-02 15h11.40.196533 +0530,
-150,z,106,106,27,z,1,0.9900705829932122,None,,,,,27,106,106,3,890.172587041001,,890.1633792080102,890.172587041001,891.1611215410085,891.1611215410085,891.1611215410085,891.1611215410085,891.1688262500102,892.1615772910009,892.1615772910009,893.1534118330019,,,,,z,1,0.9900705829932122,None,parti2,001,2025-10-02_15h11.06.451,MotorSequenceLearning_NupurShah,,2025.1.1,119.29573714860963,2025-10-02 15h11.40.196533 +0530,
150,v,107,107,29,v,1,1.7224531660031062,None,,,,,29,107,107,1,893.1638415000052,,893.1540302909998,893.1638415000052,894.1542520829971,894.1542520829971,894.1542520829971,894.1542520829971,894.1619282500033,895.1530601660052,895.1530601660052,896.8793057080038,,,,,v,1,1.7224531660031062,None,parti2,001,2025-10-02_15h11.06.451,MotorSequenceLearning_NupurShah,,2025.1.1,119.29573714860963,2025-10-02 15h11.40.196533 +0530,
-150,z,108,108,28,z,1,1.9419749989901902,None,,,,,28,108,108,3,896.888999666,,896.8797887499968,896.888999666,897.8708472500002,897.8708472500002,897.8708472500002,897.8708472500002,897.8865210829972,898.8704369580082,898.8704369580082,900.8209804159997,,,,,z,1,1.9419749989901902,None,parti2,001,2025-10-02_15h11.06.451,MotorSequenceLearning_NupurShah,,2025.1.1,119.29573714860963,2025-10-02 15h11.40.196533 +0530,
-150,z,109,109,29,z,1,0.8781454999989364,None,,,,,29,109,109,3,900.830987082998,,900.8215047910053,900.830987082998,901.8210363329999,901.8210363329999,901.8210363329999,901.8210363329999,901.8290600000037,902.8192847080063,902.8192847080063,903.7040127500077,,,,,z,1,0.8781454999989364,None,parti2,001,2025-10-02_15h11.06.451,MotorSequenceLearning_NupurShah,,2025.1.1,119.29573714860963,2025-10-02 15h11.40.196533 +0530,
-150,z,110,110,30,z,1,0.4363072080013808,None,,,,,30,110,110,3,903.7287197080004,,903.7045026660053,903.7287197080004,904.7029598329973,904.7029598329973,904.7029598329973,904.7029598329973,904.7179448749957,905.7032857080048,905.7032857080048,906.1463891250023,,,,,z,1,0.4363072080013808,None,parti2,001,2025-10-02_15h11.06.451,MotorSequenceLearning_NupurShah,,2025.1.1,119.29573714860963,2025-10-02 15h11.40.196533 +0530,
-150,z,111,111,31,z,1,0.3962377490097424,None,,,,,31,111,111,3,906.1563383330067,,906.1469202910084,906.1563383330067,907.1453065410024,907.1453065410024,907.1453065410024,907.1453065410024,907.1528419160022,908.1453462500067,908.1453462500067,908.5466502909985,,,,,z,1,0.3962377490097424,None,parti2,001,2025-10-02_15h11.06.451,MotorSequenceLearning_NupurShah,,2025.1.1,119.29573714860963,2025-10-02 15h11.40.196533 +0530,
-50,x,112,112,25,x,1,0.8822457079950254,None,,,,,25,112,112,0,908.5566099580028,,908.5473157500091,908.5566099580028,909.5450897080009,909.5450897080009,909.5450897080009,909.5450897080009,909.5528077080089,910.5451250409969,910.5451250409969,911.4298546250066,,,,,x,1,0.8822457079950254,None,parti2,001,2025-10-02_15h11.06.451,MotorSequenceLearning_NupurShah,,2025.1.1,119.29573714860963,2025-10-02 15h11.40.196533 +0530,
-50,x,113,113,26,x,1,0.7390332079958171,None,,,,,26,113,113,0,911.4396344999986,,911.4303386249958,911.4396344999986,912.4284390829998,912.4284390829998,912.4284390829998,912.4284390829998,912.4358027080016,913.4284329579968,913.4284329579968,914.1701506250101,,,,,x,1,0.7390332079958171,None,parti2,001,2025-10-02_15h11.06.451,MotorSequenceLearning_NupurShah,,2025.1.1,119.29573714860963,2025-10-02 15h11.40.196533 +0530,
-150,z,114,114,32,z,1,0.7464159160008421,None,,,,,32,114,114,3,914.1801078330027,,914.1706404580036,914.1801078330027,915.170802749999,915.170802749999,915.170802749999,915.170802749999,915.1785735000012,916.1699564580049,916.1699564580049,916.9203607500094,,,,,z,1,0.7464159160008421,None,parti2,001,2025-10-02_15h11.06.451,MotorSequenceLearning_NupurShah,,2025.1.1,119.29573714860963,2025-10-02 15h11.40.196533 +0530,
50,c,115,115,25,c,1,0.930710207001539,None,,,,,25,115,115,2,916.9452237079968,,916.9210024580098,916.9452237079968,917.9211247909989,917.9211247909989,917.9211247909989,917.9211247909989,917.9367044999963,918.9195835410064,918.9195835410064,919.8526244579989,,,,,c,1,0.930710207001539,None,parti2,001,2025-10-02_15h11.06.451,MotorSequenceLearning_NupurShah,,2025.1.1,119.29573714860963,2025-10-02 15h11.40.196533 +0530,
50,c,116,116,26,c,1,0.6886719580070348,None,,,,,26,116,116,2,919.8626082080009,,919.8531214579998,919.8626082080009,920.8448199999984,920.8448199999984,920.8448199999984,920.8448199999984,920.8620764579973,921.8446898330003,921.8446898330003,922.5370913750085,,,,,c,1,0.6886719580070348,None,parti2,001,2025-10-02_15h11.06.451,MotorSequenceLearning_NupurShah,,2025.1.1,119.29573714860963,2025-10-02 15h11.40.196533 +0530,
-50,x,117,117,27,x,1,0.8210770830046386,None,,,,,27,117,117,0,922.5620603749994,,922.5376962080045,922.5620603749994,923.5373363749968,923.5373363749968,923.5373363749968,923.5373363749968,923.5527897499996,924.5373592910037,924.5373592910037,925.363336541006,,,,,x,1,0.8210770830046386,None,parti2,001,2025-10-02_15h11.06.451,MotorSequenceLearning_NupurShah,,2025.1.1,119.29573714860963,2025-10-02 15h11.40.196533 +0530,
150,v,118,118,30,v,1,0.7432972910028184,None,,,,,30,118,118,1,925.3731086659973,,925.3638801250054,925.3731086659973,926.3614797909977,926.3614797909977,926.3614797909977,926.3614797909977,926.3691698330076,927.3619514160091,927.3619514160091,928.1134928329993,,,,,v,1,0.7432972910028184,None,parti2,001,2025-10-02_15h11.06.451,MotorSequenceLearning_NupurShah,,2025.1.1,119.29573714860963,2025-10-02 15h11.40.196533 +0530,
150,v,119,119,31,v,1,0.4788267080002697,None,,,,,31,119,119,1,928.1231102910097,,928.1140146249963,928.1231102910097,929.1120832910092,929.1120832910092,929.1120832910092,929.1120832910092,929.1197590410011,930.1115073330002,930.1115073330002,930.5966807910008,,,,,v,1,0.4788267080002697,None,parti2,001,2025-10-02_15h11.06.451,MotorSequenceLearning_NupurShah,,2025.1.1,119.29573714860963,2025-10-02 15h11.40.196533 +0530,
-150,z,120,120,33,z,1,0.8873323739971966,None,,,,,33,120,120,3,930.6058698330016,,930.5971612499998,930.6058698330016,931.595425624997,931.595425624997,931.595425624997,931.595425624997,931.6030441250041,932.5948750410025,932.5948750410025,933.4874007909966,,,,,z,1,0.8873323739971966,None,parti2,001,2025-10-02_15h11.06.451,MotorSequenceLearning_NupurShah,,2025.1.1,119.29573714860963,2025-10-02 15h11.40.196533 +0530,
150,v,121,121,32,v,1,1.3767847080016509,None,,,,,32,121,121,1,933.4974654999969,,933.4878942500072,933.4974654999969,934.487636291,934.487636291,934.487636291,934.487636291,934.4955238749972,935.4872700830019,935.4872700830019,936.8709434159973,,,,,v,1,1.3767847080016509,None,parti2,001,2025-10-02_15h11.06.451,MotorSequenceLearning_NupurShah,,2025.1.1,119.29573714860963,2025-10-02 15h11.40.196533 +0530,
-50,x,122,122,28,x,1,0.8158614569983911,None,,,,,28,122,122,0,936.8810687500081,,936.8714414580027,936.8810687500081,937.8711273329973,937.8711273329973,937.8711273329973,937.8711273329973,937.879067707996,938.8702550000016,938.8702550000016,939.6874005830032,,,,,x,1,0.8158614569983911,None,parti2,001,2025-10-02_15h11.06.451,MotorSequenceLearning_NupurShah,,2025.1.1,119.29573714860963,2025-10-02 15h11.40.196533 +0530,
-150,z,123,123,34,z,1,0.7036137910035904,None,,,,,34,123,123,3,939.7124949999998,,939.687915500006,939.7124949999998,940.6876020000054,940.6876020000054,940.6876020000054,940.6876020000054,940.7031824580044,941.6865540410072,941.6865540410072,942.3965761250001,,,,,z,1,0.7036137910035904,None,parti2,001,2025-10-02_15h11.06.451,MotorSequenceLearning_NupurShah,,2025.1.1,119.29573714860963,2025-10-02 15h11.40.196533 +0530,
50,c,124,124,27,c,1,0.7174038750090403,None,,,,,27,124,124,2,942.4063265410077,,942.3970703329978,942.4063265410077,943.3876509999973,943.3876509999973,943.3876509999973,943.3876509999973,943.4028517080005,944.387652083009,944.387652083009,945.1133076249971,,,,,c,1,0.7174038750090403,None,parti2,001,2025-10-02_15h11.06.451,MotorSequenceLearning_NupurShah,,2025.1.1,119.29573714860963,2025-10-02 15h11.40.196533 +0530,
-50,x,125,125,29,x,1,0.8931880410091253,None,,,,,29,125,125,0,945.1225608329987,,945.1137952910067,945.1225608329987,946.1121923750034,946.1121923750034,946.1121923750034,946.1121923750034,946.1195342499996,947.1117684159981,947.1117684159981,948.0133499160002,,,,,x,1,0.8931880410091253,None,parti2,001,2025-10-02_15h11.06.451,MotorSequenceLearning_NupurShah,,2025.1.1,119.29573714860963,2025-10-02 15h11.40.196533 +0530,
-150,z,126,126,35,z,1,0.7998832080047578,None,,,,,35,126,126,3,948.0231132909976,,948.0138408750063,948.0231132909976,949.0046407500049,949.0046407500049,949.0046407500049,949.0046407500049,949.0202601250057,950.0122019999981,950.0122019999981,950.8205092080025,,,,,z,1,0.7998832080047578,None,parti2,001,2025-10-02_15h11.06.451,MotorSequenceLearning_NupurShah,,2025.1.1,119.29573714860963,2025-10-02 15h11.40.196533 +0530,
-150,z,127,127,36,z,1,0.8221031659923028,None,,,,,36,127,127,3,950.8310756249994,,950.8210123330064,950.8310756249994,951.820824082999,951.820824082999,951.820824082999,951.820824082999,951.8290103330073,952.8199419160082,952.8199419160082,953.6470419160032,,,,,z,1,0.8221031659923028,None,parti2,001,2025-10-02_15h11.06.451,MotorSequenceLearning_NupurShah,,2025.1.1,119.29573714860963,2025-10-02 15h11.40.196533 +0530,
-50,x,128,128,30,x,1,0.749376416002633,None,,,,,30,128,128,0,953.6573349160026,,953.647723083006,953.6573349160026,954.6456222910056,954.6456222910056,954.6456222910056,954.6456222910056,954.6533351249964,955.6455831659987,955.6455831659987,956.3972785829974,,,,,x,1,0.749376416002633,None,parti2,001,2025-10-02_15h11.06.451,MotorSequenceLearning_NupurShah,,2025.1.1,119.29573714860963,2025-10-02 15h11.40.196533 +0530,
-150,z,129,129,37,z,1,0.8202998329943512,None,,,,,37,129,129,3,956.407839624997,,956.3978645000025,956.407839624997,957.3958385410078,957.3958385410078,957.3958385410078,957.3958385410078,957.4035312500055,958.3956564580003,958.3956564580003,959.2209224580001,,,,,z,1,0.8202998329943512,None,parti2,001,2025-10-02_15h11.06.451,MotorSequenceLearning_NupurShah,,2025.1.1,119.29573714860963,2025-10-02 15h11.40.196533 +0530,
150,v,130,130,33,v,1,1.1809257069980958,None,,,,,33,130,130,1,959.2309212499968,,959.2214196249988,959.2309212499968,960.2210702910088,960.2210702910088,960.2210702910088,960.2210702910088,960.2291071250074,961.2219564580009,961.2219564580009,962.4041518750018,,,,,v,1,1.1809257069980958,None,parti2,001,2025-10-02_15h11.06.451,MotorSequenceLearning_NupurShah,,2025.1.1,119.29573714860963,2025-10-02 15h11.40.196533 +0530,
150,v,131,131,34,v,1,0.8453006659983657,None,,,,,34,131,131,1,962.4123683750076,,962.4046721659979,962.4123683750076,963.4045168750017,963.4045168750017,963.4045168750017,963.4045168750017,963.4045168750017,964.4046051250043,964.4046051250043,965.2537697910011,,,,,v,1,0.8453006659983657,None,parti2,001,2025-10-02_15h11.06.451,MotorSequenceLearning_NupurShah,,2025.1.1,119.29573714860963,2025-10-02 15h11.40.196533 +0530,
-50,x,132,132,31,x,1,0.8112262489885325,None,,,,,31,132,132,0,965.2633911250014,,965.2541805000074,965.2633911250014,966.2466760000098,966.2466760000098,966.2466760000098,966.2466760000098,966.2542079160048,967.2536054579978,967.2536054579978,968.0713045000011,,,,,x,1,0.8112262489885325,None,parti2,001,2025-10-02_15h11.06.451,MotorSequenceLearning_NupurShah,,2025.1.1,119.29573714860963,2025-10-02 15h11.40.196533 +0530,
-150,z,133,133,38,z,1,1.081506624002941,None,,,,,38,133,133,3,968.0811525830068,,968.071801500002,968.0811525830068,969.0712711660017,969.0712711660017,969.0712711660017,969.0712711660017,969.0794257079979,970.0703661250009,970.0703661250009,971.1542962910025,,,,,z,1,1.081506624002941,None,parti2,001,2025-10-02_15h11.06.451,MotorSequenceLearning_NupurShah,,2025.1.1,119.29573714860963,2025-10-02 15h11.40.196533 +0530,
-50,x,134,134,32,x,1,1.3134415829990758,None,,,,,32,134,134,0,971.1646581660025,,971.1547775000072,971.1646581660025,972.155356208008,972.155356208008,972.155356208008,972.155356208008,972.1633908329968,973.1453418750025,973.1453418750025,974.4643053750042,,,,,x,1,1.3134415829990758,None,parti2,001,2025-10-02_15h11.06.451,MotorSequenceLearning_NupurShah,,2025.1.1,119.29573714860963,2025-10-02 15h11.40.196533 +0530,
-150,z,135,135,39,z,1,2.000356582997483,None,,,,,39,135,135,3,974.4743413329998,,974.4649506660062,974.4743413329998,975.4625945000007,975.4625945000007,975.4625945000007,975.4625945000007,975.4703186249972,976.4624991660094,976.4624991660094,978.4710204160074,,,,,z,1,2.000356582997483,None,parti2,001,2025-10-02_15h11.06.451,MotorSequenceLearning_NupurShah,,2025.1.1,119.29573714860963,2025-10-02 15h11.40.196533 +0530,
150,v,136,136,35,v,1,1.6540973329974804,None,,,,,35,136,136,1,978.4960409159976,,978.4715980830078,978.4960409159976,979.4713667500037,979.4713667500037,979.4713667500037,979.4713667500037,979.4871270000003,980.470743583006,980.470743583006,982.1307178330026,,,,,v,1,1.6540973329974804,None,parti2,001,2025-10-02_15h11.06.451,MotorSequenceLearning_NupurShah,,2025.1.1,119.29573714860963,2025-10-02 15h11.40.196533 +0530,
-50,x,137,137,33,x,1,0.8163417909963755,None,,,,,33,137,137,0,982.1412855829985,,982.1313274580025,982.1412855829985,983.1292742079968,983.1292742079968,983.1292742079968,983.1292742079968,983.1369921250007,984.1293746660085,984.1293746660085,984.9478961249988,,,,,x,1,0.8163417909963755,None,parti2,001,2025-10-02_15h11.06.451,MotorSequenceLearning_NupurShah,,2025.1.1,119.29573714860963,2025-10-02 15h11.40.196533 +0530,
50,c,138,138,28,c,1,0.6746457069966709,None,,,,,28,138,138,2,984.9578235410008,,984.9485033329984,984.9578235410008,985.945961083009,985.945961083009,985.945961083009,985.945961083009,985.9536006660055,986.9459787079977,986.9459787079977,987.6304944580043,,,,,c,1,0.6746457069966709,None,parti2,001,2025-10-02_15h11.06.451,MotorSequenceLearning_NupurShah,,2025.1.1,119.29573714860963,2025-10-02 15h11.40.196533 +0530,
50,c,139,139,29,v,0,0.393530166009441,None,,,,,29,139,139,2,987.640309416005,,987.631006333002,987.640309416005,988.6293502500048,988.6293502500048,988.6293502500048,988.6293502500048,988.6371090409957,989.6293293330091,989.6293293330091,990.030766833006,,,,,v,0,0.393530166009441,None,parti2,001,2025-10-02_15h11.06.451,MotorSequenceLearning_NupurShah,,2025.1.1,119.29573714860963,2025-10-02 15h11.40.196533 +0530,
-150,z,140,140,40,z,1,0.8443990410014521,None,,,,,40,140,140,3,990.0401248749986,,990.0312653750007,990.0401248749986,991.0293560410064,991.0293560410064,991.0293560410064,991.0293560410064,991.0369992500055,992.0293585409963,992.0293585409963,992.8805200000061,,,,,z,1,0.8443990410014521,None,parti2,001,2025-10-02_15h11.06.451,MotorSequenceLearning_NupurShah,,2025.1.1,119.29573714860963,2025-10-02 15h11.40.196533 +0530,
50,c,141,141,30,c,1,0.9489106659893878,None,,,,,30,141,141,2,992.88989154101,,992.8810057500086,992.88989154101,993.8796455410047,993.8796455410047,993.8796455410047,993.8796455410047,993.8872591660038,994.8797008749971,994.8797008749971,995.8310097909998,,,,,c,1,0.9489106659893878,None,parti2,001,2025-10-02_15h11.06.451,MotorSequenceLearning_NupurShah,,2025.1.1,119.29573714860963,2025-10-02 15h11.40.196533 +0530,
50,c,142,142,31,c,1,0.7248867910093395,None,,,,,31,142,142,2,995.8413202079973,,995.8315894160041,995.8413202079973,996.8299460830021,996.8299460830021,996.8299460830021,996.8299460830021,996.8375359580095,997.8297425000055,997.8297425000055,998.5641703330039,,,,,c,1,0.7248867910093395,None,parti2,001,2025-10-02_15h11.06.451,MotorSequenceLearning_NupurShah,,2025.1.1,119.29573714860963,2025-10-02 15h11.40.196533 +0530,
50,c,143,143,32,c,1,0.33323537500109524,None,,,,,32,143,143,2,998.5733691250061,,998.5646797500085,998.5733691250061,999.5628100409958,999.5628100409958,999.5628100409958,999.5628100409958,999.5701709580026,1000.5622803750011,1000.5622803750011,1000.8971180410008,,,,,c,1,0.33323537500109524,None,parti2,001,2025-10-02_15h11.06.451,MotorSequenceLearning_NupurShah,,2025.1.1,119.29573714860963,2025-10-02 15h11.40.196533 +0530,
150,v,144,144,36,v,1,0.7469959989975905,None,,,,,36,144,144,1,1000.9070736249996,,1000.8976581660099,1000.9070736249996,1001.8883978750091,1001.8883978750091,1001.8883978750091,1001.8883978750091,1001.903842041007,1002.8965587910061,1002.8965587910061,1003.6475693749962,,,,,v,1,0.7469959989975905,None,parti2,001,2025-10-02_15h11.06.451,MotorSequenceLearning_NupurShah,,2025.1.1,119.29573714860963,2025-10-02 15h11.40.196533 +0530,
50,c,145,145,33,c,1,0.8132822080078768,None,,,,,33,145,145,2,1003.6580344160029,,1003.6481354580028,1003.6580344160029,1004.6463244580082,1004.6463244580082,1004.6463244580082,1004.6463244580082,1004.6539691250073,1005.6462735000096,1005.6462735000096,1006.4643507080036,,,,,c,1,0.8132822080078768,None,parti2,001,2025-10-02_15h11.06.451,MotorSequenceLearning_NupurShah,,2025.1.1,119.29573714860963,2025-10-02 15h11.40.196533 +0530,
150,v,146,146,37,v,1,0.9225815829995554,None,,,,,37,146,146,1,1006.4748552910023,,1006.4649417909968,1006.4748552910023,1007.4553480409959,1007.4553480409959,1007.4553480409959,1007.4553480409959,1007.4708289160044,1008.462877833008,1008.462877833008,1009.3881183750054,,,,,v,1,0.9225815829995554,None,parti2,001,2025-10-02_15h11.06.451,MotorSequenceLearning_NupurShah,,2025.1.1,119.29573714860963,2025-10-02 15h11.40.196533 +0530,
150,v,147,147,38,v,1,0.6800854579923907,None,,,,,38,147,147,1,1009.4131750410015,,1009.3887470000045,1009.4131750410015,1010.3887684579968,1010.3887684579968,1010.3887684579968,1010.3887684579968,1010.4046415000048,1011.3883764159982,1011.3883764159982,1012.0714363330044,,,,,v,1,0.6800854579923907,None,parti2,001,2025-10-02_15h11.06.451,MotorSequenceLearning_NupurShah,,2025.1.1,119.29573714860963,2025-10-02 15h11.40.196533 +0530,
150,v,148,148,39,v,1,1.160419332998572,None,,,,,39,148,148,1,1012.0962412079971,,1012.0720549160033,1012.0962412079971,1013.0720987079985,1013.0720987079985,1013.0720987079985,1013.0720987079985,1013.0878735410079,1014.0720737500087,1014.0720737500087,1015.237830958009,,,,,v,1,1.160419332998572,None,parti2,001,2025-10-02_15h11.06.451,MotorSequenceLearning_NupurShah,,2025.1.1,119.29573714860963,2025-10-02 15h11.40.196533 +0530,
50,c,149,149,34,c,1,0.8789034990040818,None,,,,,34,149,149,2,1015.2475169999962,,1015.2382789160038,1015.2475169999962,1016.2380680830101,1016.2380680830101,1016.2380680830101,1016.2380680830101,1016.2380680830101,1017.2296481250087,1017.2296481250087,1018.1144490000006,,,,,c,1,0.8789034990040818,None,parti2,001,2025-10-02_15h11.06.451,MotorSequenceLearning_NupurShah,,2025.1.1,119.29573714860963,2025-10-02 15h11.40.196533 +0530,
50,c,150,150,35,c,1,1.418309415996191,None,,,,,35,150,150,2,1018.1243677910097,,1018.1151282909996,1018.1243677910097,1019.1125788750069,1019.1125788750069,1019.1125788750069,1019.1125788750069,1019.1203302909998,1020.1130595410068,1020.1130595410068,1021.5382521660067,,,,,c,1,1.418309415996191,None,parti2,001,2025-10-02_15h11.06.451,MotorSequenceLearning_NupurShah,,2025.1.1,119.29573714860963,2025-10-02 15h11.40.196533 +0530,
-50,x,151,151,34,x,1,2.0598974989989074,None,,,,,34,151,151,0,1021.5630106250028,,1021.5388438750088,1021.5630106250028,1022.5388426249992,1022.5388426249992,1022.5388426249992,1022.5388426249992,1022.5547022079991,1023.5383059580054,1023.5383059580054,1025.604690541004,,,,,x,1,2.0598974989989074,None,parti2,001,2025-10-02_15h11.06.451,MotorSequenceLearning_NupurShah,,2025.1.1,119.29573714860963,2025-10-02 15h11.40.196533 +0530,
-50,x,152,152,35,x,1,0.5168467909970786,None,,,,,35,152,152,0,1025.6145741660002,,1025.6051878750004,1025.6145741660002,1026.6053111250076,1026.6053111250076,1026.6053111250076,1026.6053111250076,1026.613477291001,1027.596392624997,1027.596392624997,1028.1144630000053,,,,,x,1,0.5168467909970786,None,parti2,001,2025-10-02_15h11.06.451,MotorSequenceLearning_NupurShah,,2025.1.1,119.29573714860963,2025-10-02 15h11.40.196533 +0530,
150,v,153,153,40,v,1,1.7226482490077615,None,,,,,40,153,153,1,1028.1211360410089,,1028.114943958004,1028.1211360410089,1029.112779832998,1029.112779832998,1029.112779832998,1029.112779832998,1029.112779832998,1030.112580000001,1030.112580000001,1031.838316916008,,,,,v,1,1.7226482490077615,None,parti2,001,2025-10-02_15h11.06.451,MotorSequenceLearning_NupurShah,,2025.1.1,119.29573714860963,2025-10-02 15h11.40.196533 +0530,
-150,z,154,154,41,z,1,1.0693400830059545,None,,,,,41,154,154,3,1031.8632308750093,,1031.8389078330074,1031.8632308750093,1032.8390267500072,1032.8390267500072,1032.8390267500072,1032.8390267500072,1032.8546249579958,1033.8298470000009,1033.8298470000009,1034.905126208003,,,,,z,1,1.0693400830059545,None,parti2,001,2025-10-02_15h11.06.451,MotorSequenceLearning_NupurShah,,2025.1.1,119.29573714860963,2025-10-02 15h11.40.196533 +0530,
150,v,155,155,41,v,1,1.1753848329972243,None,,,,,41,155,155,1,1034.915409541005,,1034.905614000003,1034.915409541005,1035.9063592910097,1035.9063592910097,1035.9063592910097,1035.9063592910097,1035.9143532910093,1036.8966939579987,1036.8966939579987,1038.0810103330004,,,,,v,1,1.1753848329972243,None,parti2,001,2025-10-02_15h11.06.451,MotorSequenceLearning_NupurShah,,2025.1.1,119.29573714860963,2025-10-02 15h11.40.196533 +0530,
50,c,156,156,36,c,1,1.5863010409957496,None,,,,,36,156,156,2,1038.090339458009,,1038.0814903330029,1038.090339458009,1039.0725123750017,1039.0725123750017,1039.0725123750017,1039.0725123750017,1039.0883259999973,1040.0719905830047,1040.0719905830047,1041.6647276660078,,,,,c,1,1.5863010409957496,None,parti2,001,2025-10-02_15h11.06.451,MotorSequenceLearning_NupurShah,,2025.1.1,119.29573714860963,2025-10-02 15h11.40.196533 +0530,
-150,z,157,157,42,z,1,1.0427735819976078,None,,,,,42,157,157,3,1041.6738500000065,,1041.665216916008,1041.6738500000065,1042.662843500002,1042.662843500002,1042.662843500002,1042.662843500002,1042.6705092500051,1043.663288958007,1043.663288958007,1044.7149020829966,,,,,z,1,1.0427735819976078,None,parti2,001,2025-10-02_15h11.06.451,MotorSequenceLearning_NupurShah,,2025.1.1,119.29573714860963,2025-10-02 15h11.40.196533 +0530,
150,v,158,158,42,v,1,1.2514018329966348,None,,,,,42,158,158,1,1044.724556125002,,1044.7155346250074,1044.724556125002,1045.7134091659973,1045.7134091659973,1045.7134091659973,1045.7134091659973,1045.7209862910095,1046.7135763749975,1046.7135763749975,1047.9719964999967,,,,,v,1,1.2514018329966348,None,parti2,001,2025-10-02_15h11.06.451,MotorSequenceLearning_NupurShah,,2025.1.1,119.29573714860963,2025-10-02 15h11.40.196533 +0530,
50,c,159,159,37,c,1,0.8109924989985302,None,,,,,37,159,159,2,1047.9818532500067,,1047.9724815829977,1047.9818532500067,1048.9723181660083,1048.9723181660083,1048.9723181660083,1048.9723181660083,1048.9801719160023,1049.9721350000036,1049.9721350000036,1050.7886958750023,,,,,c,1,0.8109924989985302,None,parti2,001,2025-10-02_15h11.06.451,MotorSequenceLearning_NupurShah,,2025.1.1,119.29573714860963,2025-10-02 15h11.40.196533 +0530,
-150,z,160,160,43,z,1,1.0405788740026765,None,,,,,43,160,160,3,1050.8135932910081,,1050.7895015410031,1050.8135932910081,1051.7893375830026,1051.7893375830026,1051.7893375830026,1051.7893375830026,1051.804166832997,1052.7874467910005,1052.7874467910005,1053.8315172500006,,,,,z,1,1.0405788740026765,None,parti2,001,2025-10-02_15h11.06.451,MotorSequenceLearning_NupurShah,,2025.1.1,119.29573714860963,2025-10-02 15h11.40.196533 +0530,
-50,x,161,161,36,x,1,0.7230827909952495,None,,,,,36,161,161,0,1053.8415132079972,,1053.832130374998,1053.8415132079972,1054.8306922909978,1054.8306922909978,1054.8306922909978,1054.8306922909978,1054.839090458001,1055.8300835830014,1055.8300835830014,1056.5551694580063,,,,,x,1,0.7230827909952495,None,parti2,001,2025-10-02_15h11.06.451,MotorSequenceLearning_NupurShah,,2025.1.1,119.29573714860963,2025-10-02 15h11.40.196533 +0530,
-50,x,162,162,37,x,1,1.618156958007603,None,,,,,37,162,162,0,1056.5633743329963,,1056.5557118330034,1056.5633743329963,1057.5555101659993,1057.5555101659993,1057.5555101659993,1057.5555101659993,1057.5555101659993,1058.554775416007,1058.554775416007,1060.1819253330032,,,,,x,1,1.618156958007603,None,parti2,001,2025-10-02_15h11.06.451,MotorSequenceLearning_NupurShah,,2025.1.1,119.29573714860963,2025-10-02 15h11.40.196533 +0530,
-150,z,163,163,44,z,1,1.456666458005202,None,,,,,44,163,163,3,1060.1923404160043,,1060.1825334160094,1060.1923404160043,1061.1801523750037,1061.1801523750037,1061.1801523750037,1061.1801523750037,1061.1878763749992,1062.1802994160098,1062.1802994160098,1063.6382384580065,,,,,z,1,1.456666458005202,None,parti2,001,2025-10-02_15h11.06.451,MotorSequenceLearning_NupurShah,,2025.1.1,119.29573714860963,2025-10-02 15h11.40.196533 +0530,
50,c,164,164,38,c,1,1.4667231240018737,None,,,,,38,164,164,2,1063.646479582996,,1063.638732958003,1063.646479582996,1064.6298352080048,1064.6298352080048,1064.6298352080048,1064.6298352080048,1064.6379028329975,1065.6302475410048,1065.6302475410048,1067.0981657079974,,,,,c,1,1.4667231240018737,None,parti2,001,2025-10-02_15h11.06.451,MotorSequenceLearning_NupurShah,,2025.1.1,119.29573714860963,2025-10-02 15h11.40.196533 +0530,
-50,x,165,165,38,x,1,0.9304631239938317,None,,,,,38,165,165,0,1067.1048391250079,,1067.0986453750083,1067.1048391250079,1068.0971842500003,1068.0971842500003,1068.0971842500003,1068.0971842500003,1068.0971842500003,1069.0885974160046,1069.0885974160046,1070.0221317910036,,,,,x,1,0.9304631239938317,None,parti2,001,2025-10-02_15h11.06.451,MotorSequenceLearning_NupurShah,,2025.1.1,119.29573714860963,2025-10-02 15h11.40.196533 +0530,
50,c,166,166,39,c,1,1.1411819580098381,None,,,,,39,166,166,2,1070.0329815000005,,1070.0229580830055,1070.0329815000005,1071.0224139159982,1071.0224139159982,1071.0224139159982,1071.0224139159982,1071.0304913750006,1072.013651125002,1072.013651125002,1073.165309916003,,,,,c,1,1.1411819580098381,None,parti2,001,2025-10-02_15h11.06.451,MotorSequenceLearning_NupurShah,,2025.1.1,119.29573714860963,2025-10-02 15h11.40.196533 +0530,
150,v,167,167,43,v,1,0.7430125410028268,None,,,,,43,167,167,1,1073.1756353329984,,1073.1659091659967,1073.1756353329984,1074.1638685829967,1074.1638685829967,1074.1638685829967,1074.1638685829967,1074.1715939580026,1075.1639676250052,1075.1639676250052,1075.9151272500021,,,,,v,1,0.7430125410028268,None,parti2,001,2025-10-02_15h11.06.451,MotorSequenceLearning_NupurShah,,2025.1.1,119.29573714860963,2025-10-02 15h11.40.196533 +0530,
50,c,168,168,40,c,1,1.0770193740027025,None,,,,,40,168,168,2,1075.9247802080063,,1075.9156478750083,1075.9247802080063,1076.9137634159997,1076.9137634159997,1076.9137634159997,1076.9137634159997,1076.9214179580013,1077.9137631659978,1077.9137631659978,1078.9986100829992,,,,,c,1,1.0770193740027025,None,parti2,001,2025-10-02_15h11.06.451,MotorSequenceLearning_NupurShah,,2025.1.1,119.29573714860963,2025-10-02 15h11.40.196533 +0530,
-150,z,169,169,45,z,1,1.0397335830057273,None,,,,,45,169,169,3,1079.0090411249985,,1078.999203750005,1079.0090411249985,1079.9971117079986,1079.9971117079986,1079.9971117079986,1079.9971117079986,1080.0044473330054,1080.9970442500053,1080.9970442500053,1082.0395572499983,,,,,z,1,1.0397335830057273,None,parti2,001,2025-10-02_15h11.06.451,MotorSequenceLearning_NupurShah,,2025.1.1,119.29573714860963,2025-10-02 15h11.40.196533 +0530,
150,v,170,170,44,v,1,1.195436416004668,None,,,,,44,170,170,1,1082.049831915996,,1082.0400831250008,1082.049831915996,1083.0395075410052,1083.0395075410052,1083.0395075410052,1083.0395075410052,1083.0476778750017,1084.038294958009,1084.038294958009,1085.2390327080066,,,,,v,1,1.195436416004668,None,parti2,001,2025-10-02_15h11.06.451,MotorSequenceLearning_NupurShah,,2025.1.1,119.29573714860963,2025-10-02 15h11.40.196533 +0530,
-50,x,171,171,39,x,1,0.8504973329982022,None,,,,,39,171,171,0,1085.2491074160062,,1085.239535832996,1085.2491074160062,1086.2393876660062,1086.2393876660062,1086.2393876660062,1086.2393876660062,1086.2471793330042,1087.239097541009,1087.239097541009,1088.0985283750051,,,,,x,1,0.8504973329982022,None,parti2,001,2025-10-02_15h11.06.451,MotorSequenceLearning_NupurShah,,2025.1.1,119.29573714860963,2025-10-02 15h11.40.196533 +0530,
50,c,172,172,41,c,1,1.2355798319913447,None,,,,,41,172,172,2,1088.1077492080076,,1088.0990084160003,1088.1077492080076,1089.0966392080009,1089.0966392080009,1089.0966392080009,1089.0966392080009,1089.1039835410047,1090.0971550410031,1090.0971550410031,1091.3387314580032,,,,,c,1,1.2355798319913447,None,parti2,001,2025-10-02_15h11.06.451,MotorSequenceLearning_NupurShah,,2025.1.1,119.29573714860963,2025-10-02 15h11.40.196533 +0530,
50,c,173,173,42,c,1,1.004069332004292,None,,,,,42,173,173,2,1091.3493401250016,,1091.3392291250057,1091.3493401250016,1092.3393174579978,1092.3393174579978,1092.3393174579978,1092.3393174579978,1092.3475115830079,1093.3305877500097,1093.3305877500097,1094.3393313330016,,,,,c,1,1.004069332004292,None,parti2,001,2025-10-02_15h11.06.451,MotorSequenceLearning_NupurShah,,2025.1.1,119.29573714860963,2025-10-02 15h11.40.196533 +0530,
50,c,174,174,43,c,1,1.0253395410109079,None,,,,,43,174,174,2,1094.3493874999986,,1094.3398270830075,1094.3493874999986,1095.339597958009,1095.339597958009,1095.339597958009,1095.339597958009,1095.3472394160053,1096.3391053329979,1096.3391053329979,1097.371770541009,,,,,c,1,1.0253395410109079,None,parti2,001,2025-10-02_15h11.06.451,MotorSequenceLearning_NupurShah,,2025.1.1,119.29573714860963,2025-10-02 15h11.40.196533 +0530,
-50,x,175,175,40,x,1,0.8101491240086034,None,,,,,40,175,175,0,1097.3805001660076,,1097.372263790996,1097.3805001660076,1098.363487333001,1098.363487333001,1098.363487333001,1098.363487333001,1098.3713576660084,1099.3634262910055,1099.3634262910055,1100.181897500006,,,,,x,1,0.8101491240086034,None,parti2,001,2025-10-02_15h11.06.451,MotorSequenceLearning_NupurShah,,2025.1.1,119.29573714860963,2025-10-02 15h11.40.196533 +0530,
150,v,176,176,45,v,1,1.063526373996865,None,,,,,45,176,176,1,1100.191243207999,,1100.1823410829966,1100.191243207999,1101.1733511659986,1101.1733511659986,1101.1733511659986,1101.1733511659986,1101.1891740410065,1102.1720457909978,1102.1720457909978,1103.2393828750064,,,,,v,1,1.063526373996865,None,parti2,001,2025-10-02_15h11.06.451,MotorSequenceLearning_NupurShah,,2025.1.1,119.29573714860963,2025-10-02 15h11.40.196533 +0530,
50,c,177,177,44,c,1,1.0621479990077205,None,,,,,44,177,177,2,1103.264265291,,1103.2398877910018,1103.264265291,1104.2395797909994,1104.2395797909994,1104.2395797909994,1104.2395797909994,1104.2551319159975,1105.2394077909994,1105.2394077909994,1106.3062872080045,,,,,c,1,1.0621479990077205,None,parti2,001,2025-10-02_15h11.06.451,MotorSequenceLearning_NupurShah,,2025.1.1,119.29573714860963,2025-10-02 15h11.40.196533 +0530,
-150,z,178,178,46,z,1,1.2254814580082893,None,,,,,46,178,178,3,1106.3160936659988,,1106.3067128749972,1106.3160936659988,1107.3060784580011,1107.3060784580011,1107.3060784580011,1107.3060784580011,1107.3141839580057,1108.306870540997,1108.306870540997,1109.5396348750073,,,,,z,1,1.2254814580082893,None,parti2,001,2025-10-02_15h11.06.451,MotorSequenceLearning_NupurShah,,2025.1.1,119.29573714860963,2025-10-02 15h11.40.196533 +0530,
50,c,179,179,45,c,1,0.9710837070015259,None,,,,,45,179,179,2,1109.549580166,,1109.540124457999,1109.549580166,1110.5418039579963,1110.5418039579963,1110.5418039579963,1110.5418039579963,1110.549396500006,1111.5395212080039,1111.5395212080039,1112.5151095830079,,,,,c,1,0.9710837070015259,None,parti2,001,2025-10-02_15h11.06.451,MotorSequenceLearning_NupurShah,,2025.1.1,119.29573714860963,2025-10-02 15h11.40.196533 +0530,
150,v,180,180,46,v,1,0.6802067079988774,None,,,,,46,180,180,1,1112.5245090829994,,1112.5155965410086,1112.5245090829994,1113.5063157910045,1113.5063157910045,1113.5063157910045,1113.5063157910045,1113.521370625007,1114.51428725,1114.51428725,1115.1988165000075,,,,,v,1,0.6802067079988774,None,parti2,001,2025-10-02_15h11.06.451,MotorSequenceLearning_NupurShah,,2025.1.1,119.29573714860963,2025-10-02 15h11.40.196533 +0530,
-50,x,181,181,41,x,1,1.630058041002485,None,,,,,41,181,181,0,1115.2085291660042,,1115.1992940409982,1115.2085291660042,1116.1900053330028,1116.1900053330028,1116.1900053330028,1116.1900053330028,1116.2055216660083,1117.1974546249985,1117.1974546249985,1118.832166416003,,,,,x,1,1.630058041002485,None,parti2,001,2025-10-02_15h11.06.451,MotorSequenceLearning_NupurShah,,2025.1.1,119.29573714860963,2025-10-02 15h11.40.196533 +0530,
50,c,182,182,46,c,1,1.113622374003171,None,,,,,46,182,182,2,1118.8428432079963,,1118.8327913749963,1118.8428432079963,1119.8312504159985,1119.8312504159985,1119.8312504159985,1119.8312504159985,1119.838880166004,1120.8308298330085,1120.8308298330085,1121.948749999996,,,,,c,1,1.113622374003171,None,parti2,001,2025-10-02_15h11.06.451,MotorSequenceLearning_NupurShah,,2025.1.1,119.29573714860963,2025-10-02 15h11.40.196533 +0530,
-50,x,183,183,42,x,1,1.3843768329970771,None,,,,,42,183,183,0,1121.9582409160066,,1121.9492461250047,1121.9582409160066,1122.9392550000048,1122.9392550000048,1122.9392550000048,1122.9392550000048,1122.9538963750092,1123.9477857910097,1123.9477857910097,1125.3399678749993,,,,,x,1,1.3843768329970771,None,parti2,001,2025-10-02_15h11.06.451,MotorSequenceLearning_NupurShah,,2025.1.1,119.29573714860963,2025-10-02 15h11.40.196533 +0530,
150,v,184,184,47,v,1,1.780136165994918,None,,,,,47,184,184,1,1125.3644511660095,,1125.3405000830098,1125.3644511660095,1126.3400402080006,1126.3400402080006,1126.3400402080006,1126.3400402080006,1126.3559499580006,1127.3401287910092,1127.3401287910092,1129.1227853330056,,,,,v,1,1.780136165994918,None,parti2,001,2025-10-02_15h11.06.451,MotorSequenceLearning_NupurShah,,2025.1.1,119.29573714860963,2025-10-02 15h11.40.196533 +0530,
50,c,185,185,47,c,1,0.9589071660011541,None,,,,,47,185,185,2,1129.133119916005,,1129.1232816249976,1129.133119916005,1130.1227439159993,1130.1227439159993,1130.1227439159993,1130.1227439159993,1130.1304671660037,1131.1231709160056,1131.1231709160056,1132.089508707999,,,,,c,1,0.9589071660011541,None,parti2,001,2025-10-02_15h11.06.451,MotorSequenceLearning_NupurShah,,2025.1.1,119.29573714860963,2025-10-02 15h11.40.196533 +0530,
-50,x,186,186,43,x,1,1.6058857080060989,None,,,,,43,186,186,0,1132.0998181250034,,1132.0899914159963,1132.0998181250034,1133.0900619160093,1133.0900619160093,1133.0900619160093,1133.0900619160093,1133.0981097500044,1134.0893967910088,1134.0893967910088,1135.699242666,,,,,x,1,1.6058857080060989,None,parti2,001,2025-10-02_15h11.06.451,MotorSequenceLearning_NupurShah,,2025.1.1,119.29573714860963,2025-10-02 15h11.40.196533 +0530,
-50,x,187,187,44,x,1,0.7956583740015049,None,,,,,44,187,187,0,1135.7098088330094,,1135.6998755000095,1135.7098088330094,1136.6977870410046,1136.6977870410046,1136.6977870410046,1136.6977870410046,1136.705401375002,1137.697658707999,1137.697658707999,1138.4990042910067,,,,,x,1,0.7956583740015049,None,parti2,001,2025-10-02_15h11.06.451,MotorSequenceLearning_NupurShah,,2025.1.1,119.29573714860963,2025-10-02 15h11.40.196533 +0530,
-150,z,188,188,47,z,1,0.9008429160021478,None,,,,,47,188,188,3,1138.5095144579973,,1138.4996090000059,1138.5095144579973,1139.497913375002,1139.497913375002,1139.497913375002,1139.497913375002,1139.5056374580017,1140.4971710829996,1140.4971710829996,1141.4058622500015,,,,,z,1,0.9008429160021478,None,parti2,001,2025-10-02_15h11.06.451,MotorSequenceLearning_NupurShah,,2025.1.1,119.29573714860963,2025-10-02 15h11.40.196533 +0530,
-50,x,189,189,45,x,1,0.838382416011882,None,,,,,45,189,189,0,1141.4158685000002,,1141.406379416003,1141.4158685000002,1142.405974207999,1142.405974207999,1142.405974207999,1142.405974207999,1142.4139386250026,1143.3977337910037,1143.3977337910037,1144.2393468750088,,,,,x,1,0.838382416011882,None,parti2,001,2025-10-02_15h11.06.451,MotorSequenceLearning_NupurShah,,2025.1.1,119.29573714860963,2025-10-02 15h11.40.196533 +0530,
-50,x,190,190,46,x,1,0.8089372489921516,None,,,,,46,190,190,0,1144.2491791659995,,1144.2398277500033,1144.2491791659995,1145.23058662501,1145.23058662501,1145.23058662501,1145.23058662501,1145.2480895830086,1146.2310704160045,1146.2310704160045,1147.0493866659963,,,,,x,1,0.8089372489921516,None,parti2,001,2025-10-02_15h11.06.451,MotorSequenceLearning_NupurShah,,2025.1.1,119.29573714860963,2025-10-02 15h11.40.196533 +0530,
-150,z,191,191,48,z,1,1.508158498996636,None,,,,,48,191,191,3,1147.059596082996,,1147.049968708001,1147.059596082996,1148.0483645000058,1148.0483645000058,1148.0483645000058,1148.0483645000058,1148.0560692080035,1149.0477729999984,1149.0477729999984,1150.5661432500056,,,,,z,1,1.508158498996636,None,parti2,001,2025-10-02_15h11.06.451,MotorSequenceLearning_NupurShah,,2025.1.1,119.29573714860963,2025-10-02 15h11.40.196533 +0530,
-50,x,192,192,47,x,1,1.0064435829990543,None,,,,,47,192,192,0,1150.5765852080076,,1150.5667216660077,1150.5765852080076,1151.564075458009,1151.564075458009,1151.564075458009,1151.564075458009,1151.5717142909998,1152.5645388330013,1152.5645388330013,1153.5730581660027,,,,,x,1,1.0064435829990543,None,parti2,001,2025-10-02_15h11.06.451,MotorSequenceLearning_NupurShah,,2025.1.1,119.29573714860963,2025-10-02 15h11.40.196533 +0530,
50,c,193,193,48,c,1,1.170470124008716,None,,,,,48,193,193,2,1153.5834087910043,,1153.5735615410085,1153.5834087910043,1154.5738276659977,1154.5738276659977,1154.5738276659977,1154.5738276659977,1154.5818808330077,1155.5644770000072,1155.5644770000072,1156.7400170000037,,,,,c,1,1.170470124008716,None,parti2,001,2025-10-02_15h11.06.451,MotorSequenceLearning_NupurShah,,2025.1.1,119.29573714860963,2025-10-02 15h11.40.196533 +0530,
-50,x,194,194,48,x,1,2.3004688329965575,None,,,,,48,194,194,0,1156.7499209160014,,1156.7405147499958,1156.7499209160014,1157.7402540409967,1157.7402540409967,1157.7402540409967,1157.7402540409967,1157.7483115409996,1158.7398609579977,1158.7398609579977,1161.0491777910065,,,,,x,1,2.3004688329965575,None,parti2,001,2025-10-02_15h11.06.451,MotorSequenceLearning_NupurShah,,2025.1.1,119.29573714860963,2025-10-02 15h11.40.196533 +0530,
150,v,195,195,48,v,1,1.3165224990079878,None,,,,,48,195,195,1,1161.058742541005,,1161.0496955830022,1161.058742541005,1162.0403410410072,1162.0403410410072,1162.0403410410072,1162.0403410410072,1162.0558894580026,1163.047960374999,1163.047960374999,1164.3659637500095,,,,,v,1,1.3165224990079878,None,parti2,001,2025-10-02_15h11.06.451,MotorSequenceLearning_NupurShah,,2025.1.1,119.29573714860963,2025-10-02 15h11.40.196533 +0530,
-150,z,196,196,49,z,1,1.1542391659895657,None,,,,,49,196,196,3,1164.3726561660005,,1164.3664693330065,1164.3726561660005,1165.3648332500015,1165.3648332500015,1165.3648332500015,1165.3648332500015,1165.3648332500015,1166.3641059579968,1166.3641059579968,1167.5231835000013,,,,,z,1,1.1542391659895657,None,parti2,001,2025-10-02_15h11.06.451,MotorSequenceLearning_NupurShah,,2025.1.1,119.29573714860963,2025-10-02 15h11.40.196533 +0530,
50,c,197,197,49,c,1,1.91164699899673,None,,,,,49,197,197,2,1167.5482569160085,,1167.5236672080064,1167.5482569160085,1168.5234892910084,1168.5234892910084,1168.5234892910084,1168.5234892910084,1168.5383141659986,1169.5227775410021,1169.5227775410021,1171.4396052910015,,,,,c,1,1.91164699899673,None,parti2,001,2025-10-02_15h11.06.451,MotorSequenceLearning_NupurShah,,2025.1.1,119.29573714860963,2025-10-02 15h11.40.196533 +0530,
150,v,198,198,49,v,1,1.039953498999239,None,,,,,49,198,198,1,1171.4493187500047,,1171.440084707996,1171.4493187500047,1172.4314237079961,1172.4314237079961,1172.4314237079961,1172.4314237079961,1172.4483781660092,1173.4313954579993,1173.4313954579993,1174.4734419160086,,,,,v,1,1.039953498999239,None,parti2,001,2025-10-02_15h11.06.451,MotorSequenceLearning_NupurShah,,2025.1.1,119.29573714860963,2025-10-02 15h11.40.196533 +0530,
-50,x,199,199,49,x,1,1.537805958010722,None,,,,,49,199,199,0,1174.483651290997,,1174.4739489580097,1174.483651290997,1175.4738118750101,1175.4738118750101,1175.4738118750101,1175.4738118750101,1175.481861332999,1176.4724882910086,1176.4724882910086,1178.0163478330069,,,,,x,1,1.537805958010722,None,parti2,001,2025-10-02_15h11.06.451,MotorSequenceLearning_NupurShah,,2025.1.1,119.29573714860963,2025-10-02 15h11.40.196533 +0530,
