pos,corr_resp,thisN,thisTrialN,thisRepN,key_resp.keys,key_resp.corr,key_resp.rt,key_resp.duration,trials.thisRepN,trials.thisTrialN,trials.thisN,trials.thisIndex,trials_2.thisRepN,trials_2.thisTrialN,trials_2.thisN,trials_2.thisIndex,thisRow.t,notes,trial.started,fixation.started,line1.started,line2.started,line3.started,line4.started,fixation.stopped,probe.started,key_resp.started,trial.stopped,trials.key_resp.keys,trials.key_resp.corr,trials.key_resp.rt,trials.key_resp.duration,trials_2.key_resp.keys,trials_2.key_resp.corr,trials_2.key_resp.rt,trials_2.key_resp.duration,participant,session,date,expName,expVersion,psychopyVersion,frameRate,expStart,
-50,x,0,0,0,x,1,1.4637515820068074,None,0,0,0,0,,,,,0.02905737499531824,,0.020679374996689148,0.02905737499531824,1.0130907080019824,1.0130907080019824,1.0130907080019824,1.0130907080019824,1.0185627909959294,1.9996918749966426,1.9996918749966426,3.686857749999035,x,1,1.4637515820068074,None,,,,,parti5,001,2025-10-02_16h41.27.841,MotorSequenceLearning_NupurShah,,2025.1.1,118.38715263862605,2025-10-02 16h41.40.622515 +0530,
150,v,1,1,0,v,1,0.26614654099103063,None,0,1,1,1,,,,,3.700883832992986,,3.6871309580019442,3.700883832992986,4.680952790993615,4.680952790993615,4.680952790993615,4.680952790993615,4.6976199579949025,5.681387457996607,5.681387457996607,5.949400333003723,v,1,0.26614654099103063,None,,,,,parti5,001,2025-10-02_16h41.27.841,MotorSequenceLearning_NupurShah,,2025.1.1,118.38715263862605,2025-10-02 16h41.40.622515 +0530,
50,c,2,2,0,c,1,0.3182306660019094,None,0,2,2,2,,,,,5.960246083006496,,5.949972832997446,5.960246083006496,6.948107541000354,6.948107541000354,6.948107541000354,6.948107541000354,6.955419999998412,7.948087875003694,7.948087875003694,8.273914332996355,c,1,0.3182306660019094,None,,,,,parti5,001,2025-10-02_16h41.27.841,MotorSequenceLearning_NupurShah,,2025.1.1,118.38715263862605,2025-10-02 16h41.40.622515 +0530,
-150,z,3,3,0,z,1,1.458896456999355,None,0,3,3,3,,,,,8.298369458003435,,8.274437250001938,8.298369458003435,9.273256790998857,9.273256790998857,9.273256790998857,9.273256790998857,9.289327833001153,10.2725760829926,10.2725760829926,11.732585958001437,z,1,1.458896456999355,None,,,,,parti5,001,2025-10-02_16h41.27.841,MotorSequenceLearning_NupurShah,,2025.1.1,118.38715263862605,2025-10-02 16h41.40.622515 +0530,
-50,x,4,0,1,x,1,0.2989033740013838,None,1,0,4,0,,,,,11.756035166006768,,11.73308041600103,11.756035166006768,12.724487832994782,12.724487832994782,12.724487832994782,12.724487832994782,12.748184957992635,13.723567791006644,13.723567791006644,14.032922957994742,x,1,0.2989033740013838,None,,,,,parti5,001,2025-10-02_16h41.27.841,MotorSequenceLearning_NupurShah,,2025.1.1,118.38715263862605,2025-10-02 16h41.40.622515 +0530,
150,v,5,1,1,v,1,0.8139162909938022,None,1,1,5,1,,,,,14.042888915995718,,14.033433207994676,14.042888915995718,15.03161070799979,15.03161070799979,15.03161070799979,15.03161070799979,15.039202625004691,16.031525540995062,16.031525540995062,16.84948533300485,v,1,0.8139162909938022,None,,,,,parti5,001,2025-10-02_16h41.27.841,MotorSequenceLearning_NupurShah,,2025.1.1,118.38715263862605,2025-10-02 16h41.40.622515 +0530,
50,c,6,2,1,c,1,0.3582598740031244,None,1,2,6,2,,,,,16.859217958000954,,16.849983833002625,16.859217958000954,17.840590666004573,17.840590666004573,17.840590666004573,17.840590666004573,17.85582116599835,18.8402367499948,18.8402367499948,19.20697095799551,c,1,0.3582598740031244,None,,,,,parti5,001,2025-10-02_16h41.27.841,MotorSequenceLearning_NupurShah,,2025.1.1,118.38715263862605,2025-10-02 16h41.40.622515 +0530,
-150,z,7,3,1,z,1,0.3439709570084233,None,1,3,7,3,,,,,19.231511958001647,,19.20747645800293,19.231511958001647,20.208014165997156,20.208014165997156,20.208014165997156,20.208014165997156,20.223956707995967,21.207481624995125,21.207481624995125,21.556515749995015,z,1,0.3439709570084233,None,,,,,parti5,001,2025-10-02_16h41.27.841,MotorSequenceLearning_NupurShah,,2025.1.1,118.38715263862605,2025-10-02 16h41.40.622515 +0530,
-50,x,8,0,2,x,1,0.5744147499935934,None,2,0,8,0,,,,,21.56643283300218,,21.55704054099624,21.56643283300218,22.547819625004195,22.547819625004195,22.547819625004195,22.547819625004195,22.565005124997697,23.557018124993192,23.557018124993192,24.133334333004314,x,1,0.5744147499935934,None,,,,,parti5,001,2025-10-02_16h41.27.841,MotorSequenceLearning_NupurShah,,2025.1.1,118.38715263862605,2025-10-02 16h41.40.622515 +0530,
150,v,9,1,2,v,1,0.3179187909991015,None,2,1,9,1,,,,,24.14398708299268,,24.13393037499918,24.14398708299268,25.131823791001807,25.131823791001807,25.131823791001807,25.131823791001807,25.139466624998022,26.13130091599305,26.13130091599305,26.457436665994464,v,1,0.3179187909991015,None,,,,,parti5,001,2025-10-02_16h41.27.841,MotorSequenceLearning_NupurShah,,2025.1.1,118.38715263862605,2025-10-02 16h41.40.622515 +0530,
50,c,10,2,2,c,1,0.26009408199752215,None,2,2,10,2,,,,,26.482017582995468,,26.45795625000028,26.482017582995468,27.45724550000159,27.45724550000159,27.45724550000159,27.45724550000159,27.473047833002056,28.457271874998696,28.457271874998696,28.723988957994152,c,1,0.26009408199752215,None,,,,,parti5,001,2025-10-02_16h41.27.841,MotorSequenceLearning_NupurShah,,2025.1.1,118.38715263862605,2025-10-02 16h41.40.622515 +0530,
-150,z,11,3,2,z,1,0.35125458300171886,None,2,3,11,3,,,,,28.734064125004807,,28.724478332995204,28.734064125004807,29.724720665995847,29.724720665995847,29.724720665995847,29.724720665995847,29.733211165992543,30.723032082998543,30.723032082998543,31.082450040994445,z,1,0.35125458300171886,None,,,,,parti5,001,2025-10-02_16h41.27.841,MotorSequenceLearning_NupurShah,,2025.1.1,118.38715263862605,2025-10-02 16h41.40.622515 +0530,
-50,x,12,0,3,x,1,0.4525207910046447,None,3,0,12,0,,,,,31.09162604100129,,31.082939333005925,31.09162604100129,32.07441375000053,32.07441375000053,32.07441375000053,32.07441375000053,32.08247900000424,33.07290512499458,33.07290512499458,33.53334141599771,x,1,0.4525207910046447,None,,,,,parti5,001,2025-10-02_16h41.27.841,MotorSequenceLearning_NupurShah,,2025.1.1,118.38715263862605,2025-10-02 16h41.40.622515 +0530,
150,v,13,1,3,v,1,0.2946490409958642,None,3,1,13,1,,,,,33.54399262499646,,33.53394900000421,33.54399262499646,34.53193470799306,34.53193470799306,34.53193470799306,34.53193470799306,34.5395739999949,35.53185820799263,35.53185820799263,35.832788957995945,v,1,0.2946490409958642,None,,,,,parti5,001,2025-10-02_16h41.27.841,MotorSequenceLearning_NupurShah,,2025.1.1,118.38715263862605,2025-10-02 16h41.40.622515 +0530,
50,c,14,2,3,c,1,0.4292351660114946,None,3,2,14,2,,,,,35.84221208299277,,35.83332416600024,35.84221208299277,36.82435916599934,36.82435916599934,36.82435916599934,36.82435916599934,36.840225583000574,37.82420637499308,37.82420637499308,38.25673929099867,c,1,0.4292351660114946,None,,,,,parti5,001,2025-10-02_16h41.27.841,MotorSequenceLearning_NupurShah,,2025.1.1,118.38715263862605,2025-10-02 16h41.40.622515 +0530,
-150,z,15,3,3,z,1,0.37933699900167994,None,3,3,15,3,,,,,38.2665143750055,,38.257143166003516,38.2665143750055,39.24812274999567,39.24812274999567,39.24812274999567,39.24812274999567,39.26547458299319,40.248075958006666,40.248075958006666,40.63326437500655,z,1,0.37933699900167994,None,,,,,parti5,001,2025-10-02_16h41.27.841,MotorSequenceLearning_NupurShah,,2025.1.1,118.38715263862605,2025-10-02 16h41.40.622515 +0530,
-50,x,16,0,4,x,1,0.6470077910053078,None,4,0,16,0,,,,,40.64349375000165,,40.633831375002046,40.64349375000165,41.63147666599252,41.63147666599252,41.63147666599252,41.63147666599252,41.63904312500381,42.63144987499982,42.63144987499982,43.28341979099787,x,1,0.6470077910053078,None,,,,,parti5,001,2025-10-02_16h41.27.841,MotorSequenceLearning_NupurShah,,2025.1.1,118.38715263862605,2025-10-02 16h41.40.622515 +0530,
150,v,17,1,4,v,1,0.37427237500378396,None,4,1,17,1,,,,,43.29300704099296,,43.2839074999938,43.29300704099296,44.28225712499989,44.28225712499989,44.28225712499989,44.28225712499989,44.2899636660004,45.28202537499601,45.28202537499601,45.667096290999325,v,1,0.37427237500378396,None,,,,,parti5,001,2025-10-02_16h41.27.841,MotorSequenceLearning_NupurShah,,2025.1.1,118.38715263862605,2025-10-02 16h41.40.622515 +0530,
50,c,18,2,4,c,1,0.36095474900503177,None,4,2,18,2,,,,,45.67765416599286,,45.66769345800276,45.67765416599286,46.66491666600632,46.66491666600632,46.66491666600632,46.66491666600632,46.67259608299355,47.66543133299274,47.66543133299274,48.0332367910014,c,1,0.36095474900503177,None,,,,,parti5,001,2025-10-02_16h41.27.841,MotorSequenceLearning_NupurShah,,2025.1.1,118.38715263862605,2025-10-02 16h41.40.622515 +0530,
-150,z,19,3,4,z,1,0.34116112400079146,None,4,3,19,3,,,,,48.04218570799276,,48.03364095800498,48.04218570799276,49.02470374999393,49.02470374999393,49.02470374999393,49.02470374999393,49.03274437499931,50.023142249992816,50.023142249992816,50.36630070800311,z,1,0.34116112400079146,None,,,,,parti5,001,2025-10-02_16h41.27.841,MotorSequenceLearning_NupurShah,,2025.1.1,118.38715263862605,2025-10-02 16h41.40.622515 +0530,
-50,x,20,0,5,x,1,0.30642049899324775,None,5,0,20,0,,,,,50.37631554099789,,50.36681049999606,50.37631554099789,51.35823558300035,51.35823558300035,51.35823558300035,51.35823558300035,51.37347237499489,52.364966958004516,52.364966958004516,52.674011041002814,x,1,0.30642049899324775,None,,,,,parti5,001,2025-10-02_16h41.27.841,MotorSequenceLearning_NupurShah,,2025.1.1,118.38715263862605,2025-10-02 16h41.40.622515 +0530,
150,v,21,1,5,v,1,0.31080041600216646,None,5,1,21,1,,,,,52.69907616599812,,52.67458366599749,52.69907616599812,53.67461358300352,53.67461358300352,53.67461358300352,53.67461358300352,53.68940620799549,54.67355820800003,54.67355820800003,54.990814207994845,v,1,0.31080041600216646,None,,,,,parti5,001,2025-10-02_16h41.27.841,MotorSequenceLearning_NupurShah,,2025.1.1,118.38715263862605,2025-10-02 16h41.40.622515 +0530,
50,c,22,2,5,c,1,0.6366307069984032,None,5,2,22,2,,,,,55.01562095800182,,54.99140279099811,55.01562095800182,55.99112012499245,55.99112012499245,55.99112012499245,55.99112012499245,56.00665100000333,56.99080200000026,56.99080200000026,57.633633040997665,c,1,0.6366307069984032,None,,,,,parti5,001,2025-10-02_16h41.27.841,MotorSequenceLearning_NupurShah,,2025.1.1,118.38715263862605,2025-10-02 16h41.40.622515 +0530,
-150,z,23,3,5,z,1,1.1301129989878973,None,5,3,23,3,,,,,57.64276408299338,,57.63413516599394,57.64276408299338,58.632205415997305,58.632205415997305,58.632205415997305,58.632205415997305,58.63998570799595,59.632232457996,59.632232457996,60.766900083006476,z,1,1.1301129989878973,None,,,,,parti5,001,2025-10-02_16h41.27.841,MotorSequenceLearning_NupurShah,,2025.1.1,118.38715263862605,2025-10-02 16h41.40.622515 +0530,
-50,x,24,0,6,x,1,0.5108285829919623,None,6,0,24,0,,,,,60.77697641600389,,60.767407374994946,60.77697641600389,61.75770299999567,61.75770299999567,61.75770299999567,61.75770299999567,61.772665500000585,62.76558437499625,62.76558437499625,63.283201083002496,x,1,0.5108285829919623,None,,,,,parti5,001,2025-10-02_16h41.27.841,MotorSequenceLearning_NupurShah,,2025.1.1,118.38715263862605,2025-10-02 16h41.40.622515 +0530,
150,v,25,1,6,v,1,0.4467290829925332,None,6,1,25,1,,,,,63.292735166003695,,63.2836996249971,63.292735166003695,64.27492041600635,64.27492041600635,64.27492041600635,64.27492041600635,64.29101050000463,65.27349412499461,65.27349412499461,65.72420787499868,v,1,0.4467290829925332,None,,,,,parti5,001,2025-10-02_16h41.27.841,MotorSequenceLearning_NupurShah,,2025.1.1,118.38715263862605,2025-10-02 16h41.40.622515 +0530,
50,c,26,2,6,c,1,1.4638175409927499,None,6,2,26,2,,,,,65.73426199999813,,65.72468345800007,65.73426199999813,66.72471370799758,66.72471370799758,66.72471370799758,66.72471370799758,66.73262237499875,67.71632954099914,67.71632954099914,69.18375983300211,c,1,1.4638175409927499,None,,,,,parti5,001,2025-10-02_16h41.27.841,MotorSequenceLearning_NupurShah,,2025.1.1,118.38715263862605,2025-10-02 16h41.40.622515 +0530,
-150,z,27,3,6,z,1,0.34589487499033567,None,6,3,27,3,,,,,69.19392412499292,,69.18433520800318,69.19392412499292,70.18299800000386,70.18299800000386,70.18299800000386,70.18299800000386,70.1906171659939,71.18239408299269,71.18239408299269,71.53368083300302,z,1,0.34589487499033567,None,,,,,parti5,001,2025-10-02_16h41.27.841,MotorSequenceLearning_NupurShah,,2025.1.1,118.38715263862605,2025-10-02 16h41.40.622515 +0530,
-50,x,28,0,7,x,1,0.369225832997472,None,7,0,28,0,,,,,71.54269991599722,,71.5341948330024,71.54269991599722,72.53194370800338,72.53194370800338,72.53194370800338,72.53194370800338,72.53962412499823,73.53196929099795,73.53196929099795,73.90743195799587,x,1,0.369225832997472,None,,,,,parti5,001,2025-10-02_16h41.27.841,MotorSequenceLearning_NupurShah,,2025.1.1,118.38715263862605,2025-10-02 16h41.40.622515 +0530,
150,v,29,1,7,v,1,0.2990268749999814,None,7,1,29,1,,,,,73.9172131249943,,73.90791370799707,73.9172131249943,74.9082308329962,74.9082308329962,74.9082308329962,74.9082308329962,74.91595487500308,75.90805641599582,75.90805641599582,76.2175791250047,v,1,0.2990268749999814,None,,,,,parti5,001,2025-10-02_16h41.27.841,MotorSequenceLearning_NupurShah,,2025.1.1,118.38715263862605,2025-10-02 16h41.40.622515 +0530,
50,c,30,2,7,c,1,0.3512187080050353,None,7,2,30,2,,,,,76.22719041600067,,76.218106040993,76.22719041600067,77.21598270800314,77.21598270800314,77.21598270800314,77.21598270800314,77.22393700000248,78.21576129099412,78.21576129099412,78.5748489999969,c,1,0.3512187080050353,None,,,,,parti5,001,2025-10-02_16h41.27.841,MotorSequenceLearning_NupurShah,,2025.1.1,118.38715263862605,2025-10-02 16h41.40.622515 +0530,
-150,z,31,3,7,z,1,0.9112693330098409,None,7,3,31,3,,,,,78.59916262500337,,78.57541062499513,78.59916262500337,79.57475050000357,79.57475050000357,79.57475050000357,79.57475050000357,79.5897384580021,80.5738873329974,80.5738873329974,81.49082354099664,z,1,0.9112693330098409,None,,,,,parti5,001,2025-10-02_16h41.27.841,MotorSequenceLearning_NupurShah,,2025.1.1,118.38715263862605,2025-10-02 16h41.40.622515 +0530,
-50,x,32,0,8,x,1,0.6080701239989139,None,8,0,32,0,,,,,81.50120574999892,,81.49133054100093,81.50120574999892,82.49227179099398,82.49227179099398,82.49227179099398,82.49227179099398,82.5000219999929,83.49097958300263,83.49097958300263,84.10057579100248,x,1,0.6080701239989139,None,,,,,parti5,001,2025-10-02_16h41.27.841,MotorSequenceLearning_NupurShah,,2025.1.1,118.38715263862605,2025-10-02 16h41.40.622515 +0530,
150,v,33,1,8,v,1,0.2798012080020271,None,8,1,33,1,,,,,84.11086800000339,,84.10114645799331,84.11086800000339,85.09948525000073,85.09948525000073,85.09948525000073,85.09948525000073,85.10724570800085,86.09928075000062,86.09928075000062,86.38425466600165,v,1,0.2798012080020271,None,,,,,parti5,001,2025-10-02_16h41.27.841,MotorSequenceLearning_NupurShah,,2025.1.1,118.38715263862605,2025-10-02 16h41.40.622515 +0530,
50,c,34,2,8,c,1,0.2545245819928823,None,8,2,34,2,,,,,86.39415370799543,,86.38482704099442,86.39415370799543,87.3821849579981,87.3821849579981,87.3821849579981,87.3821849579981,87.38979370800371,88.38257854100084,88.38257854100084,88.64183808300004,c,1,0.2545245819928823,None,,,,,parti5,001,2025-10-02_16h41.27.841,MotorSequenceLearning_NupurShah,,2025.1.1,118.38715263862605,2025-10-02 16h41.40.622515 +0530,
-150,z,35,3,8,z,1,0.30918541600112803,None,8,3,35,3,,,,,88.66626183300104,,88.6423722079926,88.66626183300104,89.64172800000233,89.64172800000233,89.64172800000233,89.64172800000233,89.65681308299827,90.64086791599402,90.64086791599402,90.95719499999541,z,1,0.30918541600112803,None,,,,,parti5,001,2025-10-02_16h41.27.841,MotorSequenceLearning_NupurShah,,2025.1.1,118.38715263862605,2025-10-02 16h41.40.622515 +0530,
-50,x,36,0,9,x,1,0.6746887490007794,None,9,0,36,0,,,,,90.96742108299804,,90.95774087500467,90.96742108299804,91.9492970410065,91.9492970410065,91.9492970410065,91.9492970410065,91.96608891600044,92.94933116600441,92.94933116600441,93.6343987500004,x,1,0.6746887490007794,None,,,,,parti5,001,2025-10-02_16h41.27.841,MotorSequenceLearning_NupurShah,,2025.1.1,118.38715263862605,2025-10-02 16h41.40.622515 +0530,
150,v,37,1,9,v,1,0.3621154580032453,None,9,1,37,1,,,,,93.6447277910047,,93.63499470800161,93.6447277910047,94.63280970799678,94.63280970799678,94.63280970799678,94.63280970799678,94.64052295799775,95.63292404099775,95.63292404099775,96.00096091600426,v,1,0.3621154580032453,None,,,,,parti5,001,2025-10-02_16h41.27.841,MotorSequenceLearning_NupurShah,,2025.1.1,118.38715263862605,2025-10-02 16h41.40.622515 +0530,
50,c,38,2,9,c,1,0.2795890830020653,None,9,2,38,2,,,,,96.01069399999687,,96.00146166600462,96.01069399999687,96.99948095799482,96.99948095799482,96.99948095799482,96.99948095799482,97.0079369580053,97.99947187499492,97.99947187499492,98.28383829099766,c,1,0.2795890830020653,None,,,,,parti5,001,2025-10-02_16h41.27.841,MotorSequenceLearning_NupurShah,,2025.1.1,118.38715263862605,2025-10-02 16h41.40.622515 +0530,
-150,z,39,3,9,z,1,0.2738892909983406,None,9,3,39,3,,,,,98.29371262500354,,98.28432125000108,98.29371262500354,99.2754799999966,99.2754799999966,99.2754799999966,99.2754799999966,99.29133675000048,100.27503412500664,100.27503412500664,100.55071291599597,z,1,0.2738892909983406,None,,,,,parti5,001,2025-10-02_16h41.27.841,MotorSequenceLearning_NupurShah,,2025.1.1,118.38715263862605,2025-10-02 16h41.40.622515 +0530,
-50,x,40,0,10,x,1,0.3554851660010172,None,10,0,40,0,,,,,100.55860000000393,,100.5512313329964,100.55860000000393,101.549828874995,101.549828874995,101.549828874995,101.549828874995,101.55755012499867,102.5494843750057,102.5494843750057,102.90816595799697,x,1,0.3554851660010172,None,,,,,parti5,001,2025-10-02_16h41.27.841,MotorSequenceLearning_NupurShah,,2025.1.1,118.38715263862605,2025-10-02 16h41.40.622515 +0530,
150,v,41,1,10,v,1,0.8284091250097845,None,10,1,41,1,,,,,102.93309287499869,,102.90871183300624,102.93309287499869,103.90868712500378,103.90868712500378,103.90868712500378,103.90868712500378,103.92408650000289,104.90842641600466,104.90842641600466,105.73951975000091,v,1,0.8284091250097845,None,,,,,parti5,001,2025-10-02_16h41.27.841,MotorSequenceLearning_NupurShah,,2025.1.1,118.38715263862605,2025-10-02 16h41.40.622515 +0530,
50,c,42,2,10,c,1,0.3139003749965923,None,10,2,42,2,,,,,105.74962054099888,,105.73991570799262,105.74962054099888,106.73298020800576,106.73298020800576,106.73298020800576,106.73298020800576,106.74075120799534,107.73304362500494,107.73304362500494,108.05065416599973,c,1,0.3139003749965923,None,,,,,parti5,001,2025-10-02_16h41.27.841,MotorSequenceLearning_NupurShah,,2025.1.1,118.38715263862605,2025-10-02 16h41.40.622515 +0530,
-150,z,43,3,10,z,1,0.29425274999812245,None,10,3,43,3,,,,,108.06047633300477,,108.0511445000011,108.06047633300477,109.04196570800559,109.04196570800559,109.04196570800559,109.04196570800559,109.05767133299378,110.04981562499597,110.04981562499597,110.35094691600534,z,1,0.29425274999812245,None,,,,,parti5,001,2025-10-02_16h41.27.841,MotorSequenceLearning_NupurShah,,2025.1.1,118.38715263862605,2025-10-02 16h41.40.622515 +0530,
-50,x,44,0,11,x,1,0.7567141659965273,None,11,0,44,0,,,,,110.36024866599473,,110.35143291599525,110.36024866599473,111.3497167500027,111.3497167500027,111.3497167500027,111.3497167500027,111.35671274999913,112.34913329100527,112.34913329100527,113.10800458300218,x,1,0.7567141659965273,None,,,,,parti5,001,2025-10-02_16h41.27.841,MotorSequenceLearning_NupurShah,,2025.1.1,118.38715263862605,2025-10-02 16h41.40.622515 +0530,
150,v,45,1,11,v,1,0.9292378329992061,None,11,1,45,1,,,,,113.1157872909971,,113.10851125000045,113.1157872909971,114.10849050000252,114.10849050000252,114.10849050000252,114.10849050000252,114.10849050000252,115.10867162499926,115.10867162499926,116.0410809580062,v,1,0.9292378329992061,None,,,,,parti5,001,2025-10-02_16h41.27.841,MotorSequenceLearning_NupurShah,,2025.1.1,118.38715263862605,2025-10-02 16h41.40.622515 +0530,
50,c,46,2,11,c,1,0.6451342079963069,None,11,2,46,2,,,,,116.05116333300248,,116.04154024999298,116.05116333300248,117.03303895800491,117.03303895800491,117.03303895800491,117.03303895800491,117.04999558300187,118.03252287500072,118.03252287500072,118.6846755000006,c,1,0.6451342079963069,None,,,,,parti5,001,2025-10-02_16h41.27.841,MotorSequenceLearning_NupurShah,,2025.1.1,118.38715263862605,2025-10-02 16h41.40.622515 +0530,
-150,z,47,3,11,z,1,0.7376860819931608,None,11,3,47,3,,,,,118.69309416599572,,118.68515874999866,118.69309416599572,119.67560074999346,119.67560074999346,119.67560074999346,119.67560074999346,119.68323708299431,120.6830939999927,120.6830939999927,121.42545558299753,z,1,0.7376860819931608,None,,,,,parti5,001,2025-10-02_16h41.27.841,MotorSequenceLearning_NupurShah,,2025.1.1,118.38715263862605,2025-10-02 16h41.40.622515 +0530,
-50,x,48,0,12,x,1,0.43952095799613744,None,12,0,48,0,,,,,121.43576333299279,,121.42614220800169,121.43576333299279,122.42570449999766,122.42570449999766,122.42570449999766,122.42570449999766,122.43365570799506,123.42429004100268,123.42429004100268,123.86782170800143,x,1,0.43952095799613744,None,,,,,parti5,001,2025-10-02_16h41.27.841,MotorSequenceLearning_NupurShah,,2025.1.1,118.38715263862605,2025-10-02 16h41.40.622515 +0530,
150,v,49,1,12,v,1,0.2275401660008356,None,12,1,49,1,,,,,123.87821087500197,,123.86837020800158,123.87821087500197,124.86646954099706,124.86646954099706,124.86646954099706,124.86646954099706,124.87410608299251,125.86642583299545,125.86642583299545,126.10102779099543,v,1,0.2275401660008356,None,,,,,parti5,001,2025-10-02_16h41.27.841,MotorSequenceLearning_NupurShah,,2025.1.1,118.38715263862605,2025-10-02 16h41.40.622515 +0530,
50,c,50,2,12,c,1,0.3507477490056772,None,12,2,50,2,,,,,126.11113108300196,,126.10154658299871,126.11113108300196,127.09219333299552,127.09219333299552,127.09219333299552,127.09219333299552,127.10808129099314,128.09200612499262,128.09200612499262,128.451331749995,c,1,0.3507477490056772,None,,,,,parti5,001,2025-10-02_16h41.27.841,MotorSequenceLearning_NupurShah,,2025.1.1,118.38715263862605,2025-10-02 16h41.40.622515 +0530,
-150,z,51,3,12,z,1,0.41898087499430403,None,12,3,51,3,,,,,128.4614747500018,,128.45210633300303,128.4614747500018,129.44997795799281,129.44997795799281,129.44997795799281,129.44997795799281,129.458312207993,130.4498826659983,130.4498826659983,130.8749363329989,z,1,0.41898087499430403,None,,,,,parti5,001,2025-10-02_16h41.27.841,MotorSequenceLearning_NupurShah,,2025.1.1,118.38715263862605,2025-10-02 16h41.40.622515 +0530,
-50,x,52,0,13,x,1,0.20966612399206497,None,13,0,52,0,,,,,130.88465016600094,,130.87534716600203,130.88465016600094,131.87591454100038,131.87591454100038,131.87591454100038,131.87591454100038,131.88377949999995,132.8750530410034,132.8750530410034,133.091361083003,x,1,0.20966612399206497,None,,,,,parti5,001,2025-10-02_16h41.27.841,MotorSequenceLearning_NupurShah,,2025.1.1,118.38715263862605,2025-10-02 16h41.40.622515 +0530,
150,v,53,1,13,v,1,0.26261770699056797,None,13,1,53,1,,,,,133.10143933299696,,133.09184587499476,133.10143933299696,134.08279558300273,134.08279558300273,134.08279558300273,134.08279558300273,134.09989491599845,135.083237208004,135.083237208004,135.35120920800546,v,1,0.26261770699056797,None,,,,,parti5,001,2025-10-02_16h41.27.841,MotorSequenceLearning_NupurShah,,2025.1.1,118.38715263862605,2025-10-02 16h41.40.622515 +0530,
50,c,54,2,13,c,1,0.28528149900375865,None,13,2,54,2,,,,,135.360698125005,,135.35169020800095,135.360698125005,136.35001116599597,136.35001116599597,136.35001116599597,136.35001116599597,136.35782112499874,137.34945350000635,137.34945350000635,137.64139812499343,c,1,0.28528149900375865,None,,,,,parti5,001,2025-10-02_16h41.27.841,MotorSequenceLearning_NupurShah,,2025.1.1,118.38715263862605,2025-10-02 16h41.40.622515 +0530,
-150,z,55,3,13,z,1,0.337726665995433,None,13,3,55,3,,,,,137.65169358300045,,137.64188787499734,137.65169358300045,138.6332928329939,138.6332928329939,138.6332928329939,138.6332928329939,138.65000595799938,139.64200370799517,139.64200370799517,139.98465395800304,z,1,0.337726665995433,None,,,,,parti5,001,2025-10-02_16h41.27.841,MotorSequenceLearning_NupurShah,,2025.1.1,118.38715263862605,2025-10-02 16h41.40.622515 +0530,
-50,x,56,0,14,x,1,0.473972166000749,None,14,0,56,0,,,,,139.99416012500296,,139.98517666599946,139.99416012500296,140.98348374999478,140.98348374999478,140.98348374999478,140.98348374999478,140.99081208299322,141.98368000000482,141.98368000000482,142.4681247080007,x,1,0.473972166000749,None,,,,,parti5,001,2025-10-02_16h41.27.841,MotorSequenceLearning_NupurShah,,2025.1.1,118.38715263862605,2025-10-02 16h41.40.622515 +0530,
150,v,57,1,14,v,1,0.4008173740003258,None,14,1,57,1,,,,,142.47762954099744,,142.46860979100165,142.47762954099744,143.46628416600288,143.46628416600288,143.46628416600288,143.46628416600288,143.4740267080051,144.46674216599786,144.46674216599786,144.87570579099702,v,1,0.4008173740003258,None,,,,,parti5,001,2025-10-02_16h41.27.841,MotorSequenceLearning_NupurShah,,2025.1.1,118.38715263862605,2025-10-02 16h41.40.622515 +0530,
50,c,58,2,14,c,1,0.27623804099857807,None,14,2,58,2,,,,,144.90034541599744,,144.87622087499767,144.90034541599744,145.8759313329938,145.8759313329938,145.8759313329938,145.8759313329938,145.8912222910003,146.87526549999893,146.87526549999893,147.15872908300662,c,1,0.27623804099857807,None,,,,,parti5,001,2025-10-02_16h41.27.841,MotorSequenceLearning_NupurShah,,2025.1.1,118.38715263862605,2025-10-02 16h41.40.622515 +0530,
-150,z,59,3,14,z,1,0.5441438749985537,None,14,3,59,3,,,,,147.1687595830008,,147.15922491600213,147.1687595830008,148.16065370799333,148.16065370799333,148.16065370799333,148.16065370799333,148.16824225000164,149.15839108299406,149.15839108299406,149.70920987499994,z,1,0.5441438749985537,None,,,,,parti5,001,2025-10-02_16h41.27.841,MotorSequenceLearning_NupurShah,,2025.1.1,118.38715263862605,2025-10-02 16h41.40.622515 +0530,
-50,x,60,0,15,x,1,0.3168536250013858,None,15,0,60,0,,,,,149.7336402499932,,149.70974491600646,149.7336402499932,150.7084789579967,150.7084789579967,150.7084789579967,150.7084789579967,150.72398345799593,151.70781654100574,151.70781654100574,152.03492904099403,x,1,0.3168536250013858,None,,,,,parti5,001,2025-10-02_16h41.27.841,MotorSequenceLearning_NupurShah,,2025.1.1,118.38715263862605,2025-10-02 16h41.40.622515 +0530,
150,v,61,1,15,v,1,0.19079841599159408,None,15,1,61,1,,,,,152.04466379100631,,152.035415499995,152.04466379100631,153.03362570800527,153.03362570800527,153.03362570800527,153.03362570800527,153.04122199999983,154.03379516600398,154.03379516600398,154.234886249993,v,1,0.19079841599159408,None,,,,,parti5,001,2025-10-02_16h41.27.841,MotorSequenceLearning_NupurShah,,2025.1.1,118.38715263862605,2025-10-02 16h41.40.622515 +0530,
50,c,62,2,15,c,1,0.3270985830022255,None,15,2,62,2,,,,,154.24474987499707,,154.23536212499312,154.24474987499707,155.23308295800234,155.23308295800234,155.23308295800234,155.23308295800234,155.24075987499964,156.23358558300242,156.23358558300242,156.56809416599572,c,1,0.3270985830022255,None,,,,,parti5,001,2025-10-02_16h41.27.841,MotorSequenceLearning_NupurShah,,2025.1.1,118.38715263862605,2025-10-02 16h41.40.622515 +0530,
-150,z,63,3,15,z,1,0.39718841601279564,None,15,3,63,3,,,,,156.5776498750056,,156.56860245800635,156.5776498750056,157.55924762500217,157.55924762500217,157.55924762500217,157.55924762500217,157.57465749999392,158.55843587500567,158.55843587500567,158.9582328749966,z,1,0.39718841601279564,None,,,,,parti5,001,2025-10-02_16h41.27.841,MotorSequenceLearning_NupurShah,,2025.1.1,118.38715263862605,2025-10-02 16h41.40.622515 +0530,
-50,x,64,0,16,x,1,0.397975583007792,None,16,0,64,0,,,,,158.96796241600532,,158.95864324999275,158.96796241600532,159.9591777500027,159.9591777500027,159.9591777500027,159.9591777500027,159.9591777500027,160.9496847499977,160.9496847499977,161.35190887500357,x,1,0.397975583007792,None,,,,,parti5,001,2025-10-02_16h41.27.841,MotorSequenceLearning_NupurShah,,2025.1.1,118.38715263862605,2025-10-02 16h41.40.622515 +0530,
150,v,65,1,16,v,1,0.35622749899630435,None,16,1,65,1,,,,,161.36270225000044,,161.35251637500187,161.36270225000044,162.35032658299315,162.35032658299315,162.35032658299315,162.35032658299315,162.35799429100007,163.35026687500067,163.35026687500067,163.70916058300645,v,1,0.35622749899630435,None,,,,,parti5,001,2025-10-02_16h41.27.841,MotorSequenceLearning_NupurShah,,2025.1.1,118.38715263862605,2025-10-02 16h41.40.622515 +0530,
50,c,66,2,16,c,1,0.3086938740016194,None,16,2,66,2,,,,,163.73381870800222,,163.70974416600075,163.73381870800222,164.70919549999235,164.70919549999235,164.70919549999235,164.70919549999235,164.7246799160057,165.70882524999615,165.70882524999615,166.02518345799763,c,1,0.3086938740016194,None,,,,,parti5,001,2025-10-02_16h41.27.841,MotorSequenceLearning_NupurShah,,2025.1.1,118.38715263862605,2025-10-02 16h41.40.622515 +0530,
-150,z,67,3,16,z,1,0.3254474989953451,None,16,3,67,3,,,,,166.03543679100403,,166.02571279100084,166.03543679100403,167.0259699580056,167.0259699580056,167.0259699580056,167.0259699580056,167.03374291599903,168.0170375000016,168.0170375000016,168.35177616600413,z,1,0.3254474989953451,None,,,,,parti5,001,2025-10-02_16h41.27.841,MotorSequenceLearning_NupurShah,,2025.1.1,118.38715263862605,2025-10-02 16h41.40.622515 +0530,
-50,x,68,0,17,x,1,0.3018797069962602,None,17,0,68,0,,,,,168.3611477910017,,168.3522753330035,168.3611477910017,169.35127691600064,169.35127691600064,169.35127691600064,169.35127691600064,169.35895366600016,170.35049012499803,170.35049012499803,170.65900545800105,x,1,0.3018797069962602,None,,,,,parti5,001,2025-10-02_16h41.27.841,MotorSequenceLearning_NupurShah,,2025.1.1,118.38715263862605,2025-10-02 16h41.40.622515 +0530,
150,v,69,1,17,v,1,0.29415112400602084,None,17,1,69,1,,,,,170.6687570829963,,170.6594820409955,170.6687570829963,171.65950566600077,171.65950566600077,171.65950566600077,171.65950566600077,171.66755583300255,172.65040095799486,172.65040095799486,172.95186262500647,v,1,0.29415112400602084,None,,,,,parti5,001,2025-10-02_16h41.27.841,MotorSequenceLearning_NupurShah,,2025.1.1,118.38715263862605,2025-10-02 16h41.40.622515 +0530,
50,c,70,2,17,c,1,0.29088570798921864,None,17,2,70,2,,,,,172.96140520799963,,172.95237316600105,172.96140520799963,173.9505068330036,173.9505068330036,173.9505068330036,173.9505068330036,173.9581572909956,174.95046958299645,174.95046958299645,175.25155883299885,c,1,0.29088570798921864,None,,,,,parti5,001,2025-10-02_16h41.27.841,MotorSequenceLearning_NupurShah,,2025.1.1,118.38715263862605,2025-10-02 16h41.40.622515 +0530,
-150,z,71,3,17,z,1,0.30038266599876806,None,17,3,71,3,,,,,175.26142479099508,,175.25202683299722,175.26142479099508,176.2429333750042,176.2429333750042,176.2429333750042,176.2429333750042,176.25786229099322,177.24199587499606,177.24199587499606,177.55183895799564,z,1,0.30038266599876806,None,,,,,parti5,001,2025-10-02_16h41.27.841,MotorSequenceLearning_NupurShah,,2025.1.1,118.38715263862605,2025-10-02 16h41.40.622515 +0530,
-50,x,72,0,18,x,1,0.5069902069953969,None,18,0,72,0,,,,,177.561396916004,,177.5523149159999,177.561396916004,178.55057599999418,178.55057599999418,178.55057599999418,178.55057599999418,178.55814133299282,179.55053591600154,179.55053591600154,180.0589601660031,x,1,0.5069902069953969,None,,,,,parti5,001,2025-10-02_16h41.27.841,MotorSequenceLearning_NupurShah,,2025.1.1,118.38715263862605,2025-10-02 16h41.40.622515 +0530,
150,v,73,1,18,v,1,0.3168845829932252,None,18,1,73,1,,,,,180.0672469160054,,180.05942429100105,180.0672469160054,181.05924716600566,181.05924716600566,181.05924716600566,181.05924716600566,181.05924716600566,182.0583408329985,182.0583408329985,182.38553333299933,v,1,0.3168845829932252,None,,,,,parti5,001,2025-10-02_16h41.27.841,MotorSequenceLearning_NupurShah,,2025.1.1,118.38715263862605,2025-10-02 16h41.40.622515 +0530,
50,c,74,2,18,c,1,0.3003926660021534,None,18,2,74,2,,,,,182.39608204099932,,182.38615041600133,182.39608204099932,183.38388333299372,183.38388333299372,183.38388333299372,183.38388333299372,183.39144437499635,184.38399741599278,184.38399741599278,184.69229954099865,c,1,0.3003926660021534,None,,,,,parti5,001,2025-10-02_16h41.27.841,MotorSequenceLearning_NupurShah,,2025.1.1,118.38715263862605,2025-10-02 16h41.40.622515 +0530,
-150,z,75,3,18,z,1,0.3152753320027841,None,18,3,75,3,,,,,184.70217550000234,,184.69279499999539,184.70217550000234,185.69525795799564,185.69525795799564,185.69525795799564,185.69525795799564,185.7176080000063,186.68401737499516,186.68401737499516,187.00172558300255,z,1,0.3152753320027841,None,,,,,parti5,001,2025-10-02_16h41.27.841,MotorSequenceLearning_NupurShah,,2025.1.1,118.38715263862605,2025-10-02 16h41.40.622515 +0530,
-50,x,76,0,19,x,1,0.3096766660019057,None,19,0,76,0,,,,,187.00832266600628,,187.00218654099444,187.00832266600628,187.99316470799386,187.99316470799386,187.99316470799386,187.99316470799386,188.00104341600672,189.00056695799867,189.00056695799867,189.31845541599614,x,1,0.3096766660019057,None,,,,,parti5,001,2025-10-02_16h41.27.841,MotorSequenceLearning_NupurShah,,2025.1.1,118.38715263862605,2025-10-02 16h41.40.622515 +0530,
150,v,77,1,19,v,1,0.2824353739997605,None,19,1,77,1,,,,,189.3282872080017,,189.31896566599607,189.3282872080017,190.3173672910052,190.3173672910052,190.3173672910052,190.3173672910052,190.32506033299433,191.31684695799777,191.31684695799777,191.60180754099565,v,1,0.2824353739997605,None,,,,,parti5,001,2025-10-02_16h41.27.841,MotorSequenceLearning_NupurShah,,2025.1.1,118.38715263862605,2025-10-02 16h41.40.622515 +0530,
50,c,78,2,19,c,1,0.3504756660113344,None,19,2,78,2,,,,,191.61139279100462,,191.6022694580024,191.61139279100462,192.5929596250062,192.5929596250062,192.5929596250062,192.5929596250062,192.60848733299645,193.59274454100523,193.59274454100523,193.95239087499795,c,1,0.3504756660113344,None,,,,,parti5,001,2025-10-02_16h41.27.841,MotorSequenceLearning_NupurShah,,2025.1.1,118.38715263862605,2025-10-02 16h41.40.622515 +0530,
-150,z,79,3,19,z,1,0.2840722490072949,None,19,3,79,3,,,,,193.96223858300073,,193.95303320800303,193.96223858300073,194.95024462499714,194.95024462499714,194.95024462499714,194.95024462499714,194.95799637500022,195.95100179099245,195.95100179099245,196.24294070800534,z,1,0.2840722490072949,None,,,,,parti5,001,2025-10-02_16h41.27.841,MotorSequenceLearning_NupurShah,,2025.1.1,118.38715263862605,2025-10-02 16h41.40.622515 +0530,
-50,x,80,0,20,x,1,0.5136150000034831,None,20,0,80,0,,,,,196.2530122080061,,196.24345112500305,196.2530122080061,197.24321433299338,197.24321433299338,197.24321433299338,197.24321433299338,197.25119304099644,198.24264241599303,198.24264241599303,198.75958666599763,x,1,0.5136150000034831,None,,,,,parti5,001,2025-10-02_16h41.27.841,MotorSequenceLearning_NupurShah,,2025.1.1,118.38715263862605,2025-10-02 16h41.40.622515 +0530,
150,v,81,1,20,v,1,1.374686166003812,None,20,1,81,1,,,,,198.76948154099227,,198.76009641599376,198.76948154099227,199.75993924999784,199.75993924999784,199.75993924999784,199.75993924999784,199.76772933300526,200.75946320799994,200.75946320799994,202.13533145800466,v,1,1.374686166003812,None,,,,,parti5,001,2025-10-02_16h41.27.841,MotorSequenceLearning_NupurShah,,2025.1.1,118.38715263862605,2025-10-02 16h41.40.622515 +0530,
50,c,82,2,20,c,1,0.22687837400007993,None,20,2,82,2,,,,,202.14524308299588,,202.13583041599486,202.14524308299588,203.12796337499458,203.12796337499458,203.12796337499458,203.12796337499458,203.1358776660054,204.13426441600313,204.13426441600313,204.36859574999835,c,1,0.22687837400007993,None,,,,,parti5,001,2025-10-02_16h41.27.841,MotorSequenceLearning_NupurShah,,2025.1.1,118.38715263862605,2025-10-02 16h41.40.622515 +0530,
-150,z,83,3,20,z,1,0.27783220799756236,None,20,3,83,3,,,,,204.37773779100098,,204.3690722080064,204.37773779100098,205.3598969159939,205.3598969159939,205.3598969159939,205.3598969159939,205.37527129100636,206.3594557079923,206.3594557079923,206.6426697499992,z,1,0.27783220799756236,None,,,,,parti5,001,2025-10-02_16h41.27.841,MotorSequenceLearning_NupurShah,,2025.1.1,118.38715263862605,2025-10-02 16h41.40.622515 +0530,
-50,x,84,0,21,x,1,0.269231166006648,None,21,0,84,0,,,,,206.65253137500258,,206.6431425829942,206.65253137500258,207.6430111249938,207.6430111249938,207.6430111249938,207.6430111249938,207.6510981659958,208.64194370800396,208.64194370800396,208.91840395799954,x,1,0.269231166006648,None,,,,,parti5,001,2025-10-02_16h41.27.841,MotorSequenceLearning_NupurShah,,2025.1.1,118.38715263862605,2025-10-02 16h41.40.622515 +0530,
150,v,85,1,21,v,1,0.29121879099693615,None,21,1,85,1,,,,,208.92722679099825,,208.9187709580001,208.92722679099825,209.9099936660059,209.9099936660059,209.9099936660059,209.9099936660059,209.9177488330024,210.9089077499957,210.9089077499957,211.2023757499992,v,1,0.29121879099693615,None,,,,,parti5,001,2025-10-02_16h41.27.841,MotorSequenceLearning_NupurShah,,2025.1.1,118.38715263862605,2025-10-02 16h41.40.622515 +0530,
50,c,86,2,21,c,1,0.2871258320083143,None,21,2,86,2,,,,,211.21245816600276,,211.2029624160059,211.21245816600276,212.20091450000473,212.20091450000473,212.20091450000473,212.20091450000473,212.20867258300132,213.2009751250007,213.2009751250007,213.49267391600006,c,1,0.2871258320083143,None,,,,,parti5,001,2025-10-02_16h41.27.841,MotorSequenceLearning_NupurShah,,2025.1.1,118.38715263862605,2025-10-02 16h41.40.622515 +0530,
-150,z,87,3,21,z,1,0.3331257910031127,None,21,3,87,3,,,,,213.50224549999984,,213.49314362500445,213.50224549999984,214.49319037499663,214.49319037499663,214.49319037499663,214.49319037499663,214.49319037499663,215.49204479099717,215.49204479099717,215.83570062500075,z,1,0.3331257910031127,None,,,,,parti5,001,2025-10-02_16h41.27.841,MotorSequenceLearning_NupurShah,,2025.1.1,118.38715263862605,2025-10-02 16h41.40.622515 +0530,
-50,x,88,0,22,x,1,0.3778187489951961,None,22,0,88,0,,,,,215.84549508300552,,215.83616512500157,215.84549508300552,216.83381579100387,216.83381579100387,216.83381579100387,216.83381579100387,216.84143966599368,217.83436133299256,217.83436133299256,218.21891462500207,x,1,0.3778187489951961,None,,,,,parti5,001,2025-10-02_16h41.27.841,MotorSequenceLearning_NupurShah,,2025.1.1,118.38715263862605,2025-10-02 16h41.40.622515 +0530,
150,v,89,1,22,v,1,0.3274572079972131,None,22,1,89,1,,,,,218.2286282080022,,218.21937683300348,218.2286282080022,219.21771658299258,219.21771658299258,219.21771658299258,219.21771658299258,219.22547025000677,220.2176860000036,220.2176860000036,220.55247491599584,v,1,0.3274572079972131,None,,,,,parti5,001,2025-10-02_16h41.27.841,MotorSequenceLearning_NupurShah,,2025.1.1,118.38715263862605,2025-10-02 16h41.40.622515 +0530,
50,c,90,2,22,c,1,0.23807674899580888,None,22,2,90,2,,,,,220.562378290997,,220.5530302910047,220.562378290997,221.55109695800638,221.55109695800638,221.55109695800638,221.55109695800638,221.5595047079987,222.55101445800392,222.55101445800392,222.79298066599586,c,1,0.23807674899580888,None,,,,,parti5,001,2025-10-02_16h41.27.841,MotorSequenceLearning_NupurShah,,2025.1.1,118.38715263862605,2025-10-02 16h41.40.622515 +0530,
-150,z,91,3,22,z,1,0.29795154099701904,None,22,3,91,3,,,,,222.80302245799976,,222.79345070800628,222.80302245799976,223.79496225000184,223.79496225000184,223.79496225000184,223.79496225000184,223.80293237499427,224.79209008300677,224.79209008300677,225.09334258300078,z,1,0.29795154099701904,None,,,,,parti5,001,2025-10-02_16h41.27.841,MotorSequenceLearning_NupurShah,,2025.1.1,118.38715263862605,2025-10-02 16h41.40.622515 +0530,
-50,x,92,0,23,x,1,0.4457205829967279,None,23,0,92,0,,,,,225.11806758299645,,225.09379966599226,225.11806758299645,226.0935370829975,226.0935370829975,226.0935370829975,226.0935370829975,226.10899383299693,227.09325083300064,227.09325083300064,227.5430565830029,x,1,0.4457205829967279,None,,,,,parti5,001,2025-10-02_16h41.27.841,MotorSequenceLearning_NupurShah,,2025.1.1,118.38715263862605,2025-10-02 16h41.40.622515 +0530,
150,v,93,1,23,v,1,0.29999395699996967,None,23,1,93,1,,,,,227.55324475000089,,227.54353462500148,227.55324475000089,228.54314241600514,228.54314241600514,228.54314241600514,228.54314241600514,228.5506287909957,229.53396804099611,229.53396804099611,229.83546750000096,v,1,0.29999395699996967,None,,,,,parti5,001,2025-10-02_16h41.27.841,MotorSequenceLearning_NupurShah,,2025.1.1,118.38715263862605,2025-10-02 16h41.40.622515 +0530,
50,c,94,2,23,c,1,0.33222616600687616,None,23,2,94,2,,,,,229.84464054099226,,229.8359277080017,229.84464054099226,230.82793933300127,230.82793933300127,230.82793933300127,230.82793933300127,230.83565895799256,231.82572983299906,231.82572983299906,232.1597531659936,c,1,0.33222616600687616,None,,,,,parti5,001,2025-10-02_16h41.27.841,MotorSequenceLearning_NupurShah,,2025.1.1,118.38715263862605,2025-10-02 16h41.40.622515 +0530,
-150,z,95,3,23,z,1,0.370160124002723,None,23,3,95,3,,,,,232.1697360410035,,232.16023074999976,232.1697360410035,233.16046733300027,233.16046733300027,233.16046733300027,233.16046733300027,233.16821387500386,234.1597914580052,234.1597914580052,234.53556954099622,z,1,0.370160124002723,None,,,,,parti5,001,2025-10-02_16h41.27.841,MotorSequenceLearning_NupurShah,,2025.1.1,118.38715263862605,2025-10-02 16h41.40.622515 +0530,
-50,x,96,0,24,x,1,0.4834030409983825,None,24,0,96,0,,,,,234.54523291600344,,234.53604508300486,234.54523291600344,235.52678866600036,235.52678866600036,235.52678866600036,235.52678866600036,235.54210195799533,236.53454637499817,236.53454637499817,237.01947833299346,x,1,0.4834030409983825,None,,,,,parti5,001,2025-10-02_16h41.27.841,MotorSequenceLearning_NupurShah,,2025.1.1,118.38715263862605,2025-10-02 16h41.40.622515 +0530,
150,v,97,1,24,v,1,1.787094874001923,None,24,1,97,1,,,,,237.02986887500447,,237.02004800000577,237.02986887500447,238.0180218750029,238.0180218750029,238.0180218750029,238.0180218750029,238.02568487499957,239.02179637500376,239.02179637500376,240.81024049999542,v,1,1.787094874001923,None,,,,,parti5,001,2025-10-02_16h41.27.841,MotorSequenceLearning_NupurShah,,2025.1.1,118.38715263862605,2025-10-02 16h41.40.622515 +0530,
50,c,98,2,24,c,1,0.3586672489909688,None,24,2,98,2,,,,,240.8202330829954,,240.81074145800085,240.8202330829954,241.8102340829937,241.8102340829937,241.8102340829937,241.8102340829937,241.81805554099265,242.81014466600027,242.81014466600027,243.17689954099478,c,1,0.3586672489909688,None,,,,,parti5,001,2025-10-02_16h41.27.841,MotorSequenceLearning_NupurShah,,2025.1.1,118.38715263862605,2025-10-02 16h41.40.622515 +0530,
-150,z,99,3,24,z,1,0.32569745799992234,None,24,3,99,3,,,,,243.20159658299235,,243.17739658299251,243.20159658299235,244.17674833300407,244.17674833300407,244.17674833300407,244.17674833300407,244.19247433300188,245.1760862079973,245.1760862079973,245.5092413329985,z,1,0.32569745799992234,None,,,,,parti5,001,2025-10-02_16h41.27.841,MotorSequenceLearning_NupurShah,,2025.1.1,118.38715263862605,2025-10-02 16h41.40.622515 +0530,
-50,x,100,0,25,x,1,0.27626954100560397,None,25,0,100,0,,,,,245.5187392499938,,245.50963874999434,245.5187392499938,246.50084691599477,246.50084691599477,246.50084691599477,246.50084691599477,246.5182231660001,247.5016203749983,247.5016203749983,247.78561687500041,x,1,0.27626954100560397,None,,,,,parti5,001,2025-10-02_16h41.27.841,MotorSequenceLearning_NupurShah,,2025.1.1,118.38715263862605,2025-10-02 16h41.40.622515 +0530,
150,v,101,1,25,v,1,0.3275779999967199,None,25,1,101,1,,,,,247.7944744999986,,247.7859905410005,247.7944744999986,248.78496187500423,248.78496187500423,248.78496187500423,248.78496187500423,248.79345516600006,249.77616449999914,249.77616449999914,250.11035899999843,v,1,0.3275779999967199,None,,,,,parti5,001,2025-10-02_16h41.27.841,MotorSequenceLearning_NupurShah,,2025.1.1,118.38715263862605,2025-10-02 16h41.40.622515 +0530,
50,c,102,2,25,c,1,0.5711729579925304,None,25,2,102,2,,,,,250.1350701659976,,250.11083470800077,250.1350701659976,251.11066362500424,251.11066362500424,251.11066362500424,251.11066362500424,251.126389750003,252.10966591599572,252.10966591599572,252.68606049999653,c,1,0.5711729579925304,None,,,,,parti5,001,2025-10-02_16h41.27.841,MotorSequenceLearning_NupurShah,,2025.1.1,118.38715263862605,2025-10-02 16h41.40.622515 +0530,
-150,z,103,3,25,z,1,0.32205766600964125,None,25,3,103,3,,,,,252.6953985,,252.6865313330054,252.6953985,253.68481879099272,253.68481879099272,253.68481879099272,253.68481879099272,253.69245308300015,254.68479683299665,254.68479683299665,255.0100249160023,z,1,0.32205766600964125,None,,,,,parti5,001,2025-10-02_16h41.27.841,MotorSequenceLearning_NupurShah,,2025.1.1,118.38715263862605,2025-10-02 16h41.40.622515 +0530,
-50,x,104,0,26,x,1,0.4645827500062296,None,26,0,104,0,,,,,255.0350259160041,,255.0106247079966,255.0350259160041,256.0102480409987,256.0102480409987,256.0102480409987,256.0102480409987,256.0260524159967,257.0101926250063,257.0101926250063,257.47622512500675,x,1,0.4645827500062296,None,,,,,parti5,001,2025-10-02_16h41.27.841,MotorSequenceLearning_NupurShah,,2025.1.1,118.38715263862605,2025-10-02 16h41.40.622515 +0530,
150,v,105,1,26,v,1,0.44665874900238123,None,26,1,105,1,,,,,257.48489849999896,,257.4767030410003,257.48489849999896,258.46770612499677,258.46770612499677,258.46770612499677,258.46770612499677,258.47527904099843,259.4682191250031,259.4682191250031,259.9193436659989,v,1,0.44665874900238123,None,,,,,parti5,001,2025-10-02_16h41.27.841,MotorSequenceLearning_NupurShah,,2025.1.1,118.38715263862605,2025-10-02 16h41.40.622515 +0530,
50,c,106,2,26,c,1,0.3974162489903392,None,26,2,106,2,,,,,259.9289731250028,,259.9198620829993,259.9289731250028,260.909920332997,260.909920332997,260.909920332997,260.909920332997,260.9244165830023,261.91822745799436,261.91822745799436,262.31965541599493,c,1,0.3974162489903392,None,,,,,parti5,001,2025-10-02_16h41.27.841,MotorSequenceLearning_NupurShah,,2025.1.1,118.38715263862605,2025-10-02 16h41.40.622515 +0530,
-150,z,107,3,26,z,1,1.306978998996783,None,26,3,107,3,,,,,262.32986941600393,,262.3202335829992,262.32986941600393,263.31824554099876,263.31824554099876,263.31824554099876,263.31824554099876,263.3259795000049,264.3178033330041,264.3178033330041,265.62627020799846,z,1,1.306978998996783,None,,,,,parti5,001,2025-10-02_16h41.27.841,MotorSequenceLearning_NupurShah,,2025.1.1,118.38715263862605,2025-10-02 16h41.40.622515 +0530,
-50,x,108,0,27,x,1,0.32023262399889063,None,27,0,108,0,,,,,265.63492970800144,,265.6267592499935,265.63492970800144,266.61777920799796,266.61777920799796,266.61777920799796,266.61777920799796,266.62547275000543,267.6183816249977,267.6183816249977,267.94345454100403,x,1,0.32023262399889063,None,,,,,parti5,001,2025-10-02_16h41.27.841,MotorSequenceLearning_NupurShah,,2025.1.1,118.38715263862605,2025-10-02 16h41.40.622515 +0530,
150,v,109,1,27,v,1,0.33585970700369217,None,27,1,109,1,,,,,267.95353316600085,,267.9439316659991,267.95353316600085,268.9442154999997,268.9442154999997,268.9442154999997,268.9442154999997,268.9521038749954,269.9439495830011,269.9439495830011,270.28628158300126,v,1,0.33585970700369217,None,,,,,parti5,001,2025-10-02_16h41.27.841,MotorSequenceLearning_NupurShah,,2025.1.1,118.38715263862605,2025-10-02 16h41.40.622515 +0530,
50,c,110,2,27,c,1,0.370541291005793,None,27,2,110,2,,,,,270.2959289999999,,270.28679804099374,270.2959289999999,271.28448149999895,271.28448149999895,271.28448149999895,271.28448149999895,271.2921581660048,272.28506470800494,272.28506470800494,272.6603073330043,c,1,0.370541291005793,None,,,,,parti5,001,2025-10-02_16h41.27.841,MotorSequenceLearning_NupurShah,,2025.1.1,118.38715263862605,2025-10-02 16h41.40.622515 +0530,
-150,z,111,3,27,z,1,0.3251166660047602,None,27,3,111,3,,,,,272.67052541600424,,272.660814457995,272.67052541600424,273.6604875000048,273.6604875000048,273.6604875000048,273.6604875000048,273.6684525000019,274.6605066250049,274.6605066250049,274.9934346660011,z,1,0.3251166660047602,None,,,,,parti5,001,2025-10-02_16h41.27.841,MotorSequenceLearning_NupurShah,,2025.1.1,118.38715263862605,2025-10-02 16h41.40.622515 +0530,
-50,x,112,0,28,x,1,0.37538116599898785,None,28,0,112,0,,,,,275.01837970799534,,274.99400420799793,275.01837970799534,275.9942940000037,275.9942940000037,275.9942940000037,275.9942940000037,276.009043500002,276.98500970800524,276.98500970800524,277.36966520799615,x,1,0.37538116599898785,None,,,,,parti5,001,2025-10-02_16h41.27.841,MotorSequenceLearning_NupurShah,,2025.1.1,118.38715263862605,2025-10-02 16h41.40.622515 +0530,
150,v,113,1,28,v,1,0.3247028330079047,None,28,1,113,1,,,,,277.3791421250062,,277.37015783299285,277.3791421250062,278.3685008750035,278.3685008750035,278.3685008750035,278.3685008750035,278.3762200409983,279.36872858299466,279.36872858299466,279.7032451249979,v,1,0.3247028330079047,None,,,,,parti5,001,2025-10-02_16h41.27.841,MotorSequenceLearning_NupurShah,,2025.1.1,118.38715263862605,2025-10-02 16h41.40.622515 +0530,
50,c,114,2,28,c,1,0.5686140829930082,None,28,2,114,2,,,,,279.7133985830005,,279.70384733300307,279.7133985830005,280.70183541599545,280.70183541599545,280.70183541599545,280.70183541599545,280.71001279099437,281.7017598329985,281.7017598329985,282.27720579100423,c,1,0.5686140829930082,None,,,,,parti5,001,2025-10-02_16h41.27.841,MotorSequenceLearning_NupurShah,,2025.1.1,118.38715263862605,2025-10-02 16h41.40.622515 +0530,
-150,z,115,3,28,z,1,1.235162291006418,None,28,3,115,3,,,,,282.2873124579928,,282.27770779099956,282.2873124579928,283.27666104100354,283.27666104100354,283.27666104100354,283.27666104100354,283.28514679099317,284.27728079099325,284.27728079099325,285.519623375003,z,1,1.235162291006418,None,,,,,parti5,001,2025-10-02_16h41.27.841,MotorSequenceLearning_NupurShah,,2025.1.1,118.38715263862605,2025-10-02 16h41.40.622515 +0530,
-50,x,116,0,29,x,1,0.3769497909961501,None,29,0,116,0,,,,,285.529423333006,,285.5201076249941,285.529423333006,286.5110072910029,286.5110072910029,286.5110072910029,286.5110072910029,286.5267523749935,287.51846662499884,287.51846662499884,287.90278654100257,x,1,0.3769497909961501,None,,,,,parti5,001,2025-10-02_16h41.27.841,MotorSequenceLearning_NupurShah,,2025.1.1,118.38715263862605,2025-10-02 16h41.40.622515 +0530,
150,v,117,1,29,v,1,0.2636534159973962,None,29,1,117,1,,,,,287.911910625,,287.90320116600196,287.911910625,288.89367575000506,288.89367575000506,288.89367575000506,288.89367575000506,288.9096085409983,289.8938076659979,289.8938076659979,290.16068108299805,v,1,0.2636534159973962,None,,,,,parti5,001,2025-10-02_16h41.27.841,MotorSequenceLearning_NupurShah,,2025.1.1,118.38715263862605,2025-10-02 16h41.40.622515 +0530,
50,c,118,2,29,c,1,0.31904683299944736,None,29,2,118,2,,,,,290.1706801249966,,290.1611910829961,290.1706801249966,291.1611622079945,291.1611622079945,291.1611622079945,291.1611622079945,291.1689338330034,292.16051095799776,292.16051095799776,292.4868349580065,c,1,0.31904683299944736,None,,,,,parti5,001,2025-10-02_16h41.27.841,MotorSequenceLearning_NupurShah,,2025.1.1,118.38715263862605,2025-10-02 16h41.40.622515 +0530,
-150,z,119,3,29,z,1,0.3025617079983931,None,29,3,119,3,,,,,292.49722908300464,,292.4874427909963,292.49722908300464,293.4849267499958,293.4849267499958,293.4849267499958,293.4849267499958,293.49263325000356,294.4847441250022,294.4847441250022,294.7939607080043,z,1,0.3025617079983931,None,,,,,parti5,001,2025-10-02_16h41.27.841,MotorSequenceLearning_NupurShah,,2025.1.1,118.38715263862605,2025-10-02 16h41.40.622515 +0530,
-50,x,120,0,30,x,1,0.6254850410041399,None,30,0,120,0,,,,,294.8039186660026,,294.79444545799925,294.8039186660026,295.7942666250019,295.7942666250019,295.7942666250019,295.7942666250019,295.80198154099344,296.79398829099955,296.79398829099955,297.4271314159996,x,1,0.6254850410041399,None,,,,,parti5,001,2025-10-02_16h41.27.841,MotorSequenceLearning_NupurShah,,2025.1.1,118.38715263862605,2025-10-02 16h41.40.622515 +0530,
150,v,121,1,30,v,1,0.9216824989998713,None,30,1,121,1,,,,,297.4375454999972,,297.4277022909955,297.4375454999972,298.4274881250021,298.4274881250021,298.4274881250021,298.4274881250021,298.4354007910006,299.426717416005,299.426717416005,300.35335000000487,v,1,0.9216824989998713,None,,,,,parti5,001,2025-10-02_16h41.27.841,MotorSequenceLearning_NupurShah,,2025.1.1,118.38715263862605,2025-10-02 16h41.40.622515 +0530,
50,c,122,2,30,c,1,0.29271533199062105,None,30,2,122,2,,,,,300.36362895800266,,300.3538664160005,300.36362895800266,301.3515732079977,301.3515732079977,301.3515732079977,301.3515732079977,301.35924404099933,302.35154829100065,302.35154829100065,302.65343108300294,c,1,0.29271533199062105,None,,,,,parti5,001,2025-10-02_16h41.27.841,MotorSequenceLearning_NupurShah,,2025.1.1,118.38715263862605,2025-10-02 16h41.40.622515 +0530,
-150,z,123,3,30,z,1,0.7888076249946607,None,30,3,123,3,,,,,302.6624820409925,,302.65391537500545,302.6624820409925,303.6516664160008,303.6516664160008,303.6516664160008,303.6516664160008,303.6595064160065,304.65150616600295,304.65150616600295,305.44387241599907,z,1,0.7888076249946607,None,,,,,parti5,001,2025-10-02_16h41.27.841,MotorSequenceLearning_NupurShah,,2025.1.1,118.38715263862605,2025-10-02 16h41.40.622515 +0530,
-50,x,124,0,31,x,1,0.8632488750008633,None,31,0,124,0,,,,,305.45403900000383,,305.44434916600585,305.45403900000383,306.4444956660009,306.4444956660009,306.4444956660009,306.4444956660009,306.4517425829981,307.4430980409961,307.4430980409961,308.31086333299754,x,1,0.8632488750008633,None,,,,,parti5,001,2025-10-02_16h41.27.841,MotorSequenceLearning_NupurShah,,2025.1.1,118.38715263862605,2025-10-02 16h41.40.622515 +0530,
150,v,125,1,31,v,1,1.0667888330062851,None,31,1,125,1,,,,,308.32106087499415,,308.3113754160004,308.32106087499415,309.319130666001,309.319130666001,309.319130666001,309.319130666001,309.3360095829994,310.3103068329947,310.3103068329947,311.3866816660011,v,1,1.0667888330062851,None,,,,,parti5,001,2025-10-02_16h41.27.841,MotorSequenceLearning_NupurShah,,2025.1.1,118.38715263862605,2025-10-02 16h41.40.622515 +0530,
50,c,126,2,31,c,1,0.35546974900353234,None,31,2,126,2,,,,,311.395995333005,,311.3871707079961,311.395995333005,312.3778908749955,312.3778908749955,312.3778908749955,312.3778908749955,312.39342350000516,313.37778341599915,313.37778341599915,313.73678887500137,c,1,0.35546974900353234,None,,,,,parti5,001,2025-10-02_16h41.27.841,MotorSequenceLearning_NupurShah,,2025.1.1,118.38715263862605,2025-10-02 16h41.40.622515 +0530,
-150,z,127,3,31,z,1,0.24616804100514855,None,31,3,127,3,,,,,313.7459307079989,,313.7372624999989,313.7459307079989,314.73504358300124,314.73504358300124,314.73504358300124,314.73504358300124,314.7428337080055,315.7350420830044,315.7350420830044,315.9867052500049,z,1,0.24616804100514855,None,,,,,parti5,001,2025-10-02_16h41.27.841,MotorSequenceLearning_NupurShah,,2025.1.1,118.38715263862605,2025-10-02 16h41.40.622515 +0530,
-50,x,128,0,32,x,1,0.29826862399931997,None,32,0,128,0,,,,,315.9962200000009,,315.9871740410017,315.9962200000009,316.97827854100615,316.97827854100615,316.97827854100615,316.97827854100615,316.9938375829952,317.9770378329995,317.9770378329995,318.2774513329932,x,1,0.29826862399931997,None,,,,,parti5,001,2025-10-02_16h41.27.841,MotorSequenceLearning_NupurShah,,2025.1.1,118.38715263862605,2025-10-02 16h41.40.622515 +0530,
150,v,129,1,32,v,1,0.29161675000796095,None,32,1,129,1,,,,,318.30224937500316,,318.2781766249973,318.30224937500316,319.27753941599804,319.27753941599804,319.27753941599804,319.27753941599804,319.2925044159929,320.27749033299915,320.27749033299915,320.57057675000397,v,1,0.29161675000796095,None,,,,,parti5,001,2025-10-02_16h41.27.841,MotorSequenceLearning_NupurShah,,2025.1.1,118.38715263862605,2025-10-02 16h41.40.622515 +0530,
50,c,130,2,32,c,1,0.38664274899929296,None,32,2,130,2,,,,,320.58076254099433,,320.5711940409965,320.58076254099433,321.568498624998,321.568498624998,321.568498624998,321.568498624998,321.5760485409992,322.56842566600244,322.56842566600244,322.9612558749941,c,1,0.38664274899929296,None,,,,,parti5,001,2025-10-02_16h41.27.841,MotorSequenceLearning_NupurShah,,2025.1.1,118.38715263862605,2025-10-02 16h41.40.622515 +0530,
-150,z,131,3,32,z,1,0.32205724900995847,None,32,3,131,3,,,,,322.97122291599226,,322.961751750001,322.97122291599226,323.96189674999914,323.96189674999914,323.96189674999914,323.96189674999914,323.97024220800085,324.96018220800033,324.96018220800033,325.2864453749935,z,1,0.32205724900995847,None,,,,,parti5,001,2025-10-02_16h41.27.841,MotorSequenceLearning_NupurShah,,2025.1.1,118.38715263862605,2025-10-02 16h41.40.622515 +0530,
-50,x,132,0,33,x,1,0.424175208012457,None,33,0,132,0,,,,,325.293127500001,,325.2869217910047,325.293127500001,326.278509374999,326.278509374999,326.278509374999,326.278509374999,326.2865766659961,327.28593795800407,327.28593795800407,327.73638854100136,x,1,0.424175208012457,None,,,,,parti5,001,2025-10-02_16h41.27.841,MotorSequenceLearning_NupurShah,,2025.1.1,118.38715263862605,2025-10-02 16h41.40.622515 +0530,
150,v,133,1,33,v,1,0.33329495799262077,None,33,1,133,1,,,,,327.7530032909999,,327.73697287500545,327.7530032909999,328.728441750005,328.728441750005,328.728441750005,328.728441750005,328.7432453329966,329.72678058300517,329.72678058300517,330.0622034160042,v,1,0.33329495799262077,None,,,,,parti5,001,2025-10-02_16h41.27.841,MotorSequenceLearning_NupurShah,,2025.1.1,118.38715263862605,2025-10-02 16h41.40.622515 +0530,
50,c,134,2,33,c,1,0.2746256660029758,None,33,2,134,2,,,,,330.0732107079966,,330.06275833300606,330.0732107079966,331.0614595829975,331.0614595829975,331.0614595829975,331.0614595829975,331.0693045829976,332.06043916600174,332.06043916600174,332.3366771250003,c,1,0.2746256660029758,None,,,,,parti5,001,2025-10-02_16h41.27.841,MotorSequenceLearning_NupurShah,,2025.1.1,118.38715263862605,2025-10-02 16h41.40.622515 +0530,
-150,z,135,3,33,z,1,0.3882808749913238,None,33,3,135,3,,,,,332.34685979099595,,332.3372173749958,332.34685979099595,333.3359097909997,333.3359097909997,333.3359097909997,333.3359097909997,333.34360550000565,334.3278511660028,334.3278511660028,334.7205121250008,z,1,0.3882808749913238,None,,,,,parti5,001,2025-10-02_16h41.27.841,MotorSequenceLearning_NupurShah,,2025.1.1,118.38715263862605,2025-10-02 16h41.40.622515 +0530,
-50,x,136,0,34,x,1,0.40899670800718013,None,34,0,136,0,,,,,334.73002304100373,,334.7210192909988,334.73002304100373,335.71866549999686,335.71866549999686,335.71866549999686,335.71866549999686,335.7263257080049,336.7190959580039,336.7190959580039,337.137093790996,x,1,0.40899670800718013,None,,,,,parti5,001,2025-10-02_16h41.27.841,MotorSequenceLearning_NupurShah,,2025.1.1,118.38715263862605,2025-10-02 16h41.40.622515 +0530,
150,v,137,1,34,v,1,0.5892492910061264,None,34,1,137,1,,,,,337.14688066599774,,337.1375709999993,337.14688066599774,338.135351082994,338.135351082994,338.135351082994,338.135351082994,338.14297812500445,339.135795041002,339.135795041002,339.72796729099355,v,1,0.5892492910061264,None,,,,,parti5,001,2025-10-02_16h41.27.841,MotorSequenceLearning_NupurShah,,2025.1.1,118.38715263862605,2025-10-02 16h41.40.622515 +0530,
50,c,138,2,34,c,1,0.3565044580027461,None,34,2,138,2,,,,,339.7378447079973,,339.7284348749963,339.7378447079973,340.7278444160038,340.7278444160038,340.7278444160038,340.7278444160038,340.7358318329934,341.7195605409943,341.7195605409943,342.07775875000516,c,1,0.3565044580027461,None,,,,,parti5,001,2025-10-02_16h41.27.841,MotorSequenceLearning_NupurShah,,2025.1.1,118.38715263862605,2025-10-02 16h41.40.622515 +0530,
-150,z,139,3,34,z,1,0.3638301659957506,None,34,3,139,3,,,,,342.08587054100644,,342.07823929100414,342.08587054100644,343.07920366599865,343.07920366599865,343.07920366599865,343.07920366599865,343.07920366599865,344.0782066660031,344.0782066660031,344.4442990410025,z,1,0.3638301659957506,None,,,,,parti5,001,2025-10-02_16h41.27.841,MotorSequenceLearning_NupurShah,,2025.1.1,118.38715263862605,2025-10-02 16h41.40.622515 +0530,
-50,x,140,0,35,x,1,0.8092309999919962,None,35,0,140,0,,,,,344.4545230829972,,344.4447672910028,344.4545230829972,345.4449293749931,345.4449293749931,345.4449293749931,345.4449293749931,345.45272404099524,346.44366291600454,346.44366291600454,347.26499966600386,x,1,0.8092309999919962,None,,,,,parti5,001,2025-10-02_16h41.27.841,MotorSequenceLearning_NupurShah,,2025.1.1,118.38715263862605,2025-10-02 16h41.40.622515 +0530,
150,v,141,1,35,v,1,0.3545166660042014,None,35,1,141,1,,,,,347.27178879099665,,347.26544791599736,347.27178879099665,348.2617332910013,348.2617332910013,348.2617332910013,348.2617332910013,348.2696136250015,349.2614702080027,349.2614702080027,349.62011420799536,v,1,0.3545166660042014,None,,,,,parti5,001,2025-10-02_16h41.27.841,MotorSequenceLearning_NupurShah,,2025.1.1,118.38715263862605,2025-10-02 16h41.40.622515 +0530,
50,c,142,2,35,c,1,0.44659708300605416,None,35,2,142,2,,,,,349.62663204099226,,349.62058170800447,349.62663204099226,350.6117335000017,350.6117335000017,350.6117335000017,350.6117335000017,350.61975374999747,351.61027879100584,351.61027879100584,352.06120820800425,c,1,0.44659708300605416,None,,,,,parti5,001,2025-10-02_16h41.27.841,MotorSequenceLearning_NupurShah,,2025.1.1,118.38715263862605,2025-10-02 16h41.40.622515 +0530,
-150,z,143,3,35,z,1,0.3233981660014251,None,35,3,143,3,,,,,352.0861839999998,,352.0617709579965,352.0861839999998,353.061939791005,353.061939791005,353.061939791005,353.061939791005,353.07682683299936,354.0615183329937,354.0615183329937,354.3873237499938,z,1,0.3233981660014251,None,,,,,parti5,001,2025-10-02_16h41.27.841,MotorSequenceLearning_NupurShah,,2025.1.1,118.38715263862605,2025-10-02 16h41.40.622515 +0530,
-50,x,144,0,36,x,1,0.2726723329978995,None,36,0,144,0,,,,,354.3939627910004,,354.38780145799683,354.3939627910004,355.37868233300105,355.37868233300105,355.37868233300105,355.37868233300105,355.3865292499977,356.38614616599807,356.38614616599807,356.6615779999993,x,1,0.2726723329978995,None,,,,,parti5,001,2025-10-02_16h41.27.841,MotorSequenceLearning_NupurShah,,2025.1.1,118.38715263862605,2025-10-02 16h41.40.622515 +0530,
150,v,145,1,36,v,1,0.28951962500286754,None,36,1,145,1,,,,,356.6712892499927,,356.66204279099475,356.6712892499927,357.6620886659948,357.6620886659948,357.6620886659948,357.6620886659948,357.67010920800385,358.660327125006,358.660327125006,358.95400879099907,v,1,0.28951962500286754,None,,,,,parti5,001,2025-10-02_16h41.27.841,MotorSequenceLearning_NupurShah,,2025.1.1,118.38715263862605,2025-10-02 16h41.40.622515 +0530,
50,c,146,2,36,c,1,0.8410417499981122,None,36,2,146,2,,,,,358.96349162499246,,358.9544708330068,358.96349162499246,359.9523982499959,359.9523982499959,359.9523982499959,359.9523982499959,359.96043995799846,360.95274291599344,360.95274291599344,361.8041130829952,c,1,0.8410417499981122,None,,,,,parti5,001,2025-10-02_16h41.27.841,MotorSequenceLearning_NupurShah,,2025.1.1,118.38715263862605,2025-10-02 16h41.40.622515 +0530,
-150,z,147,3,36,z,1,0.26938791599241085,None,36,3,147,3,,,,,361.81402266600344,,361.80472562499926,361.81402266600344,362.8022858329932,362.8022858329932,362.8022858329932,362.8022858329932,362.8099102910055,363.8022738330037,363.8022738330037,364.0790200409974,z,1,0.26938791599241085,None,,,,,parti5,001,2025-10-02_16h41.27.841,MotorSequenceLearning_NupurShah,,2025.1.1,118.38715263862605,2025-10-02 16h41.40.622515 +0530,
-50,x,148,0,37,x,1,0.2630155829974683,None,37,0,148,0,,,,,364.1028821660002,,364.07945249999466,364.1028821660002,365.07956187499803,365.07956187499803,365.07956187499803,365.07956187499803,365.09429345799435,366.0767104580009,366.0767104580009,366.34454504099267,x,1,0.2630155829974683,None,,,,,parti5,001,2025-10-02_16h41.27.841,MotorSequenceLearning_NupurShah,,2025.1.1,118.38715263862605,2025-10-02 16h41.40.622515 +0530,
150,v,149,1,37,v,1,0.16404258299735375,None,37,1,149,1,,,,,366.3545099579933,,366.34500649999245,366.3545099579933,367.33635729100206,367.33635729100206,367.33635729100206,367.33635729100206,367.3522532909992,368.3357292080036,368.3357292080036,368.50415012499434,v,1,0.16404258299735375,None,,,,,parti5,001,2025-10-02_16h41.27.841,MotorSequenceLearning_NupurShah,,2025.1.1,118.38715263862605,2025-10-02 16h41.40.622515 +0530,
50,c,150,2,37,c,1,0.3808667499979492,None,37,2,150,2,,,,,368.51362416599295,,368.50461029099824,368.51362416599295,369.5024473329977,369.5024473329977,369.5024473329977,369.5024473329977,369.51014129100076,370.5028997909976,370.5028997909976,370.88719058300194,c,1,0.3808667499979492,None,,,,,parti5,001,2025-10-02_16h41.27.841,MotorSequenceLearning_NupurShah,,2025.1.1,118.38715263862605,2025-10-02 16h41.40.622515 +0530,
-150,z,151,3,37,z,1,0.32110308299888857,None,37,3,151,3,,,,,370.89717316599854,,370.8877104580024,370.89717316599854,371.87872687500203,371.87872687500203,371.87872687500203,371.87872687500203,371.8941145830031,372.8776825410023,372.8776825410023,373.2038731250068,z,1,0.32110308299888857,None,,,,,parti5,001,2025-10-02_16h41.27.841,MotorSequenceLearning_NupurShah,,2025.1.1,118.38715263862605,2025-10-02 16h41.40.622515 +0530,
-50,x,152,0,38,x,1,0.2983113329974003,None,38,0,152,0,,,,,373.2132488750067,,373.20434204100457,373.2132488750067,374.1956500829983,374.1956500829983,374.1956500829983,374.1956500829983,374.20348795800237,375.19441479099623,375.19441479099623,375.5042050409975,x,1,0.2983113329974003,None,,,,,parti5,001,2025-10-02_16h41.27.841,MotorSequenceLearning_NupurShah,,2025.1.1,118.38715263862605,2025-10-02 16h41.40.622515 +0530,
150,v,153,1,38,v,1,0.2600616249983432,None,38,1,153,1,,,,,375.5136830830015,,375.50467879099597,375.5136830830015,376.5024159159948,376.5024159159948,376.5024159159948,376.5024159159948,376.5101500000019,377.50247474999924,377.50247474999924,377.77115629099717,v,1,0.2600616249983432,None,,,,,parti5,001,2025-10-02_16h41.27.841,MotorSequenceLearning_NupurShah,,2025.1.1,118.38715263862605,2025-10-02 16h41.40.622515 +0530,
50,c,154,2,38,c,1,0.45479695800167974,None,38,2,154,2,,,,,377.7811515409994,,377.7717533749965,377.7811515409994,378.7691970409942,378.7691970409942,378.7691970409942,378.7691970409942,378.7770378749992,379.7698378750065,379.7698378750065,380.2277331660007,c,1,0.45479695800167974,None,,,,,parti5,001,2025-10-02_16h41.27.841,MotorSequenceLearning_NupurShah,,2025.1.1,118.38715263862605,2025-10-02 16h41.40.622515 +0530,
-150,z,155,3,38,z,1,0.3763177079963498,None,38,3,155,3,,,,,380.23717070800194,,380.2281066659925,380.23717070800194,381.2192092079931,381.2192092079931,381.2192092079931,381.2192092079931,381.23579416600114,382.2191816249979,382.2191816249979,382.6041231249983,z,1,0.3763177079963498,None,,,,,parti5,001,2025-10-02_16h41.27.841,MotorSequenceLearning_NupurShah,,2025.1.1,118.38715263862605,2025-10-02 16h41.40.622515 +0530,
-50,x,156,0,39,x,1,0.32719270800589584,None,39,0,156,0,,,,,382.61334637500113,,382.60459683299996,382.61334637500113,383.6032362910046,383.6032362910046,383.6032362910046,383.6032362910046,383.6110000000044,384.6025096249941,384.6025096249941,384.93764725000074,x,1,0.32719270800589584,None,,,,,parti5,001,2025-10-02_16h41.27.841,MotorSequenceLearning_NupurShah,,2025.1.1,118.38715263862605,2025-10-02 16h41.40.622515 +0530,
150,v,157,1,39,v,1,0.30864604099770077,None,39,1,157,1,,,,,384.9474087910057,,384.9381191660068,384.9474087910057,385.9359634160064,385.9359634160064,385.9359634160064,385.9359634160064,385.94361950000166,386.93586858299386,386.93586858299386,387.2542157910066,v,1,0.30864604099770077,None,,,,,parti5,001,2025-10-02_16h41.27.841,MotorSequenceLearning_NupurShah,,2025.1.1,118.38715263862605,2025-10-02 16h41.40.622515 +0530,
50,c,158,2,39,c,1,0.4029760410048766,None,39,2,158,2,,,,,387.263632999995,,387.2546840409923,387.263632999995,388.24565741600236,388.24565741600236,388.24565741600236,388.24565741600236,388.2612842499948,389.2525870410027,389.2525870410027,389.66129887499847,c,1,0.4029760410048766,None,,,,,parti5,001,2025-10-02_16h41.27.841,MotorSequenceLearning_NupurShah,,2025.1.1,118.38715263862605,2025-10-02 16h41.40.622515 +0530,
-150,z,159,3,39,z,1,0.37181408300239127,None,39,3,159,3,,,,,389.6712300829968,,389.66176166599325,389.6712300829968,390.6622084999981,390.6622084999981,390.6622084999981,390.6622084999981,390.67023745800543,391.65266325000266,391.65266325000266,392.02781441599654,z,1,0.37181408300239127,None,,,,,parti5,001,2025-10-02_16h41.27.841,MotorSequenceLearning_NupurShah,,2025.1.1,118.38715263862605,2025-10-02 16h41.40.622515 +0530,
-50,x,160,0,40,x,1,0.34357558299961966,None,40,0,160,0,,,,,392.0368848329963,,392.02829804099747,392.0368848329963,393.0193020000006,393.0193020000006,393.0193020000006,393.0193020000006,393.02702316599607,394.0200657499954,394.0200657499954,394.3706839160004,x,1,0.34357558299961966,None,,,,,parti5,001,2025-10-02_16h41.27.841,MotorSequenceLearning_NupurShah,,2025.1.1,118.38715263862605,2025-10-02 16h41.40.622515 +0530,
150,v,161,1,40,v,1,0.2964857080078218,None,40,1,161,1,,,,,394.379938625003,,394.3711508749984,394.379938625003,395.36239654099336,395.36239654099336,395.36239654099336,395.36239654099336,395.37055591600074,396.3609817910037,396.3609817910037,396.6611586660001,v,1,0.2964857080078218,None,,,,,parti5,001,2025-10-02_16h41.27.841,MotorSequenceLearning_NupurShah,,2025.1.1,118.38715263862605,2025-10-02 16h41.40.622515 +0530,
50,c,162,2,40,c,1,0.2872927489952417,None,40,2,162,2,,,,,396.6706718750065,,396.6615243749984,396.6706718750065,397.6618214159971,397.6618214159971,397.6618214159971,397.6618214159971,397.6618214159971,398.65317775000585,398.65317775000585,398.94478175000404,c,1,0.2872927489952417,None,,,,,parti5,001,2025-10-02_16h41.27.841,MotorSequenceLearning_NupurShah,,2025.1.1,118.38715263862605,2025-10-02 16h41.40.622515 +0530,
-150,z,163,3,40,z,1,1.1449932910036296,None,40,3,163,3,,,,,398.9549907079927,,398.9452458330052,398.9549907079927,399.94593154100585,399.94593154100585,399.94593154100585,399.94593154100585,399.9539151659992,400.9454185000068,400.9454185000068,402.0952204159985,z,1,1.1449932910036296,None,,,,,parti5,001,2025-10-02_16h41.27.841,MotorSequenceLearning_NupurShah,,2025.1.1,118.38715263862605,2025-10-02 16h41.40.622515 +0530,
-50,x,164,0,41,x,1,1.30898991599679,None,41,0,164,0,,,,,402.10521591600263,,402.0957022079965,402.10521591600263,403.09571637499903,403.09571637499903,403.09571637499903,403.09571637499903,403.10373454100045,404.0943759579968,404.0943759579968,405.40451237499656,x,1,1.30898991599679,None,,,,,parti5,001,2025-10-02_16h41.27.841,MotorSequenceLearning_NupurShah,,2025.1.1,118.38715263862605,2025-10-02 16h41.40.622515 +0530,
150,v,165,1,41,v,1,2.8491689569927985,None,41,1,165,1,,,,,405.4111415829975,,405.40499249999993,405.4111415829975,406.3954596249969,406.3954596249969,406.3954596249969,406.3954596249969,406.40330150000227,407.39547020799364,407.39547020799364,410.2550826249935,v,1,2.8491689569927985,None,,,,,parti5,001,2025-10-02_16h41.27.841,MotorSequenceLearning_NupurShah,,2025.1.1,118.38715263862605,2025-10-02 16h41.40.622515 +0530,
50,c,166,2,41,c,1,0.2793811250012368,None,41,2,166,2,,,,,410.2657193750056,,410.25567779100675,410.2657193750056,411.2527915410028,411.2527915410028,411.2527915410028,411.2527915410028,411.2605955829931,412.25337533300626,412.25337533300626,412.53794895799365,c,1,0.2793811250012368,None,,,,,parti5,001,2025-10-02_16h41.27.841,MotorSequenceLearning_NupurShah,,2025.1.1,118.38715263862605,2025-10-02 16h41.40.622515 +0530,
-150,z,167,3,41,z,1,0.3193277910031611,None,41,3,167,3,,,,,412.54699449999316,,412.53842095799337,412.54699449999316,413.5368150410068,413.5368150410068,413.5368150410068,413.5368150410068,413.5442684580048,414.5362196250062,414.5362196250062,414.86217570799636,z,1,0.3193277910031611,None,,,,,parti5,001,2025-10-02_16h41.27.841,MotorSequenceLearning_NupurShah,,2025.1.1,118.38715263862605,2025-10-02 16h41.40.622515 +0530,
-50,x,168,0,42,x,1,0.4896874999976717,None,42,0,168,0,,,,,414.8720560410002,,414.86265229100536,414.8720560410002,415.8639437499951,415.8639437499951,415.8639437499951,415.8639437499951,415.8718444999977,416.8610303750029,416.8610303750029,417.3547609579982,x,1,0.4896874999976717,None,,,,,parti5,001,2025-10-02_16h41.27.841,MotorSequenceLearning_NupurShah,,2025.1.1,118.38715263862605,2025-10-02 16h41.40.622515 +0530,
150,v,169,1,42,v,1,0.33022141600667965,None,42,1,169,1,,,,,417.3646228330035,,417.3552266659972,417.3646228330035,418.35344399999303,418.35344399999303,418.35344399999303,418.35344399999303,418.36105341599614,419.35350749999634,419.35350749999634,419.6880772500008,v,1,0.33022141600667965,None,,,,,parti5,001,2025-10-02_16h41.27.841,MotorSequenceLearning_NupurShah,,2025.1.1,118.38715263862605,2025-10-02 16h41.40.622515 +0530,
50,c,170,2,42,c,1,0.346936125002685,None,42,2,170,2,,,,,419.69713316600246,,419.6885489999986,419.69713316600246,420.6868410409952,420.6868410409952,420.6868410409952,420.6868410409952,420.6945057080011,421.6867654999951,421.6867654999951,422.0380626660044,c,1,0.346936125002685,None,,,,,parti5,001,2025-10-02_16h41.27.841,MotorSequenceLearning_NupurShah,,2025.1.1,118.38715263862605,2025-10-02 16h41.40.622515 +0530,
-150,z,171,3,42,z,1,0.28080645701265894,None,42,3,171,3,,,,,422.0482260410063,,422.038632374999,422.0482260410063,423.0363169159973,423.0363169159973,423.0363169159973,423.0363169159973,423.04399925000325,424.03677362500457,424.03677362500457,424.3214232080063,z,1,0.28080645701265894,None,,,,,parti5,001,2025-10-02_16h41.27.841,MotorSequenceLearning_NupurShah,,2025.1.1,118.38715263862605,2025-10-02 16h41.40.622515 +0530,
-50,x,172,0,43,x,1,0.344176623999374,None,43,0,172,0,,,,,424.33187604100385,,424.32197591599834,424.33187604100385,425.3129586659925,425.3129586659925,425.3129586659925,425.3129586659925,425.32875812500424,426.32041770800424,426.32041770800424,426.67129716600175,x,1,0.344176623999374,None,,,,,parti5,001,2025-10-02_16h41.27.841,MotorSequenceLearning_NupurShah,,2025.1.1,118.38715263862605,2025-10-02 16h41.40.622515 +0530,
150,v,173,1,43,v,1,0.3322201240080176,None,43,1,173,1,,,,,426.68066591600655,,426.6717203330045,426.68066591600655,427.66244437500427,427.66244437500427,427.66244437500427,427.66244437500427,427.6779182080063,428.66229687500163,428.66229687500163,428.9958141660027,v,1,0.3322201240080176,None,,,,,parti5,001,2025-10-02_16h41.27.841,MotorSequenceLearning_NupurShah,,2025.1.1,118.38715263862605,2025-10-02 16h41.40.622515 +0530,
50,c,174,2,43,c,1,0.2984244580002269,None,43,2,174,2,,,,,429.0057351249998,,428.99630470799457,429.0057351249998,429.9958176249929,429.9958176249929,429.9958176249929,429.9958176249929,430.003611291002,430.99508279099246,430.99508279099246,431.2950474579993,c,1,0.2984244580002269,None,,,,,parti5,001,2025-10-02_16h41.27.841,MotorSequenceLearning_NupurShah,,2025.1.1,118.38715263862605,2025-10-02 16h41.40.622515 +0530,
-150,z,175,3,43,z,1,0.35029491600289475,None,43,3,175,3,,,,,431.3052861659962,,431.29553750000196,431.3052861659962,432.29632495800615,432.29632495800615,432.29632495800615,432.29632495800615,432.3044600830035,433.2962542500027,433.2962542500027,433.65495587499754,z,1,0.35029491600289475,None,,,,,parti5,001,2025-10-02_16h41.27.841,MotorSequenceLearning_NupurShah,,2025.1.1,118.38715263862605,2025-10-02 16h41.40.622515 +0530,
-50,x,176,0,44,x,1,0.09789749899937306,None,44,0,176,0,,,,,433.66441804099304,,433.65545741599635,433.66441804099304,434.6462027499947,434.6462027499947,434.6462027499947,434.6462027499947,434.661185207995,435.6535946249933,435.6535946249933,435.7549238749925,x,1,0.09789749899937306,None,,,,,parti5,001,2025-10-02_16h41.27.841,MotorSequenceLearning_NupurShah,,2025.1.1,118.38715263862605,2025-10-02 16h41.40.622515 +0530,
150,v,177,1,44,v,1,1.5120871239923872,None,44,1,177,1,,,,,435.7654567910067,,435.75547687499784,435.7654567910067,436.7531943329959,436.7531943329959,436.7531943329959,436.7531943329959,436.7609143330046,437.7453367499984,437.7453367499984,439.261906832995,v,1,1.5120871239923872,None,,,,,parti5,001,2025-10-02_16h41.27.841,MotorSequenceLearning_NupurShah,,2025.1.1,118.38715263862605,2025-10-02 16h41.40.622515 +0530,
50,c,178,2,44,c,1,0.3571397909981897,None,44,2,178,2,,,,,439.2721925829974,,439.26239670799987,439.2721925829974,440.2622501250007,440.2622501250007,440.2622501250007,440.2622501250007,440.2699222499941,441.2622487500048,441.2622487500048,441.6215899999952,c,1,0.3571397909981897,None,,,,,parti5,001,2025-10-02_16h41.27.841,MotorSequenceLearning_NupurShah,,2025.1.1,118.38715263862605,2025-10-02 16h41.40.622515 +0530,
-150,z,179,3,44,z,1,1.499991624004906,None,44,3,179,3,,,,,441.6309689159971,,441.6220679580001,441.6309689159971,442.6127422910067,442.6127422910067,442.6127422910067,442.6127422910067,442.6284999579948,443.62034470800427,443.62034470800427,445.12174504100403,z,1,1.499991624004906,None,,,,,parti5,001,2025-10-02_16h41.27.841,MotorSequenceLearning_NupurShah,,2025.1.1,118.38715263862605,2025-10-02 16h41.40.622515 +0530,
-50,x,180,0,45,x,1,0.5509977070032619,None,45,0,180,0,,,,,445.1284820409928,,445.12226370800636,445.1284820409928,446.11994954099646,446.11994954099646,446.11994954099646,446.11994954099646,446.11994954099646,447.1204168749973,447.1204168749973,447.6788024580019,x,1,0.5509977070032619,None,,,,,parti5,001,2025-10-02_16h41.27.841,MotorSequenceLearning_NupurShah,,2025.1.1,118.38715263862605,2025-10-02 16h41.40.622515 +0530,
150,v,181,1,45,v,1,1.8387435000040568,None,45,1,181,1,,,,,447.7038717910036,,447.6793892910064,447.7038717910036,448.67990350000036,448.67990350000036,448.67990350000036,448.67990350000036,448.695748750004,449.67052883299766,449.67052883299766,451.5124211660004,v,1,1.8387435000040568,None,,,,,parti5,001,2025-10-02_16h41.27.841,MotorSequenceLearning_NupurShah,,2025.1.1,118.38715263862605,2025-10-02 16h41.40.622515 +0530,
50,c,182,2,45,c,1,1.9042972489987733,None,45,2,182,2,,,,,451.5372374159924,,451.51293799999985,451.5372374159924,452.51272029099346,452.51272029099346,452.51272029099346,452.51272029099346,452.5285321249976,453.50506358299754,453.50506358299754,455.41250912500254,c,1,1.9042972489987733,None,,,,,parti5,001,2025-10-02_16h41.27.841,MotorSequenceLearning_NupurShah,,2025.1.1,118.38715263862605,2025-10-02 16h41.40.622515 +0530,
-150,z,183,3,45,z,1,0.43216774899337906,None,45,3,183,3,,,,,455.43732512499264,,455.41308549999667,455.43732512499264,456.4127527910023,456.4127527910023,456.4127527910023,456.4127527910023,456.4276437499939,457.4121407079947,457.4121407079947,457.85522708299686,z,1,0.43216774899337906,None,,,,,parti5,001,2025-10-02_16h41.27.841,MotorSequenceLearning_NupurShah,,2025.1.1,118.38715263862605,2025-10-02 16h41.40.622515 +0530,
-50,x,184,0,46,x,1,0.5212794999970356,None,46,0,184,0,,,,,457.8645281659992,,457.85573408300115,457.8645281659992,458.8541284160019,458.8541284160019,458.8541284160019,458.8541284160019,458.8618865830067,459.8539289159962,459.8539289159962,460.37892625000677,x,1,0.5212794999970356,None,,,,,parti5,001,2025-10-02_16h41.27.841,MotorSequenceLearning_NupurShah,,2025.1.1,118.38715263862605,2025-10-02 16h41.40.622515 +0530,
150,v,185,1,46,v,1,0.5240804579952965,None,46,1,185,1,,,,,460.3890186659992,,460.3794150409958,460.3890186659992,461.37157124999794,461.37157124999794,461.37157124999794,461.37157124999794,461.37863587499305,462.3701438749995,462.3701438749995,462.89554895799665,v,1,0.5240804579952965,None,,,,,parti5,001,2025-10-02_16h41.27.841,MotorSequenceLearning_NupurShah,,2025.1.1,118.38715263862605,2025-10-02 16h41.40.622515 +0530,
50,c,186,2,46,c,1,0.8861907910031732,None,46,2,186,2,,,,,462.9033667909971,,462.8960251660028,462.9033667909971,463.8972549159953,463.8972549159953,463.8972549159953,463.8972549159953,463.8972549159953,464.8961051660008,464.8961051660008,465.78870612499304,c,1,0.8861907910031732,None,,,,,parti5,001,2025-10-02_16h41.27.841,MotorSequenceLearning_NupurShah,,2025.1.1,118.38715263862605,2025-10-02 16h41.40.622515 +0530,
-150,z,187,3,46,z,1,0.5746053320035571,None,46,3,187,3,,,,,465.7985072500014,,465.7891857909999,465.7985072500014,466.78730162499414,466.78730162499414,466.78730162499414,466.78730162499414,466.79499275000126,467.7874560409982,467.7874560409982,468.36319645799813,z,1,0.5746053320035571,None,,,,,parti5,001,2025-10-02_16h41.27.841,MotorSequenceLearning_NupurShah,,2025.1.1,118.38715263862605,2025-10-02 16h41.40.622515 +0530,
-50,x,188,0,47,x,1,1.843770208011847,None,47,0,188,0,,,,,468.3877368329995,,468.3636558750004,468.3877368329995,469.36333637499774,469.36333637499774,469.36333637499774,469.36333637499774,469.37841283300077,470.36225008299516,470.36225008299516,472.21236925000267,x,1,1.843770208011847,None,,,,,parti5,001,2025-10-02_16h41.27.841,MotorSequenceLearning_NupurShah,,2025.1.1,118.38715263862605,2025-10-02 16h41.40.622515 +0530,
150,v,189,1,47,v,1,0.6287104160001036,None,47,1,189,1,,,,,472.2227892499941,,472.2128854159964,472.2227892499941,473.21298079099506,473.21298079099506,473.21298079099506,473.21298079099506,473.22076870799356,474.20353629099554,474.20353629099554,474.83893862500554,v,1,0.6287104160001036,None,,,,,parti5,001,2025-10-02_16h41.27.841,MotorSequenceLearning_NupurShah,,2025.1.1,118.38715263862605,2025-10-02 16h41.40.622515 +0530,
50,c,190,2,47,c,1,0.804450123992865,None,47,2,190,2,,,,,474.8494718330039,,474.83949587499956,474.8494718330039,475.83696454099845,475.83696454099845,475.83696454099845,475.83696454099845,475.8450592500012,476.8376677500055,476.8376677500055,477.6464494999964,c,1,0.804450123992865,None,,,,,parti5,001,2025-10-02_16h41.27.841,MotorSequenceLearning_NupurShah,,2025.1.1,118.38715263862605,2025-10-02 16h41.40.622515 +0530,
-150,z,191,3,47,lshift,0,0.2719108739984222,None,47,3,191,3,,,,,477.6708543749992,,477.6469764999929,477.6708543749992,478.64628479100065,478.64628479100065,478.64628479100065,478.64628479100065,478.661508707999,479.6462769579957,479.6462769579957,479.9222393329983,lshift,0,0.2719108739984222,None,,,,,parti5,001,2025-10-02_16h41.27.841,MotorSequenceLearning_NupurShah,,2025.1.1,118.38715263862605,2025-10-02 16h41.40.622515 +0530,
-50,x,192,0,48,x,1,0.4289353329950245,None,48,0,192,0,,,,,479.930653250005,,479.92273958299484,479.930653250005,480.9208085410064,480.9208085410064,480.9208085410064,480.9208085410064,480.9281705829926,481.9202089580067,481.9202089580067,482.3554202910018,x,1,0.4289353329950245,None,,,,,parti5,001,2025-10-02_16h41.27.841,MotorSequenceLearning_NupurShah,,2025.1.1,118.38715263862605,2025-10-02 16h41.40.622515 +0530,
150,v,193,1,48,v,1,0.2898115830030292,None,48,1,193,1,,,,,482.3652211659937,,482.35592629099847,482.3652211659937,483.3542405000044,483.3542405000044,483.3542405000044,483.3542405000044,483.3618961250031,484.3541854159994,484.3541854159994,484.6461511249945,v,1,0.2898115830030292,None,,,,,parti5,001,2025-10-02_16h41.27.841,MotorSequenceLearning_NupurShah,,2025.1.1,118.38715263862605,2025-10-02 16h41.40.622515 +0530,
50,c,194,2,48,c,1,0.5693465829972411,None,48,2,194,2,,,,,484.6565352079924,,484.64663662499515,484.6565352079924,485.6472672499949,485.6472672499949,485.6472672499949,485.6472672499949,485.6550069160003,486.64575724999304,486.64575724999304,487.2219986249984,c,1,0.5693465829972411,None,,,,,parti5,001,2025-10-02_16h41.27.841,MotorSequenceLearning_NupurShah,,2025.1.1,118.38715263862605,2025-10-02 16h41.40.622515 +0530,
-150,z,195,3,48,z,1,0.3457781660108594,None,48,3,195,3,,,,,487.2313845000026,,487.22249650000595,487.2313845000026,488.213248,488.213248,488.213248,488.213248,488.2288162909972,489.2132003750012,489.2132003750012,489.5627577499981,z,1,0.3457781660108594,None,,,,,parti5,001,2025-10-02_16h41.27.841,MotorSequenceLearning_NupurShah,,2025.1.1,118.38715263862605,2025-10-02 16h41.40.622515 +0530,
-50,x,196,0,49,x,1,0.7425242909957888,None,49,0,196,0,,,,,489.58784770799684,,489.56325679099245,489.58784770799684,490.5636565830064,490.5636565830064,490.5636565830064,490.5636565830064,490.5793886659958,491.5543441250047,491.5543441250047,492.3056284579943,x,1,0.7425242909957888,None,,,,,parti5,001,2025-10-02_16h41.27.841,MotorSequenceLearning_NupurShah,,2025.1.1,118.38715263862605,2025-10-02 16h41.40.622515 +0530,
150,v,197,1,49,v,1,0.47956158200395294,None,49,1,197,1,,,,,492.3156369999924,,492.30620237499534,492.3156369999924,493.3043052080029,493.3043052080029,493.3043052080029,493.3043052080029,493.31209458300145,494.3044189999928,494.3044189999928,494.7889980829932,v,1,0.47956158200395294,None,,,,,parti5,001,2025-10-02_16h41.27.841,MotorSequenceLearning_NupurShah,,2025.1.1,118.38715263862605,2025-10-02 16h41.40.622515 +0530,
50,c,198,2,49,c,1,0.46230837400071323,None,49,2,198,2,,,,,494.79875429099775,,494.78947091600276,494.79875429099775,495.78718587500043,495.78718587500043,495.78718587500043,495.78718587500043,495.7948811660026,496.78769812500104,496.78769812500104,497.255412915998,c,1,0.46230837400071323,None,,,,,parti5,001,2025-10-02_16h41.27.841,MotorSequenceLearning_NupurShah,,2025.1.1,118.38715263862605,2025-10-02 16h41.40.622515 +0530,
-150,z,199,3,49,z,1,0.6403279160003876,None,49,3,199,3,,,,,497.26491275000444,,497.25589991599554,497.26491275000444,498.2467528749985,498.2467528749985,498.2467528749985,498.2467528749985,498.2616820830008,499.246501540998,499.246501540998,499.8888622079976,z,1,0.6403279160003876,None,,,,,parti5,001,2025-10-02_16h41.27.841,MotorSequenceLearning_NupurShah,,2025.1.1,118.38715263862605,2025-10-02 16h41.40.622515 +0530,
-50,x,0,0,0,x,1,0.3537857910123421,None,,,,,0,0,0,0,499.91436195799906,,499.9057177909999,499.91436195799906,500.87998425000114,500.87998425000114,500.87998425000114,500.87998425000114,500.912148250005,501.8880099999951,501.8880099999951,502.24594462499954,,,,,x,1,0.3537857910123421,None,parti5,001,2025-10-02_16h41.27.841,MotorSequenceLearning_NupurShah,,2025.1.1,118.38715263862605,2025-10-02 16h41.40.622515 +0530,
150,v,1,1,0,v,1,0.5090195410011802,None,,,,,0,1,1,1,502.256251083003,,502.2464622080006,502.256251083003,503.2372957079933,503.2372957079933,503.2372957079933,503.2372957079933,503.25444016599795,504.2377759999945,504.2377759999945,504.7561257079942,,,,,v,1,0.5090195410011802,None,parti5,001,2025-10-02_16h41.27.841,MotorSequenceLearning_NupurShah,,2025.1.1,118.38715263862605,2025-10-02 16h41.40.622515 +0530,
150,v,2,2,1,v,1,1.5653495409933385,None,,,,,1,2,2,1,504.7664290829998,,504.7567325410055,504.7664290829998,505.75458183299634,505.75458183299634,505.75458183299634,505.75458183299634,505.76220508299593,506.75442404100613,506.75442404100613,508.32248220799374,,,,,v,1,1.5653495409933385,None,parti5,001,2025-10-02_16h41.27.841,MotorSequenceLearning_NupurShah,,2025.1.1,118.38715263862605,2025-10-02 16h41.40.622515 +0530,
150,v,3,3,2,v,1,0.5155326660024002,None,,,,,2,3,3,1,508.3326784999954,,508.32301841600565,508.3326784999954,509.32065424999746,509.32065424999746,509.32065424999746,509.32065424999746,509.3283344999945,510.32117858300626,510.32117858300626,510.83931495799334,,,,,v,1,0.5155326660024002,None,parti5,001,2025-10-02_16h41.27.841,MotorSequenceLearning_NupurShah,,2025.1.1,118.38715263862605,2025-10-02 16h41.40.622515 +0530,
-50,x,4,4,1,x,1,1.038779082999099,None,,,,,1,4,4,0,510.84991295800137,,510.8398918330058,510.84991295800137,511.83796008299396,511.83796008299396,511.83796008299396,511.83796008299396,511.8462907909998,512.8379562909977,512.8379562909977,513.8794652499928,,,,,x,1,1.038779082999099,None,parti5,001,2025-10-02_16h41.27.841,MotorSequenceLearning_NupurShah,,2025.1.1,118.38715263862605,2025-10-02 16h41.40.622515 +0530,
50,c,5,5,0,c,1,1.689111123996554,None,,,,,0,5,5,2,513.889146290996,,513.8798783749953,513.889146290996,514.8801517079992,514.8801517079992,514.8801517079992,514.8801517079992,514.8801517079992,515.8707049579971,515.8707049579971,517.5631399160047,,,,,c,1,1.689111123996554,None,parti5,001,2025-10-02_16h41.27.841,MotorSequenceLearning_NupurShah,,2025.1.1,118.38715263862605,2025-10-02 16h41.40.622515 +0530,
150,v,6,6,3,v,1,0.9679660830006469,None,,,,,3,6,6,1,517.5878809580026,,517.5637476249976,517.5878809580026,518.5642363749939,518.5642363749939,518.5642363749939,518.5642363749939,518.5800673750055,519.5545767500007,519.5545767500007,520.5295189580065,,,,,v,1,0.9679660830006469,None,parti5,001,2025-10-02_16h41.27.841,MotorSequenceLearning_NupurShah,,2025.1.1,118.38715263862605,2025-10-02 16h41.40.622515 +0530,
50,c,7,7,1,c,1,0.8334542079974199,None,,,,,1,7,7,2,520.5397440829984,,520.530031000002,520.5397440829984,521.5302095410007,521.5302095410007,521.5302095410007,521.5302095410007,521.5382855829957,522.5302395409963,522.5302395409963,523.3727249999938,,,,,c,1,0.8334542079974199,None,parti5,001,2025-10-02_16h41.27.841,MotorSequenceLearning_NupurShah,,2025.1.1,118.38715263862605,2025-10-02 16h41.40.622515 +0530,
-50,x,8,8,2,x,1,1.7752079159981804,None,,,,,2,8,8,0,523.3819034159969,,523.3732185410045,523.3819034159969,524.3708441659983,524.3708441659983,524.3708441659983,524.3708441659983,524.3790292500053,525.3712972499925,525.3712972499925,527.1558708749944,,,,,x,1,1.7752079159981804,None,parti5,001,2025-10-02_16h41.27.841,MotorSequenceLearning_NupurShah,,2025.1.1,118.38715263862605,2025-10-02 16h41.40.622515 +0530,
-50,x,9,9,3,x,1,0.6318275410012575,None,,,,,3,9,9,0,527.1655093330046,,527.1563767079933,527.1655093330046,528.1472122499981,528.1472122499981,528.1472122499981,528.1472122499981,528.1629556660046,529.1547352500056,529.1547352500056,529.7893384579947,,,,,x,1,0.6318275410012575,None,parti5,001,2025-10-02_16h41.27.841,MotorSequenceLearning_NupurShah,,2025.1.1,118.38715263862605,2025-10-02 16h41.40.622515 +0530,
150,v,10,10,4,v,1,1.101275415989221,None,,,,,4,10,10,1,529.798751291004,,529.789814082993,529.798751291004,530.7880868749926,530.7880868749926,530.7880868749926,530.7880868749926,530.7956950829976,531.7882352500019,531.7882352500019,532.8964602500055,,,,,v,1,1.101275415989221,None,parti5,001,2025-10-02_16h41.27.841,MotorSequenceLearning_NupurShah,,2025.1.1,118.38715263862605,2025-10-02 16h41.40.622515 +0530,
150,v,11,11,5,v,1,0.8190427910012659,None,,,,,5,11,11,1,532.9062448750046,,532.8969456659979,532.9062448750046,533.8970189999964,533.8970189999964,533.8970189999964,533.8970189999964,533.9047842909931,534.8885274159984,534.8885274159984,535.7128608329949,,,,,v,1,0.8190427910012659,None,parti5,001,2025-10-02_16h41.27.841,MotorSequenceLearning_NupurShah,,2025.1.1,118.38715263862605,2025-10-02 16h41.40.622515 +0530,
50,c,12,12,2,c,1,1.132528749993071,None,,,,,2,12,12,2,535.7224804580037,,535.7133338749991,535.7224804580037,536.7048094159982,536.7048094159982,536.7048094159982,536.7048094159982,536.7214304579975,537.7129441659927,537.7129441659927,538.8562519160041,,,,,c,1,1.132528749993071,None,parti5,001,2025-10-02_16h41.27.841,MotorSequenceLearning_NupurShah,,2025.1.1,118.38715263862605,2025-10-02 16h41.40.622515 +0530,
50,c,13,13,3,c,1,0.9817226250015665,None,,,,,3,13,13,2,538.8654415829951,,538.8567564160039,538.8654415829951,539.8549065830011,539.8549065830011,539.8549065830011,539.8549065830011,539.8626836659969,540.8548106249946,540.8548106249946,541.8388332080067,,,,,c,1,0.9817226250015665,None,parti5,001,2025-10-02_16h41.27.841,MotorSequenceLearning_NupurShah,,2025.1.1,118.38715263862605,2025-10-02 16h41.40.622515 +0530,
50,c,14,14,4,c,1,0.7901755409984617,None,,,,,4,14,14,2,541.8454040829965,,541.8393029580038,541.8454040829965,542.8304736660066,542.8304736660066,542.8304736660066,542.8304736660066,542.8382313750044,543.8301953750051,543.8301953750051,544.6227677499992,,,,,c,1,0.7901755409984617,None,parti5,001,2025-10-02_16h41.27.841,MotorSequenceLearning_NupurShah,,2025.1.1,118.38715263862605,2025-10-02 16h41.40.622515 +0530,
50,c,15,15,5,c,1,0.3167271660058759,None,,,,,5,15,15,2,544.6319194160023,,544.6232433330006,544.6319194160023,545.6139830829925,545.6139830829925,545.6139830829925,545.6139830829925,545.629490124993,546.6136072079971,546.6136072079971,546.9397773749952,,,,,c,1,0.3167271660058759,None,parti5,001,2025-10-02_16h41.27.841,MotorSequenceLearning_NupurShah,,2025.1.1,118.38715263862605,2025-10-02 16h41.40.622515 +0530,
-150,z,16,16,0,c,0,0.3612974999996368,None,,,,,0,16,16,3,546.9497030409984,,546.9403642499965,546.9497030409984,547.9377964580053,547.9377964580053,547.9377964580053,547.9377964580053,547.945894125005,548.938245915997,548.938245915997,549.3065761250036,,,,,c,0,0.3612974999996368,None,parti5,001,2025-10-02_16h41.27.841,MotorSequenceLearning_NupurShah,,2025.1.1,118.38715263862605,2025-10-02 16h41.40.622515 +0530,
50,c,17,17,6,c,1,0.9314417499990668,None,,,,,6,17,17,2,549.3164897910028,,549.3072030409967,549.3164897910028,550.3050280830066,550.3050280830066,550.3050280830066,550.3050280830066,550.312729665995,551.3049150409934,551.3049150409934,552.2396607499977,,,,,c,1,0.9314417499990668,None,parti5,001,2025-10-02_16h41.27.841,MotorSequenceLearning_NupurShah,,2025.1.1,118.38715263862605,2025-10-02 16h41.40.622515 +0530,
50,c,18,18,7,c,1,0.9504560000059428,None,,,,,7,18,18,2,552.2491631659941,,552.2401611249952,552.2491631659941,553.2378281660058,553.2378281660058,553.2378281660058,553.2378281660058,553.2454765830043,554.2378041250049,554.2378041250049,555.1896467909974,,,,,c,1,0.9504560000059428,None,parti5,001,2025-10-02_16h41.27.841,MotorSequenceLearning_NupurShah,,2025.1.1,118.38715263862605,2025-10-02 16h41.40.622515 +0530,
-50,x,19,19,4,x,1,1.0291019989963388,None,,,,,4,19,19,0,555.1963579580042,,555.1901470830053,555.1963579580042,556.1811282080016,556.1811282080016,556.1811282080016,556.1811282080016,556.1891130409931,557.1883063749992,557.1883063749992,558.2232880829979,,,,,x,1,1.0291019989963388,None,parti5,001,2025-10-02_16h41.27.841,MotorSequenceLearning_NupurShah,,2025.1.1,118.38715263862605,2025-10-02 16h41.40.622515 +0530,
-50,x,20,20,5,x,1,0.6766271660017082,None,,,,,5,20,20,0,558.2332513330039,,558.2239619159955,558.2332513330039,559.2233600829932,559.2233600829932,559.2233600829932,559.2233600829932,559.2310437910055,560.2217374579923,560.2217374579923,560.9057437909942,,,,,x,1,0.6766271660017082,None,parti5,001,2025-10-02_16h41.27.841,MotorSequenceLearning_NupurShah,,2025.1.1,118.38715263862605,2025-10-02 16h41.40.622515 +0530,
50,c,21,21,8,c,1,0.9867290819966001,None,,,,,8,21,21,2,560.9146545830008,,560.906159457998,560.9146545830008,561.8971747080068,561.8971747080068,561.8971747080068,561.8971747080068,561.9051411249966,562.9045934159949,562.9045934159949,563.8969853330054,,,,,c,1,0.9867290819966001,None,parti5,001,2025-10-02_16h41.27.841,MotorSequenceLearning_NupurShah,,2025.1.1,118.38715263862605,2025-10-02 16h41.40.622515 +0530,
-150,z,22,22,1,z,1,0.8335604159947252,None,,,,,1,22,22,3,563.9071946659969,,563.8974857909925,563.9071946659969,564.8975031250011,564.8975031250011,564.8975031250011,564.8975031250011,564.905219207998,565.8966650829971,565.8966650829971,566.7401536660036,,,,,z,1,0.8335604159947252,None,parti5,001,2025-10-02_16h41.27.841,MotorSequenceLearning_NupurShah,,2025.1.1,118.38715263862605,2025-10-02 16h41.40.622515 +0530,
150,v,23,23,6,v,1,1.2716604579909472,None,,,,,6,23,23,1,566.7502384160034,,566.7408917909925,566.7502384160034,567.7380118750007,567.7380118750007,567.7380118750007,567.7380118750007,567.7457483329927,568.7385086659924,568.7385086659924,570.0136242500012,,,,,v,1,1.2716604579909472,None,parti5,001,2025-10-02_16h41.27.841,MotorSequenceLearning_NupurShah,,2025.1.1,118.38715263862605,2025-10-02 16h41.40.622515 +0530,
-50,x,24,24,6,x,1,0.9440774160029832,None,,,,,6,24,24,0,570.0237000829948,,570.0140848330047,570.0237000829948,571.0154506249964,571.0154506249964,571.0154506249964,571.0154506249964,571.0246251659992,572.0131713750015,572.0131713750015,572.9636178329965,,,,,x,1,0.9440774160029832,None,parti5,001,2025-10-02_16h41.27.841,MotorSequenceLearning_NupurShah,,2025.1.1,118.38715263862605,2025-10-02 16h41.40.622515 +0530,
50,c,25,25,9,c,1,0.6966513329971349,None,,,,,9,25,25,2,572.9725367909996,,572.9641018330003,572.9725367909996,573.9639911660051,573.9639911660051,573.9639911660051,573.9639911660051,573.9639911660051,574.9634794159938,574.9634794159938,575.6636032079987,,,,,c,1,0.6966513329971349,None,parti5,001,2025-10-02_16h41.27.841,MotorSequenceLearning_NupurShah,,2025.1.1,118.38715263862605,2025-10-02 16h41.40.622515 +0530,
150,v,26,26,7,v,1,1.3881805410055676,None,,,,,7,26,26,1,575.673668375006,,575.6640889160044,575.673668375006,576.6555221250019,576.6555221250019,576.6555221250019,576.6555221250019,576.6714970409957,577.6640488749981,577.6640488749981,579.0566223750066,,,,,v,1,1.3881805410055676,None,parti5,001,2025-10-02_16h41.27.841,MotorSequenceLearning_NupurShah,,2025.1.1,118.38715263862605,2025-10-02 16h41.40.622515 +0530,
50,c,27,27,10,c,1,1.9256730000051903,None,,,,,10,27,27,2,579.066487832999,,579.0571140410029,579.066487832999,580.0555424579943,580.0555424579943,580.0555424579943,580.0555424579943,580.0639649579971,581.0553852500016,581.0553852500016,582.9900367079972,,,,,c,1,1.9256730000051903,None,parti5,001,2025-10-02_16h41.27.841,MotorSequenceLearning_NupurShah,,2025.1.1,118.38715263862605,2025-10-02 16h41.40.622515 +0530,
-150,z,28,28,2,z,1,1.146505957993213,None,,,,,2,28,28,3,583.000390250003,,582.9906208750035,583.000390250003,583.9812244579953,583.9812244579953,583.9812244579953,583.9812244579953,583.9967322080047,584.9886762499955,584.9886762499955,586.1397939159942,,,,,z,1,1.146505957993213,None,parti5,001,2025-10-02_16h41.27.841,MotorSequenceLearning_NupurShah,,2025.1.1,118.38715263862605,2025-10-02 16h41.40.622515 +0530,
-150,z,29,29,3,z,1,1.3671250410116045,None,,,,,3,29,29,3,586.1491502080025,,586.140288583003,586.1491502080025,587.1312337499985,587.1312337499985,587.1312337499985,587.1312337499985,587.146760165997,588.1387008330057,588.1387008330057,589.5142943749961,,,,,z,1,1.3671250410116045,None,parti5,001,2025-10-02_16h41.27.841,MotorSequenceLearning_NupurShah,,2025.1.1,118.38715263862605,2025-10-02 16h41.40.622515 +0530,
-150,z,30,30,4,z,1,1.176370750006754,None,,,,,4,30,30,3,589.5390377909935,,589.5147954580025,589.5390377909935,590.5144107910019,590.5144107910019,590.5144107910019,590.5144107910019,590.5299352080037,591.5136193329963,591.5136193329963,592.6968626250018,,,,,z,1,1.176370750006754,None,parti5,001,2025-10-02_16h41.27.841,MotorSequenceLearning_NupurShah,,2025.1.1,118.38715263862605,2025-10-02 16h41.40.622515 +0530,
-50,x,31,31,7,x,1,1.405170875004842,None,,,,,7,31,31,0,592.7068830829958,,592.6973267909925,592.7068830829958,593.6887999580067,593.6887999580067,593.6887999580067,593.6887999580067,593.7055074160016,594.6887659159984,594.6887659159984,596.0972225409932,,,,,x,1,1.405170875004842,None,parti5,001,2025-10-02_16h41.27.841,MotorSequenceLearning_NupurShah,,2025.1.1,118.38715263862605,2025-10-02 16h41.40.622515 +0530,
150,v,32,32,8,v,1,2.6980018739996012,None,,,,,8,32,32,1,596.1075017080002,,596.0977372079942,596.1075017080002,597.0979731660045,597.0979731660045,597.0979731660045,597.0979731660045,597.1059810830047,598.0888786659925,598.0888786659925,600.7895819580008,,,,,v,1,2.6980018739996012,None,parti5,001,2025-10-02_16h41.27.841,MotorSequenceLearning_NupurShah,,2025.1.1,118.38715263862605,2025-10-02 16h41.40.622515 +0530,
50,c,33,33,11,c,1,1.5033396250073565,None,,,,,11,33,33,2,600.7988876659947,,600.7900852500024,600.7988876659947,601.7810325829923,601.7810325829923,601.7810325829923,601.7810325829923,601.7965028750041,602.780769666002,602.780769666002,604.2906453750038,,,,,c,1,1.5033396250073565,None,parti5,001,2025-10-02_16h41.27.841,MotorSequenceLearning_NupurShah,,2025.1.1,118.38715263862605,2025-10-02 16h41.40.622515 +0530,
-150,z,34,34,5,z,1,1.2347626660048263,None,,,,,5,34,34,3,604.3009811660013,,604.2912450409931,604.3009811660013,605.2890066660038,605.2890066660038,605.2890066660038,605.2890066660038,605.296656874998,606.2889845829923,606.2889845829923,607.5309483330057,,,,,z,1,1.2347626660048263,None,parti5,001,2025-10-02_16h41.27.841,MotorSequenceLearning_NupurShah,,2025.1.1,118.38715263862605,2025-10-02 16h41.40.622515 +0530,
50,c,35,35,12,c,1,1.4607617490109988,None,,,,,12,35,35,2,607.5558408329962,,607.5315372500045,607.5558408329962,608.5317149579932,608.5317149579932,608.5317149579932,608.5317149579932,608.5466920409963,609.530058874996,609.530058874996,610.9975861660059,,,,,c,1,1.4607617490109988,None,parti5,001,2025-10-02_16h41.27.841,MotorSequenceLearning_NupurShah,,2025.1.1,118.38715263862605,2025-10-02 16h41.40.622515 +0530,
-150,z,36,36,6,z,1,1.7498680830030935,None,,,,,6,36,36,3,611.022604208003,,610.9980965830036,611.022604208003,611.9893830410001,611.9893830410001,611.9893830410001,611.9893830410001,612.0125375000061,612.9890159159986,612.9890159159986,614.7405900000012,,,,,z,1,1.7498680830030935,None,parti5,001,2025-10-02_16h41.27.841,MotorSequenceLearning_NupurShah,,2025.1.1,118.38715263862605,2025-10-02 16h41.40.622515 +0530,
-50,x,37,37,8,x,1,1.4627133330068318,None,,,,,8,37,37,0,614.7512112080003,,614.7411861250002,614.7512112080003,615.7386191660044,615.7386191660044,615.7386191660044,615.7386191660044,615.7463649580022,616.7392166250065,616.7392166250065,618.2070332500007,,,,,x,1,1.4627133330068318,None,parti5,001,2025-10-02_16h41.27.841,MotorSequenceLearning_NupurShah,,2025.1.1,118.38715263862605,2025-10-02 16h41.40.622515 +0530,
50,c,38,38,13,c,1,1.2567986659996677,None,,,,,13,38,38,2,618.2162275830051,,618.207528333005,618.2162275830051,619.1996536249935,619.1996536249935,619.1996536249935,619.1996536249935,619.2075921659998,620.1979366659943,620.1979366659943,621.4570521660062,,,,,c,1,1.2567986659996677,None,parti5,001,2025-10-02_16h41.27.841,MotorSequenceLearning_NupurShah,,2025.1.1,118.38715263862605,2025-10-02 16h41.40.622515 +0530,
50,c,39,39,14,c,1,1.5599719579913653,None,,,,,14,39,39,2,621.4662546659965,,621.4575390410027,621.4662546659965,622.448753040997,622.448753040997,622.448753040997,622.448753040997,622.456815832993,623.4558031659981,623.4558031659981,625.0236737910018,,,,,c,1,1.5599719579913653,None,parti5,001,2025-10-02_16h41.27.841,MotorSequenceLearning_NupurShah,,2025.1.1,118.38715263862605,2025-10-02 16h41.40.622515 +0530,
150,v,40,40,9,v,1,1.4166034160007257,None,,,,,9,40,40,1,625.0326662500011,,625.0240689159982,625.0326662500011,626.0224964160006,626.0224964160006,626.0224964160006,626.0224964160006,626.0300569579995,627.0220735000039,627.0220735000039,628.4403045829968,,,,,v,1,1.4166034160007257,None,parti5,001,2025-10-02_16h41.27.841,MotorSequenceLearning_NupurShah,,2025.1.1,118.38715263862605,2025-10-02 16h41.40.622515 +0530,
150,v,41,41,10,v,1,0.6191677910101134,None,,,,,10,41,41,1,628.4497301660012,,628.4408069159981,628.4497301660012,629.4324535000051,629.4324535000051,629.4324535000051,629.4324535000051,629.4403179999936,630.4394859580061,630.4394859580061,631.064776625004,,,,,v,1,0.6191677910101134,None,parti5,001,2025-10-02_16h41.27.841,MotorSequenceLearning_NupurShah,,2025.1.1,118.38715263862605,2025-10-02 16h41.40.622515 +0530,
-50,x,42,42,9,x,1,1.5800453740084777,None,,,,,9,42,42,0,631.0895779580023,,631.0652539580042,631.0895779580023,632.065176707998,632.065176707998,632.065176707998,632.065176707998,632.0807702909951,633.0636363329977,633.0636363329977,634.6479767910059,,,,,x,1,1.5800453740084777,None,parti5,001,2025-10-02_16h41.27.841,MotorSequenceLearning_NupurShah,,2025.1.1,118.38715263862605,2025-10-02 16h41.40.622515 +0530,
50,c,43,43,15,c,1,1.2148485409998102,None,,,,,15,43,43,2,634.6580676250014,,634.6484634999943,634.6580676250014,635.6481837500032,635.6481837500032,635.6481837500032,635.6481837500032,635.656382125002,636.6478289999941,636.6478289999941,637.8647451659926,,,,,c,1,1.2148485409998102,None,parti5,001,2025-10-02_16h41.27.841,MotorSequenceLearning_NupurShah,,2025.1.1,118.38715263862605,2025-10-02 16h41.40.622515 +0530,
-150,z,44,44,7,z,1,1.1978611660015304,None,,,,,7,44,44,3,637.8745236249961,,637.8652338329994,637.8745236249961,638.8650318330037,638.8650318330037,638.8650318330037,638.8650318330037,638.8728340829985,639.864781790995,639.864781790995,641.0640346250002,,,,,z,1,1.1978611660015304,None,parti5,001,2025-10-02_16h41.27.841,MotorSequenceLearning_NupurShah,,2025.1.1,118.38715263862605,2025-10-02 16h41.40.622515 +0530,
-50,x,45,45,10,x,1,0.6725139989866875,None,,,,,10,45,45,0,641.0729652500013,,641.0644321659929,641.0729652500013,642.0555785000033,642.0555785000033,642.0555785000033,642.0555785000033,642.0637621250062,643.0560346660059,643.0560346660059,643.7310468749929,,,,,x,1,0.6725139989866875,None,parti5,001,2025-10-02_16h41.27.841,MotorSequenceLearning_NupurShah,,2025.1.1,118.38715263862605,2025-10-02 16h41.40.622515 +0530,
-50,x,46,46,11,x,1,0.7658388749987353,None,,,,,11,46,46,0,643.7412124580005,,643.7315190410009,643.7412124580005,644.7317531659937,644.7317531659937,644.7317531659937,644.7317531659937,644.7398665410001,645.7307042080065,645.7307042080065,646.4980127080053,,,,,x,1,0.7658388749987353,None,parti5,001,2025-10-02_16h41.27.841,MotorSequenceLearning_NupurShah,,2025.1.1,118.38715263862605,2025-10-02 16h41.40.622515 +0530,
50,c,47,47,16,c,1,1.0972563329996774,None,,,,,16,47,47,2,646.5228277910064,,646.4986131250043,646.5228277910064,647.4986832499999,647.4986832499999,647.4986832499999,647.4986832499999,647.5142184160068,648.4973002500046,648.4973002500046,649.5979751660052,,,,,c,1,1.0972563329996774,None,parti5,001,2025-10-02_16h41.27.841,MotorSequenceLearning_NupurShah,,2025.1.1,118.38715263862605,2025-10-02 16h41.40.622515 +0530,
-50,x,48,48,12,x,1,1.2922554990072967,None,,,,,12,48,48,0,649.6081696659967,,649.5984701249981,649.6081696659967,650.598253624994,650.598253624994,650.598253624994,650.598253624994,650.606160041003,651.5972659580002,651.5972659580002,652.890871333002,,,,,x,1,1.2922554990072967,None,parti5,001,2025-10-02_16h41.27.841,MotorSequenceLearning_NupurShah,,2025.1.1,118.38715263862605,2025-10-02 16h41.40.622515 +0530,
-50,x,49,49,13,x,1,0.39292191599088255,None,,,,,13,49,49,0,652.8975650409993,,652.8913817499997,652.8975650409993,653.8894936659926,653.8894936659926,653.8894936659926,653.8894936659926,653.8894936659926,654.8894987910026,654.8894987910026,655.2906421660009,,,,,x,1,0.39292191599088255,None,parti5,001,2025-10-02_16h41.27.841,MotorSequenceLearning_NupurShah,,2025.1.1,118.38715263862605,2025-10-02 16h41.40.622515 +0530,
150,v,50,50,11,v,1,1.4726355410093674,None,,,,,11,50,50,1,655.3004482499964,,655.2911451660038,655.3004482499964,656.2821838749951,656.2821838749951,656.2821838749951,656.2821838749951,656.2975900409947,657.281773708004,657.281773708004,658.7575939579983,,,,,v,1,1.4726355410093674,None,parti5,001,2025-10-02_16h41.27.841,MotorSequenceLearning_NupurShah,,2025.1.1,118.38715263862605,2025-10-02 16h41.40.622515 +0530,
-150,z,51,51,8,z,1,1.939297416000045,None,,,,,8,51,51,3,658.7675046660006,,658.7580902079935,658.7675046660006,659.7557911659969,659.7557911659969,659.7557911659969,659.7557911659969,659.7636191659985,660.7561886659969,660.7561886659969,662.6976512910041,,,,,z,1,1.939297416000045,None,parti5,001,2025-10-02_16h41.27.841,MotorSequenceLearning_NupurShah,,2025.1.1,118.38715263862605,2025-10-02 16h41.40.622515 +0530,
-50,x,52,52,14,x,1,2.379884915993898,None,,,,,14,52,52,0,662.7061933329969,,662.698143415997,662.7061933329969,663.6897113750019,663.6897113750019,663.6897113750019,663.6897113750019,663.6973314999923,664.6895870000008,664.6895870000008,667.074450250002,,,,,x,1,2.379884915993898,None,parti5,001,2025-10-02_16h41.27.841,MotorSequenceLearning_NupurShah,,2025.1.1,118.38715263862605,2025-10-02 16h41.40.622515 +0530,
150,v,53,53,12,v,1,1.6054244999977527,None,,,,,12,53,53,1,667.0846929580002,,667.0750445000012,667.0846929580002,668.0730086249969,668.0730086249969,668.0730086249969,668.0730086249969,668.0807877500047,669.0730067910044,669.0730067910044,670.6816807080031,,,,,v,1,1.6054244999977527,None,parti5,001,2025-10-02_16h41.27.841,MotorSequenceLearning_NupurShah,,2025.1.1,118.38715263862605,2025-10-02 16h41.40.622515 +0530,
-50,x,54,54,15,x,1,0.987469665997196,None,,,,,15,54,54,0,670.6919637499959,,670.6821818750032,670.6919637499959,671.6817356249958,671.6817356249958,671.6817356249958,671.6817356249958,671.6897553750023,672.6810406250006,672.6810406250006,673.6745245000056,,,,,x,1,0.987469665997196,None,parti5,001,2025-10-02_16h41.27.841,MotorSequenceLearning_NupurShah,,2025.1.1,118.38715263862605,2025-10-02 16h41.40.622515 +0530,
-150,z,55,55,9,z,1,1.8011968330101809,None,,,,,9,55,55,3,673.6844897080009,,673.6751210410002,673.6844897080009,674.6730402499961,674.6730402499961,674.6730402499961,674.6730402499961,674.6807448750042,675.6730489579932,675.6730489579932,677.4814637910022,,,,,z,1,1.8011968330101809,None,parti5,001,2025-10-02_16h41.27.841,MotorSequenceLearning_NupurShah,,2025.1.1,118.38715263862605,2025-10-02 16h41.40.622515 +0530,
-50,x,56,56,16,x,1,1.674051874986617,None,,,,,16,56,56,0,677.4917951249954,,677.4819684160029,677.4917951249954,678.4822007079929,678.4822007079929,678.4822007079929,678.4822007079929,678.4904062499991,679.4731385829946,679.4731385829946,681.1575750829943,,,,,x,1,1.674051874986617,None,parti5,001,2025-10-02_16h41.27.841,MotorSequenceLearning_NupurShah,,2025.1.1,118.38715263862605,2025-10-02 16h41.40.622515 +0530,
50,c,57,57,17,c,1,1.1987293739948655,None,,,,,17,57,57,2,681.1673673329933,,681.1580796250055,681.1673673329933,682.1492262079992,682.1492262079992,682.1492262079992,682.1492262079992,682.1656145830057,683.1475170829945,683.1475170829945,684.3478584160039,,,,,c,1,1.1987293739948655,None,parti5,001,2025-10-02_16h41.27.841,MotorSequenceLearning_NupurShah,,2025.1.1,118.38715263862605,2025-10-02 16h41.40.622515 +0530,
-50,x,58,58,17,x,1,0.9413566659932258,None,,,,,17,58,58,0,684.3579560829967,,684.3483369580063,684.3579560829967,685.3398684580025,685.3398684580025,685.3398684580025,685.3398684580025,685.3559736659954,686.3398712079943,686.3398712079943,687.2906073750055,,,,,x,1,0.9413566659932258,None,parti5,001,2025-10-02_16h41.27.841,MotorSequenceLearning_NupurShah,,2025.1.1,118.38715263862605,2025-10-02 16h41.40.622515 +0530,
150,v,59,59,13,v,1,1.2554532070062123,None,,,,,13,59,59,1,687.2999853329966,,687.2910887500038,687.2999853329966,688.282411082997,688.282411082997,688.282411082997,688.282411082997,688.2904554999986,689.2808851250011,689.2808851250011,690.5414692079939,,,,,v,1,1.2554532070062123,None,parti5,001,2025-10-02_16h41.27.841,MotorSequenceLearning_NupurShah,,2025.1.1,118.38715263862605,2025-10-02 16h41.40.622515 +0530,
150,v,60,60,14,v,1,1.1461269580031512,None,,,,,14,60,60,1,690.5514657909953,,690.5421333749982,690.5514657909953,691.539904833,691.539904833,691.539904833,691.539904833,691.5474903330032,692.5401904580067,692.5401904580067,693.6913093329931,,,,,v,1,1.1461269580031512,None,parti5,001,2025-10-02_16h41.27.841,MotorSequenceLearning_NupurShah,,2025.1.1,118.38715263862605,2025-10-02 16h41.40.622515 +0530,
50,c,61,61,18,c,1,1.2630471660086187,None,,,,,18,61,61,2,693.7007300410041,,693.6918265830027,693.7007300410041,694.690131166004,694.690131166004,694.690131166004,694.690131166004,694.6977855830046,695.6902322499955,695.6902322499955,696.9585873750038,,,,,c,1,1.2630471660086187,None,parti5,001,2025-10-02_16h41.27.841,MotorSequenceLearning_NupurShah,,2025.1.1,118.38715263862605,2025-10-02 16h41.40.622515 +0530,
50,c,62,62,19,c,1,0.7704504159919452,None,,,,,19,62,62,2,696.9684974580014,,696.9592809580063,696.9684974580014,697.9562975830049,697.9562975830049,697.9562975830049,697.9562975830049,697.9644659159967,698.9567037079978,698.9567037079978,699.7318570409989,,,,,c,1,0.7704504159919452,None,parti5,001,2025-10-02_16h41.27.841,MotorSequenceLearning_NupurShah,,2025.1.1,118.38715263862605,2025-10-02 16h41.40.622515 +0530,
-50,x,63,63,18,x,1,1.8009067499951925,None,,,,,18,63,63,0,699.7566965000005,,699.7324340409978,699.7566965000005,700.7324891659955,700.7324891659955,700.7324891659955,700.7324891659955,700.7480085410061,701.7312540830026,701.7312540830026,703.5415160410048,,,,,x,1,1.8009067499951925,None,parti5,001,2025-10-02_16h41.27.841,MotorSequenceLearning_NupurShah,,2025.1.1,118.38715263862605,2025-10-02 16h41.40.622515 +0530,
50,c,64,64,20,c,1,1.806988791009644,None,,,,,20,64,64,2,703.5516880409996,,703.5420530830015,703.5516880409996,704.5395969999954,704.5395969999954,704.5395969999954,704.5395969999954,704.5473557079968,705.5400911250035,705.5400911250035,707.3490261660045,,,,,c,1,1.806988791009644,None,parti5,001,2025-10-02_16h41.27.841,MotorSequenceLearning_NupurShah,,2025.1.1,118.38715263862605,2025-10-02 16h41.40.622515 +0530,
-50,x,65,65,19,x,1,1.0220381660037674,None,,,,,19,65,65,0,707.3736269579967,,707.3495804580016,707.3736269579967,708.3492525409965,708.3492525409965,708.3492525409965,708.3492525409965,708.3649114159925,709.3490161660011,709.3490161660011,710.3746187499928,,,,,x,1,1.0220381660037674,None,parti5,001,2025-10-02_16h41.27.841,MotorSequenceLearning_NupurShah,,2025.1.1,118.38715263862605,2025-10-02 16h41.40.622515 +0530,
50,c,66,66,21,c,1,0.8819760829937877,None,,,,,21,66,66,2,710.3844865830033,,710.3751279999997,710.3844865830033,711.3659409999964,711.3659409999964,711.3659409999964,711.3659409999964,711.381780583004,712.3650199160038,712.3650199160038,713.2493801660021,,,,,c,1,0.8819760829937877,None,parti5,001,2025-10-02_16h41.27.841,MotorSequenceLearning_NupurShah,,2025.1.1,118.38715263862605,2025-10-02 16h41.40.622515 +0530,
-150,z,67,67,10,z,1,1.5539750820025802,None,,,,,10,67,67,3,713.2738269999973,,713.2499119160057,713.2738269999973,714.2490351659944,714.2490351659944,714.2490351659944,714.2490351659944,714.2642170829931,715.2481499160058,715.2481499160058,716.8085741660034,,,,,z,1,1.5539750820025802,None,parti5,001,2025-10-02_16h41.27.841,MotorSequenceLearning_NupurShah,,2025.1.1,118.38715263862605,2025-10-02 16h41.40.622515 +0530,
50,c,68,68,22,v,0,1.4431263740116265,None,,,,,22,68,68,2,716.818991291002,,716.8091923330066,716.818991291002,717.8069522909936,717.8069522909936,717.8069522909936,717.8069522909936,717.8146574160055,718.8068745829951,718.8068745829951,720.2584081249952,,,,,v,0,1.4431263740116265,None,parti5,001,2025-10-02_16h41.27.841,MotorSequenceLearning_NupurShah,,2025.1.1,118.38715263862605,2025-10-02 16h41.40.622515 +0530,
150,v,69,69,15,v,1,0.7830916239909129,None,,,,,15,69,69,1,720.268162583001,,720.2589440409938,720.268162583001,721.2564514999976,721.2564514999976,721.2564514999976,721.2564514999976,721.2641249159933,722.256912249999,722.256912249999,723.1050083330047,,,,,v,1,0.7830916239909129,None,parti5,001,2025-10-02_16h41.27.841,MotorSequenceLearning_NupurShah,,2025.1.1,118.38715263862605,2025-10-02 16h41.40.622515 +0530,
-50,x,70,70,20,x,1,1.3348923750018002,None,,,,,20,70,70,0,723.1171093750017,,723.1052712910023,723.1171093750017,724.0996360410063,724.0996360410063,724.0996360410063,724.0996360410063,724.1076971250004,725.0990657079965,725.0990657079965,726.4416333330009,,,,,x,1,1.3348923750018002,None,parti5,001,2025-10-02_16h41.27.841,MotorSequenceLearning_NupurShah,,2025.1.1,118.38715263862605,2025-10-02 16h41.40.622515 +0530,
50,c,71,71,23,c,1,0.8985063330037519,None,,,,,23,71,71,2,726.4514032909938,,726.4421510829998,726.4514032909938,727.4398436250049,727.4398436250049,727.4398436250049,727.4398436250049,727.4475261659973,728.440384415997,728.440384415997,729.341711874993,,,,,c,1,0.8985063330037519,None,parti5,001,2025-10-02_16h41.27.841,MotorSequenceLearning_NupurShah,,2025.1.1,118.38715263862605,2025-10-02 16h41.40.622515 +0530,
50,c,72,72,24,c,1,1.06832375000522,None,,,,,24,72,72,2,729.3518977909989,,729.3422763749986,729.3518977909989,730.3398323330039,730.3398323330039,730.3398323330039,730.3398323330039,730.3471894999966,731.3403708749975,731.3403708749975,732.4162498749938,,,,,c,1,1.06832375000522,None,parti5,001,2025-10-02_16h41.27.841,MotorSequenceLearning_NupurShah,,2025.1.1,118.38715263862605,2025-10-02 16h41.40.622515 +0530,
150,v,73,73,16,v,1,1.0869197490101214,None,,,,,16,73,73,1,732.4406017080037,,732.4167725409934,732.4406017080037,733.4160084159957,733.4160084159957,733.4160084159957,733.4160084159957,733.4314383330056,734.4149429579993,734.4149429579993,735.508583791001,,,,,v,1,1.0869197490101214,None,parti5,001,2025-10-02_16h41.27.841,MotorSequenceLearning_NupurShah,,2025.1.1,118.38715263862605,2025-10-02 16h41.40.622515 +0530,
-150,z,74,74,11,z,1,1.4991724569990765,None,,,,,11,74,74,3,735.5187211250013,,735.5093087910063,735.5187211250013,736.5065906249947,736.5065906249947,736.5065906249947,736.5065906249947,736.5140134579997,737.5065972500015,737.5065972500015,739.0087562499975,,,,,z,1,1.4991724569990765,None,parti5,001,2025-10-02_16h41.27.841,MotorSequenceLearning_NupurShah,,2025.1.1,118.38715263862605,2025-10-02 16h41.40.622515 +0530,
50,c,75,75,25,c,1,1.711063248993014,None,,,,,25,75,75,2,739.0192309999984,,739.009347750005,739.0192309999984,740.0068166660058,740.0068166660058,740.0068166660058,740.0068166660058,740.0151277080004,741.0066406660044,741.0066406660044,742.7253102079994,,,,,c,1,1.711063248993014,None,parti5,001,2025-10-02_16h41.27.841,MotorSequenceLearning_NupurShah,,2025.1.1,118.38715263862605,2025-10-02 16h41.40.622515 +0530,
-150,z,76,76,12,z,1,1.1109861660079332,None,,,,,12,76,76,3,742.7353834999958,,742.7258710000024,742.7353834999958,743.7238405829994,743.7238405829994,743.7238405829994,743.7238405829994,743.7324197910057,744.7238209579955,744.7238209579955,745.8421295830049,,,,,z,1,1.1109861660079332,None,parti5,001,2025-10-02_16h41.27.841,MotorSequenceLearning_NupurShah,,2025.1.1,118.38715263862605,2025-10-02 16h41.40.622515 +0530,
150,v,77,77,17,v,1,1.2549513330013724,None,,,,,17,77,77,1,745.852920749996,,745.8427390830038,745.852920749996,746.840003499994,746.840003499994,746.840003499994,746.840003499994,746.8477047500055,747.8408295410045,747.8408295410045,749.098897666001,,,,,v,1,1.2549513330013724,None,parti5,001,2025-10-02_16h41.27.841,MotorSequenceLearning_NupurShah,,2025.1.1,118.38715263862605,2025-10-02 16h41.40.622515 +0530,
-150,z,78,78,13,z,1,1.416048081999179,None,,,,,13,78,78,3,749.1087291250005,,749.0994110409956,749.1087291250005,750.0997173749929,750.0997173749929,750.0997173749929,750.0997173749929,750.1077553749928,751.0905470830039,751.0905470830039,752.5086173330055,,,,,z,1,1.416048081999179,None,parti5,001,2025-10-02_16h41.27.841,MotorSequenceLearning_NupurShah,,2025.1.1,118.38715263862605,2025-10-02 16h41.40.622515 +0530,
150,v,79,79,18,v,1,1.3933112489903579,None,,,,,18,79,79,1,752.5153284160042,,752.5091289999982,752.5153284160042,753.5068005000066,753.5068005000066,753.5068005000066,753.5068005000066,753.5068005000066,754.5073192499985,754.5073192499985,755.9084431249939,,,,,v,1,1.3933112489903579,None,parti5,001,2025-10-02_16h41.27.841,MotorSequenceLearning_NupurShah,,2025.1.1,118.38715263862605,2025-10-02 16h41.40.622515 +0530,
-150,z,80,80,14,z,1,2.0761706240009516,None,,,,,14,80,80,3,755.9181297080067,,755.9089744579978,755.9181297080067,756.8996413749992,756.8996413749992,756.8996413749992,756.8996413749992,756.9148438330012,757.8983703749982,757.8983703749982,759.9822909579962,,,,,z,1,2.0761706240009516,None,parti5,001,2025-10-02_16h41.27.841,MotorSequenceLearning_NupurShah,,2025.1.1,118.38715263862605,2025-10-02 16h41.40.622515 +0530,
50,c,81,81,26,c,1,2.596261166007025,None,,,,,26,81,81,2,759.9924337499979,,759.9827851250011,759.9924337499979,760.9829212909972,760.9829212909972,760.9829212909972,760.9829212909972,760.9902960409963,761.9740067910025,761.9740067910025,764.5754766659957,,,,,c,1,2.596261166007025,None,parti5,001,2025-10-02_16h41.27.841,MotorSequenceLearning_NupurShah,,2025.1.1,118.38715263862605,2025-10-02 16h41.40.622515 +0530,
150,v,82,82,19,v,1,1.059218458001851,None,,,,,19,82,82,1,764.5849850410013,,764.5759897079988,764.5849850410013,765.5742020409962,765.5742020409962,765.5742020409962,765.5742020409962,765.5818421250005,766.5740984159929,766.5740984159929,767.6421812500048,,,,,v,1,1.059218458001851,None,parti5,001,2025-10-02_16h41.27.841,MotorSequenceLearning_NupurShah,,2025.1.1,118.38715263862605,2025-10-02 16h41.40.622515 +0530,
50,c,83,83,27,c,1,2.5877522910013795,None,,,,,27,83,83,2,767.6514902079944,,767.6426910409937,767.6514902079944,768.6407910830021,768.6407910830021,768.6407910830021,768.6407910830021,768.6484998329979,769.6408706660004,769.6408706660004,772.2328694159951,,,,,c,1,2.5877522910013795,None,parti5,001,2025-10-02_16h41.27.841,MotorSequenceLearning_NupurShah,,2025.1.1,118.38715263862605,2025-10-02 16h41.40.622515 +0530,
-150,z,84,84,15,z,1,1.3523885410104413,None,,,,,15,84,84,3,772.2427135000034,,772.2333823749941,772.2427135000034,773.2329610830056,773.2329610830056,773.2329610830056,773.2329610830056,773.2408775829972,774.2323090410064,774.2323090410064,775.5924788330012,,,,,z,1,1.3523885410104413,None,parti5,001,2025-10-02_16h41.27.841,MotorSequenceLearning_NupurShah,,2025.1.1,118.38715263862605,2025-10-02 16h41.40.622515 +0530,
-150,z,85,85,16,z,1,1.653597248994629,None,,,,,16,85,85,3,775.6027316249965,,775.5930821249931,775.6027316249965,776.5908965410053,776.5908965410053,776.5908965410053,776.5908965410053,776.5984917500027,777.5909622909967,777.5909622909967,779.249911166,,,,,z,1,1.653597248994629,None,parti5,001,2025-10-02_16h41.27.841,MotorSequenceLearning_NupurShah,,2025.1.1,118.38715263862605,2025-10-02 16h41.40.622515 +0530,
50,c,86,86,28,c,1,1.2724677079968387,None,,,,,28,86,86,2,779.2604760410031,,779.2505000829988,779.2604760410031,780.2501564160048,780.2501564160048,780.2501564160048,780.2501564160048,780.2582279159978,781.2491733750066,781.2491733750066,782.5256551250059,,,,,c,1,1.2724677079968387,None,parti5,001,2025-10-02_16h41.27.841,MotorSequenceLearning_NupurShah,,2025.1.1,118.38715263862605,2025-10-02 16h41.40.622515 +0530,
-150,z,87,87,17,z,1,1.2132790410105372,None,,,,,17,87,87,3,782.5349864580057,,782.5261610000016,782.5349864580057,783.5238433329941,783.5238433329941,783.5238433329941,783.5238433329941,783.5320302079926,784.5243294999964,784.5243294999964,785.7423615000007,,,,,z,1,1.2132790410105372,None,parti5,001,2025-10-02_16h41.27.841,MotorSequenceLearning_NupurShah,,2025.1.1,118.38715263862605,2025-10-02 16h41.40.622515 +0530,
50,c,88,88,29,c,1,1.1563005000061821,None,,,,,29,88,88,2,785.7524778329971,,785.7429447080067,785.7524778329971,786.740535082994,786.740535082994,786.740535082994,786.740535082994,786.7483702500031,787.7410247499938,787.7410247499938,788.899326083003,,,,,c,1,1.1563005000061821,None,parti5,001,2025-10-02_16h41.27.841,MotorSequenceLearning_NupurShah,,2025.1.1,118.38715263862605,2025-10-02 16h41.40.622515 +0530,
-50,x,89,89,21,x,1,0.9444395000027725,None,,,,,21,89,89,0,788.9093937500002,,788.8998421659926,788.9093937500002,789.9002214159991,789.9002214159991,789.9002214159991,789.9002214159991,789.9082330829988,790.8910837500007,790.8910837500007,791.8424079999968,,,,,x,1,0.9444395000027725,None,parti5,001,2025-10-02_16h41.27.841,MotorSequenceLearning_NupurShah,,2025.1.1,118.38715263862605,2025-10-02 16h41.40.622515 +0530,
-50,x,90,90,22,x,1,0.70029362400237,None,,,,,22,90,90,0,791.851745041,,791.842896874994,791.851745041,792.8335058749944,792.8335058749944,792.8335058749944,792.8335058749944,792.8490197499923,793.8410355410015,793.8410355410015,794.549822874993,,,,,x,1,0.70029362400237,None,parti5,001,2025-10-02_16h41.27.841,MotorSequenceLearning_NupurShah,,2025.1.1,118.38715263862605,2025-10-02 16h41.40.622515 +0530,
-150,z,91,91,18,z,1,1.185467957999208,None,,,,,18,91,91,3,794.5600147910009,,794.5503186660062,794.5600147910009,795.549964040998,795.549964040998,795.549964040998,795.549964040998,795.5581512079953,796.5499880410061,796.5499880410061,797.7431667500059,,,,,z,1,1.185467957999208,None,parti5,001,2025-10-02_16h41.27.841,MotorSequenceLearning_NupurShah,,2025.1.1,118.38715263862605,2025-10-02 16h41.40.622515 +0530,
-150,z,92,92,19,z,1,0.8832172080001328,None,,,,,19,92,92,3,797.7529602499999,,797.7437892080052,797.7529602499999,798.7411009999923,798.7411009999923,798.7411009999923,798.7411009999923,798.7488912080007,799.7411981250043,799.7411981250043,800.6258238330047,,,,,z,1,0.8832172080001328,None,parti5,001,2025-10-02_16h41.27.841,MotorSequenceLearning_NupurShah,,2025.1.1,118.38715263862605,2025-10-02 16h41.40.622515 +0530,
-150,z,93,93,20,z,1,0.7257166659983341,None,,,,,20,93,93,3,800.6323992499965,,800.6263342909951,800.6323992499965,801.6239861659997,801.6239861659997,801.6239861659997,801.6239861659997,801.6239861659997,802.6245222500002,802.6245222500002,803.3592241659935,,,,,z,1,0.7257166659983341,None,parti5,001,2025-10-02_16h41.27.841,MotorSequenceLearning_NupurShah,,2025.1.1,118.38715263862605,2025-10-02 16h41.40.622515 +0530,
150,v,94,94,20,v,1,1.4593873329868075,None,,,,,20,94,94,1,803.3702871249989,,803.3598085410049,803.3702871249989,804.3574284159986,804.3574284159986,804.3574284159986,804.3574284159986,804.365121625,805.3578585829964,805.3578585829964,806.8261837080063,,,,,v,1,1.4593873329868075,None,parti5,001,2025-10-02_16h41.27.841,MotorSequenceLearning_NupurShah,,2025.1.1,118.38715263862605,2025-10-02 16h41.40.622515 +0530,
-150,z,95,95,21,z,1,1.8307915819896152,None,,,,,21,95,95,3,806.8364764159924,,806.8268176249985,806.8364764159924,807.8246640409925,807.8246640409925,807.8246640409925,807.8246640409925,807.8323550000059,808.8245905829972,808.8245905829972,810.6594452080026,,,,,z,1,1.8307915819896152,None,parti5,001,2025-10-02_16h41.27.841,MotorSequenceLearning_NupurShah,,2025.1.1,118.38715263862605,2025-10-02 16h41.40.622515 +0530,
-50,x,96,96,23,x,1,0.8850107080070302,None,,,,,23,96,96,0,810.6695024999935,,810.6599811250053,810.6695024999935,811.658090500001,811.658090500001,811.658090500001,811.658090500001,811.6657670830027,812.6581072499976,812.6581072499976,813.5496853329969,,,,,x,1,0.8850107080070302,None,parti5,001,2025-10-02_16h41.27.841,MotorSequenceLearning_NupurShah,,2025.1.1,118.38715263862605,2025-10-02 16h41.40.622515 +0530,
-150,z,97,97,22,z,1,1.4949368329980643,None,,,,,22,97,97,3,813.5599797909963,,813.5501844999962,813.5599797909963,814.5506597500062,814.5506597500062,814.5506597500062,814.5506597500062,814.5588158750033,815.5412972079939,815.5412972079939,817.0424443749944,,,,,z,1,1.4949368329980643,None,parti5,001,2025-10-02_16h41.27.841,MotorSequenceLearning_NupurShah,,2025.1.1,118.38715263862605,2025-10-02 16h41.40.622515 +0530,
150,v,98,98,21,v,1,1.8053303319902625,None,,,,,21,98,98,1,817.0522296249983,,817.0429346250021,817.0522296249983,818.0339761249925,818.0339761249925,818.0339761249925,818.0339761249925,818.0491800409945,819.0329651250067,819.0329651250067,820.8428703329992,,,,,v,1,1.8053303319902625,None,parti5,001,2025-10-02_16h41.27.841,MotorSequenceLearning_NupurShah,,2025.1.1,118.38715263862605,2025-10-02 16h41.40.622515 +0530,
150,v,99,99,22,v,1,1.2288277500047116,None,,,,,22,99,99,1,820.8526682079973,,820.8433783329965,820.8526682079973,821.841395416006,821.841395416006,821.841395416006,821.841395416006,821.849159874997,822.8414359159942,822.8414359159942,824.0763017910067,,,,,v,1,1.2288277500047116,None,parti5,001,2025-10-02_16h41.27.841,MotorSequenceLearning_NupurShah,,2025.1.1,118.38715263862605,2025-10-02 16h41.40.622515 +0530,
150,v,100,100,23,v,1,1.7162956239917548,None,,,,,23,100,100,1,824.0863957499969,,824.0768937079993,824.0863957499969,825.074935208002,825.074935208002,825.074935208002,825.074935208002,825.0826744579972,826.0747446659952,826.0747446659952,827.7928637500008,,,,,v,1,1.7162956239917548,None,parti5,001,2025-10-02_16h41.27.841,MotorSequenceLearning_NupurShah,,2025.1.1,118.38715263862605,2025-10-02 16h41.40.622515 +0530,
50,c,101,101,30,c,1,1.467656666005496,None,,,,,30,101,101,2,827.8036736249924,,827.7934623329929,827.8036736249924,828.7918140410038,828.7918140410038,828.7918140410038,828.7918140410038,828.8001028330036,829.7914594159956,829.7914594159956,831.2667534999928,,,,,c,1,1.467656666005496,None,parti5,001,2025-10-02_16h41.27.841,MotorSequenceLearning_NupurShah,,2025.1.1,118.38715263862605,2025-10-02 16h41.40.622515 +0530,
150,v,102,102,24,v,1,1.9886607079970418,None,,,,,24,102,102,1,831.2915563330025,,831.2673595410015,831.2915563330025,832.2583804580063,832.2583804580063,832.2583804580063,832.2583804580063,832.2822481250041,833.2673499999946,833.2673499999946,835.2593641249987,,,,,v,1,1.9886607079970418,None,parti5,001,2025-10-02_16h41.27.841,MotorSequenceLearning_NupurShah,,2025.1.1,118.38715263862605,2025-10-02 16h41.40.622515 +0530,
-150,z,103,103,23,z,1,2.4903203319991007,None,,,,,23,103,103,3,835.2687579579942,,835.2598794160003,835.2687579579942,836.2507058750052,836.2507058750052,836.2507058750052,836.2507058750052,836.2662022909935,837.2502269999968,837.2502269999968,839.7430152500019,,,,,z,1,2.4903203319991007,None,parti5,001,2025-10-02_16h41.27.841,MotorSequenceLearning_NupurShah,,2025.1.1,118.38715263862605,2025-10-02 16h41.40.622515 +0530,
-150,z,104,104,24,z,1,0.8348996249987977,None,,,,,24,104,104,3,839.7534982499928,,839.7437639999989,839.7534982499928,840.7411327080044,840.7411327080044,840.7411327080044,840.7411327080044,840.7487775829941,841.741656875005,841.741656875005,842.5833638750046,,,,,z,1,0.8348996249987977,None,parti5,001,2025-10-02_16h41.27.841,MotorSequenceLearning_NupurShah,,2025.1.1,118.38715263862605,2025-10-02 16h41.40.622515 +0530,
-150,z,105,105,25,z,1,0.6469021660013823,None,,,,,25,105,105,3,842.5937240409985,,842.5838702500041,842.5937240409985,843.5841621659929,843.5841621659929,843.5841621659929,843.5841621659929,843.5923765000043,844.5837430829997,844.5837430829997,845.2331346660067,,,,,z,1,0.6469021660013823,None,parti5,001,2025-10-02_16h41.27.841,MotorSequenceLearning_NupurShah,,2025.1.1,118.38715263862605,2025-10-02 16h41.40.622515 +0530,
150,v,106,106,25,v,1,1.2514717080048285,None,,,,,25,106,106,1,845.243458375,,845.233631790994,845.243458375,846.2249670000019,846.2249670000019,846.2249670000019,846.2249670000019,846.2417233330052,847.2249903750053,847.2249903750053,848.4838648330042,,,,,v,1,1.2514717080048285,None,parti5,001,2025-10-02_16h41.27.841,MotorSequenceLearning_NupurShah,,2025.1.1,118.38715263862605,2025-10-02 16h41.40.622515 +0530,
150,v,107,107,26,v,1,1.4575589989981381,None,,,,,26,107,107,1,848.5086172909942,,848.4843740409997,848.5086172909942,849.4841664580017,849.4841664580017,849.4841664580017,849.4841664580017,849.4998656660027,850.4839408749976,850.4839408749976,851.9430132080015,,,,,v,1,1.4575589989981381,None,parti5,001,2025-10-02_16h41.27.841,MotorSequenceLearning_NupurShah,,2025.1.1,118.38715263862605,2025-10-02 16h41.40.622515 +0530,
50,c,108,108,31,c,1,1.2556523750099586,None,,,,,31,108,108,2,851.9495153750031,,851.943511000005,851.9495153750031,852.9344584999926,852.9344584999926,852.9344584999926,852.9344584999926,852.9422106249986,853.9338051660015,853.9338051660015,855.1933743749978,,,,,c,1,1.2556523750099586,None,parti5,001,2025-10-02_16h41.27.841,MotorSequenceLearning_NupurShah,,2025.1.1,118.38715263862605,2025-10-02 16h41.40.622515 +0530,
50,c,109,109,32,c,1,1.3846297910058638,None,,,,,32,109,109,2,855.2036866660055,,855.1940239999967,855.2036866660055,856.1918603749946,856.1918603749946,856.1918603749946,856.1918603749946,856.199248082994,857.1917795829941,857.1917795829941,858.5837872910051,,,,,c,1,1.3846297910058638,None,parti5,001,2025-10-02_16h41.27.841,MotorSequenceLearning_NupurShah,,2025.1.1,118.38715263862605,2025-10-02 16h41.40.622515 +0530,
150,v,110,110,27,v,1,1.3593647080124356,None,,,,,27,110,110,1,858.5940546659986,,858.5843117500044,858.5940546659986,859.5836790409958,859.5836790409958,859.5836790409958,859.5836790409958,859.591893165998,860.5830739999947,860.5830739999947,861.9500937080011,,,,,v,1,1.3593647080124356,None,parti5,001,2025-10-02_16h41.27.841,MotorSequenceLearning_NupurShah,,2025.1.1,118.38715263862605,2025-10-02 16h41.40.622515 +0530,
-150,z,111,111,26,z,1,1.9085872069990728,None,,,,,26,111,111,3,861.9604448330065,,861.9506154999981,861.9604448330065,862.9508916250052,862.9508916250052,862.9508916250052,862.9508916250052,862.9587509160046,863.9418649159925,863.9418649159925,865.8600697499933,,,,,z,1,1.9085872069990728,None,parti5,001,2025-10-02_16h41.27.841,MotorSequenceLearning_NupurShah,,2025.1.1,118.38715263862605,2025-10-02 16h41.40.622515 +0530,
-50,x,112,112,24,x,1,1.8055240819958271,None,,,,,24,112,112,0,865.8699721250014,,865.8605977910047,865.8699721250014,866.8585548330011,866.8585548330011,866.8585548330011,866.8585548330011,866.8662971659942,867.8589236660046,867.8589236660046,869.6671938749932,,,,,x,1,1.8055240819958271,None,parti5,001,2025-10-02_16h41.27.841,MotorSequenceLearning_NupurShah,,2025.1.1,118.38715263862605,2025-10-02 16h41.40.622515 +0530,
150,v,113,113,28,v,1,1.351428665991989,None,,,,,28,113,113,1,869.6775163330021,,869.6676923750056,869.6775163330021,870.669373124998,870.669373124998,870.669373124998,870.669373124998,870.692188083005,871.6669001660048,871.6669001660048,873.0268043749966,,,,,v,1,1.351428665991989,None,parti5,001,2025-10-02_16h41.27.841,MotorSequenceLearning_NupurShah,,2025.1.1,118.38715263862605,2025-10-02 16h41.40.622515 +0530,
150,v,114,114,29,v,1,1.1010492909990717,None,,,,,29,114,114,1,873.0371709580068,,873.027441290993,873.0371709580068,874.0253047909937,874.0253047909937,874.0253047909937,874.0253047909937,874.0329434580053,875.0253105000011,875.0253105000011,876.1338204579952,,,,,v,1,1.1010492909990717,None,parti5,001,2025-10-02_16h41.27.841,MotorSequenceLearning_NupurShah,,2025.1.1,118.38715263862605,2025-10-02 16h41.40.622515 +0530,
-150,z,115,115,27,z,1,2.413290665994282,None,,,,,27,115,115,3,876.1588452080032,,876.1344255000004,876.1588452080032,877.1342782909924,877.1342782909924,877.1342782909924,877.1342782909924,877.1497436659993,878.1337027910049,878.1337027910049,880.5510471250018,,,,,z,1,2.413290665994282,None,parti5,001,2025-10-02_16h41.27.841,MotorSequenceLearning_NupurShah,,2025.1.1,118.38715263862605,2025-10-02 16h41.40.622515 +0530,
150,v,116,116,30,v,1,1.5167290829995181,None,,,,,30,116,116,1,880.5610302910063,,880.5515684580023,880.5610302910063,881.5509874999989,881.5509874999989,881.5509874999989,881.5509874999989,881.5587943749997,882.5502379579993,882.5502379579993,884.076854125,,,,,v,1,1.5167290829995181,None,parti5,001,2025-10-02_16h41.27.841,MotorSequenceLearning_NupurShah,,2025.1.1,118.38715263862605,2025-10-02 16h41.40.622515 +0530,
-50,x,117,117,25,x,1,1.6418763330002548,None,,,,,25,117,117,0,884.0862670409988,,884.0773517079942,884.0862670409988,885.0749991659977,885.0749991659977,885.0749991659977,885.0749991659977,885.0826882499969,886.0750202079944,886.0750202079944,887.7266371250007,,,,,x,1,1.6418763330002548,None,parti5,001,2025-10-02_16h41.27.841,MotorSequenceLearning_NupurShah,,2025.1.1,118.38715263862605,2025-10-02 16h41.40.622515 +0530,
50,c,118,118,33,c,1,0.9414571660017828,None,,,,,33,118,118,2,887.7362074160046,,887.7271533330058,887.7362074160046,888.7187278750062,888.7187278750062,888.7187278750062,888.7187278750062,888.7263066250016,889.7254152910027,889.7254152910027,890.6769083749969,,,,,c,1,0.9414571660017828,None,parti5,001,2025-10-02_16h41.27.841,MotorSequenceLearning_NupurShah,,2025.1.1,118.38715263862605,2025-10-02 16h41.40.622515 +0530,
-50,x,119,119,26,x,1,1.4899464990012348,None,,,,,26,119,119,0,890.6867354580027,,890.6774034580012,890.6867354580027,891.675001208001,891.675001208001,891.675001208001,891.675001208001,891.6826512910047,892.6759984160017,892.6759984160017,894.1672484580049,,,,,x,1,1.4899464990012348,None,parti5,001,2025-10-02_16h41.27.841,MotorSequenceLearning_NupurShah,,2025.1.1,118.38715263862605,2025-10-02 16h41.40.622515 +0530,
150,v,120,120,31,v,1,1.6042927910020808,None,,,,,31,120,120,1,894.1750093330047,,894.1677567080042,894.1750093330047,895.167426999993,895.167426999993,895.167426999993,895.167426999993,895.167426999993,896.1666826250002,896.1666826250002,897.7770944160002,,,,,v,1,1.6042927910020808,None,parti5,001,2025-10-02_16h41.27.841,MotorSequenceLearning_NupurShah,,2025.1.1,118.38715263862605,2025-10-02 16h41.40.622515 +0530,
150,v,121,121,32,v,1,0.7961813319998328,None,,,,,32,121,121,1,897.7879152499954,,897.7777042079979,897.7879152499954,898.7750919579994,898.7750919579994,898.7750919579994,898.7750919579994,898.7826865829993,899.775715708005,899.775715708005,900.5769622910011,,,,,v,1,0.7961813319998328,None,parti5,001,2025-10-02_16h41.27.841,MotorSequenceLearning_NupurShah,,2025.1.1,118.38715263862605,2025-10-02 16h41.40.622515 +0530,
150,v,122,122,33,v,1,0.7521143329940969,None,,,,,33,122,122,1,900.5866519160045,,900.5774609159998,900.5866519160045,901.5752784999931,901.5752784999931,901.5752784999931,901.5752784999931,901.5835483749979,902.5757132080034,902.5757132080034,903.3343242499977,,,,,v,1,0.7521143329940969,None,parti5,001,2025-10-02_16h41.27.841,MotorSequenceLearning_NupurShah,,2025.1.1,118.38715263862605,2025-10-02 16h41.40.622515 +0530,
-150,z,123,123,28,z,1,2.2736844989995006,None,,,,,28,123,123,3,903.344390875005,,903.3348514160025,903.344390875005,904.3348548749927,904.3348548749927,904.3348548749927,904.3348548749927,904.3427689579985,905.3337836660066,905.3337836660066,907.6103859160066,,,,,z,1,2.2736844989995006,None,parti5,001,2025-10-02_16h41.27.841,MotorSequenceLearning_NupurShah,,2025.1.1,118.38715263862605,2025-10-02 16h41.40.622515 +0530,
-50,x,124,124,27,x,1,1.1505735410028137,None,,,,,27,124,124,0,907.6197617080034,,907.6108859999949,907.6197617080034,908.608734333,908.608734333,908.608734333,908.608734333,908.6164502080064,909.6090243329963,909.6090243329963,910.7682550000027,,,,,x,1,1.1505735410028137,None,parti5,001,2025-10-02_16h41.27.841,MotorSequenceLearning_NupurShah,,2025.1.1,118.38715263862605,2025-10-02 16h41.40.622515 +0530,
-150,z,125,125,29,z,1,1.3616514160094084,None,,,,,29,125,125,3,910.7786726659979,,910.7687649580039,910.7786726659979,911.7684533749998,911.7684533749998,911.7684533749998,911.7684533749998,911.7765073329938,912.7678059580066,912.7678059580066,914.134332665999,,,,,z,1,1.3616514160094084,None,parti5,001,2025-10-02_16h41.27.841,MotorSequenceLearning_NupurShah,,2025.1.1,118.38715263862605,2025-10-02 16h41.40.622515 +0530,
-50,x,126,126,28,x,1,1.7157032910035923,None,,,,,28,126,126,0,914.1445247499942,,914.134852749994,914.1445247499942,915.1344984580064,915.1344984580064,915.1344984580064,915.1344984580064,915.1420662080054,916.1346522910026,916.1346522910026,917.8605584159959,,,,,x,1,1.7157032910035923,None,parti5,001,2025-10-02_16h41.27.841,MotorSequenceLearning_NupurShah,,2025.1.1,118.38715263862605,2025-10-02 16h41.40.622515 +0530,
-150,z,127,127,30,z,1,1.3272477489954326,None,,,,,30,127,127,3,917.8700001249963,,917.8610809579986,917.8700001249963,918.8514283749973,918.8514283749973,918.8514283749973,918.8514283749973,918.8677453749988,919.8591519159963,919.8591519159963,921.1938667499926,,,,,z,1,1.3272477489954326,None,parti5,001,2025-10-02_16h41.27.841,MotorSequenceLearning_NupurShah,,2025.1.1,118.38715263862605,2025-10-02 16h41.40.622515 +0530,
150,v,128,128,34,v,1,1.5013210820034146,None,,,,,34,128,128,1,921.2039490000025,,921.1946276660019,921.2039490000025,922.1920847080037,922.1920847080037,922.1920847080037,922.1920847080037,922.1997384160059,923.1920735000022,923.1920735000022,924.7010822080047,,,,,v,1,1.5013210820034146,None,parti5,001,2025-10-02_16h41.27.841,MotorSequenceLearning_NupurShah,,2025.1.1,118.38715263862605,2025-10-02 16h41.40.622515 +0530,
50,c,129,129,34,c,1,1.590014624001924,None,,,,,34,129,129,2,924.7259089580039,,924.701731041001,924.7259089580039,925.7015165409975,925.7015165409975,925.7015165409975,925.7015165409975,925.7171704999928,926.7003401249967,926.7003401249967,928.2941605829983,,,,,c,1,1.590014624001924,None,parti5,001,2025-10-02_16h41.27.841,MotorSequenceLearning_NupurShah,,2025.1.1,118.38715263862605,2025-10-02 16h41.40.622515 +0530,
150,v,130,130,35,v,1,1.2504313319950597,None,,,,,35,130,130,1,928.3047119999974,,928.294755875002,928.3047119999974,929.2922133749962,929.2922133749962,929.2922133749962,929.2922133749962,929.2998407499981,930.292939291001,930.292939291001,931.5507815000019,,,,,v,1,1.2504313319950597,None,parti5,001,2025-10-02_16h41.27.841,MotorSequenceLearning_NupurShah,,2025.1.1,118.38715263862605,2025-10-02 16h41.40.622515 +0530,
50,c,131,131,35,v,0,1.563654249010142,None,,,,,35,131,131,2,931.5603957499989,,931.5511987079954,931.5603957499989,932.5420845409972,932.5420845409972,932.5420845409972,932.5420845409972,932.5595989580033,933.5426699579984,933.5426699579984,935.1107469999988,,,,,v,0,1.563654249010142,None,parti5,001,2025-10-02_16h41.27.841,MotorSequenceLearning_NupurShah,,2025.1.1,118.38715263862605,2025-10-02 16h41.40.622515 +0530,
50,c,132,132,36,v,0,0.6299967910017585,None,,,,,36,132,132,2,935.1214712079964,,935.1113499579951,935.1214712079964,936.1089560830005,936.1089560830005,936.1089560830005,936.1089560830005,936.1166304999933,937.1093852500053,937.1093852500053,937.7437677080015,,,,,v,0,0.6299967910017585,None,parti5,001,2025-10-02_16h41.27.841,MotorSequenceLearning_NupurShah,,2025.1.1,118.38715263862605,2025-10-02 16h41.40.622515 +0530,
150,v,133,133,36,b,0,1.2442666250135517,None,,,,,36,133,133,1,937.7529955829959,,937.7442840830045,937.7529955829959,938.7347950830008,938.7347950830008,938.7347950830008,938.7347950830008,938.7495532909961,939.742978291004,939.742978291004,940.9937013330054,,,,,b,0,1.2442666250135517,None,parti5,001,2025-10-02_16h41.27.841,MotorSequenceLearning_NupurShah,,2025.1.1,118.38715263862605,2025-10-02 16h41.40.622515 +0530,
-150,z,134,134,31,z,1,1.5190361659915652,None,,,,,31,134,134,3,941.0027370409953,,940.994093375004,941.0027370409953,941.9854610000039,941.9854610000039,941.9854610000039,941.9854610000039,941.9935580830061,942.9842475000041,942.9842475000041,944.5108449580002,,,,,z,1,1.5190361659915652,None,parti5,001,2025-10-02_16h41.27.841,MotorSequenceLearning_NupurShah,,2025.1.1,118.38715263862605,2025-10-02 16h41.40.622515 +0530,
-150,z,135,135,32,z,1,0.8095787069905782,None,,,,,32,135,135,3,944.5207747079985,,944.5113606660016,944.5207747079985,945.5090094159968,945.5090094159968,945.5090094159968,945.5090094159968,945.5167695830023,946.5094721250061,946.5094721250061,947.3268225829961,,,,,z,1,0.8095787069905782,None,parti5,001,2025-10-02_16h41.27.841,MotorSequenceLearning_NupurShah,,2025.1.1,118.38715263862605,2025-10-02 16h41.40.622515 +0530,
-150,z,136,136,33,z,1,0.7828382489969954,None,,,,,33,136,136,3,947.3362567080039,,947.3273321659944,947.3362567080039,948.3189658329939,948.3189658329939,948.3189658329939,948.3189658329939,948.3269776660018,949.3172580829996,949.3172580829996,950.101359207998,,,,,z,1,0.7828382489969954,None,parti5,001,2025-10-02_16h41.27.841,MotorSequenceLearning_NupurShah,,2025.1.1,118.38715263862605,2025-10-02 16h41.40.622515 +0530,
-150,z,137,137,34,z,1,0.7432254579907749,None,,,,,34,137,137,3,950.1117041660036,,950.101851540996,950.1117041660036,951.1016792500013,951.1016792500013,951.1016792500013,951.1016792500013,951.1096260829945,952.0929208330053,952.0929208330053,952.8440723329986,,,,,z,1,0.7432254579907749,None,parti5,001,2025-10-02_16h41.27.841,MotorSequenceLearning_NupurShah,,2025.1.1,118.38715263862605,2025-10-02 16h41.40.622515 +0530,
-150,z,138,138,35,z,1,0.7896592500037514,None,,,,,35,138,138,3,952.8534780829941,,952.8445722909964,952.8534780829941,953.8423495830066,953.8423495830066,953.8423495830066,953.8423495830066,953.8498720829957,954.8343917080056,954.8343917080056,955.6271714159957,,,,,z,1,0.7896592500037514,None,parti5,001,2025-10-02_16h41.27.841,MotorSequenceLearning_NupurShah,,2025.1.1,118.38715263862605,2025-10-02 16h41.40.622515 +0530,
50,c,139,139,37,c,1,2.200144582995563,None,,,,,37,139,139,2,955.6373923329957,,955.6277191249974,955.6373923329957,956.6185269160051,956.6185269160051,956.6185269160051,956.6185269160051,956.6333191250014,957.6185441249982,957.6185441249982,959.8270182499982,,,,,c,1,2.200144582995563,None,parti5,001,2025-10-02_16h41.27.841,MotorSequenceLearning_NupurShah,,2025.1.1,118.38715263862605,2025-10-02 16h41.40.622515 +0530,
-50,x,140,140,29,x,1,0.8426899159967434,None,,,,,29,140,140,0,959.8364514999994,,959.8275247080019,959.8364514999994,960.8186953749973,960.8186953749973,960.8186953749973,960.8186953749973,960.8342072910018,961.8257914580026,961.8257914580026,962.6773356659978,,,,,x,1,0.8426899159967434,None,parti5,001,2025-10-02_16h41.27.841,MotorSequenceLearning_NupurShah,,2025.1.1,118.38715263862605,2025-10-02 16h41.40.622515 +0530,
-50,x,141,141,30,x,1,0.8137046250049025,None,,,,,30,141,141,0,962.6874627910001,,962.6779128329945,962.6874627910001,963.6688832079963,963.6688832079963,963.6688832079963,963.6688832079963,963.6847949160001,964.6759325830062,964.6759325830062,965.4942822909943,,,,,x,1,0.8137046250049025,None,parti5,001,2025-10-02_16h41.27.841,MotorSequenceLearning_NupurShah,,2025.1.1,118.38715263862605,2025-10-02 16h41.40.622515 +0530,
150,v,142,142,37,v,1,1.316930125001818,None,,,,,37,142,142,1,965.5042302499933,,965.4948496659927,965.5042302499933,966.4925058329973,966.4925058329973,966.4925058329973,966.4925058329973,966.5001662499999,967.492512124998,967.492512124998,968.8110205830017,,,,,v,1,1.316930125001818,None,parti5,001,2025-10-02_16h41.27.841,MotorSequenceLearning_NupurShah,,2025.1.1,118.38715263862605,2025-10-02 16h41.40.622515 +0530,
50,c,143,143,38,c,1,1.0834930819983128,None,,,,,38,143,143,2,968.8177971660043,,968.8115449579927,968.8177971660043,969.8091842499998,969.8091842499998,969.8091842499998,969.8091842499998,969.8091842499998,970.8099388330011,970.8099388330011,971.9014086660027,,,,,c,1,1.0834930819983128,None,parti5,001,2025-10-02_16h41.27.841,MotorSequenceLearning_NupurShah,,2025.1.1,118.38715263862605,2025-10-02 16h41.40.622515 +0530,
150,v,144,144,38,v,1,0.666523166000843,None,,,,,38,144,144,1,971.9117787080031,,971.9019064159947,971.9117787080031,972.9020188330032,972.9020188330032,972.9020188330032,972.9020188330032,972.9092966659955,973.8930905830057,973.8930905830057,974.5613706250006,,,,,v,1,0.666523166000843,None,parti5,001,2025-10-02_16h41.27.841,MotorSequenceLearning_NupurShah,,2025.1.1,118.38715263862605,2025-10-02 16h41.40.622515 +0530,
-50,x,145,145,31,x,1,1.0187346250022529,None,,,,,31,145,145,0,974.5720188330015,,974.5619827909977,974.5720188330015,975.5593130000052,975.5593130000052,975.5593130000052,975.5593130000052,975.567159415994,976.5597589160025,976.5597589160025,977.5849862080067,,,,,x,1,1.0187346250022529,None,parti5,001,2025-10-02_16h41.27.841,MotorSequenceLearning_NupurShah,,2025.1.1,118.38715263862605,2025-10-02 16h41.40.622515 +0530,
150,v,146,146,39,v,1,1.0048247070080834,None,,,,,39,146,146,1,977.5952165000053,,977.5855047499936,977.5952165000053,978.5852189159923,978.5852189159923,978.5852189159923,978.5852189159923,978.5932539579953,979.5856698330026,979.5856698330026,980.5942013750027,,,,,v,1,1.0048247070080834,None,parti5,001,2025-10-02_16h41.27.841,MotorSequenceLearning_NupurShah,,2025.1.1,118.38715263862605,2025-10-02 16h41.40.622515 +0530,
50,c,147,147,39,c,1,0.7959400410036324,None,,,,,39,147,147,2,980.603471416005,,980.5947012079996,980.603471416005,981.5850339159952,981.5850339159952,981.5850339159952,981.5850339159952,981.6003938329959,982.5854588749935,982.5854588749935,983.3845546660013,,,,,c,1,0.7959400410036324,None,parti5,001,2025-10-02_16h41.27.841,MotorSequenceLearning_NupurShah,,2025.1.1,118.38715263862605,2025-10-02 16h41.40.622515 +0530,
150,v,148,148,40,v,1,0.7932944990025135,None,,,,,40,148,148,1,983.3950097909983,,983.3850422910036,983.3950097909983,984.3859417500062,984.3859417500062,984.3859417500062,984.3859417500062,984.3939733330044,985.3760380409949,985.3760380409949,986.1775075409969,,,,,v,1,0.7932944990025135,None,parti5,001,2025-10-02_16h41.27.841,MotorSequenceLearning_NupurShah,,2025.1.1,118.38715263862605,2025-10-02 16h41.40.622515 +0530,
50,c,149,149,40,c,1,0.8133338329935214,None,,,,,40,149,149,2,986.1876309159998,,986.1780907909997,986.1876309159998,987.1687765410024,987.1687765410024,987.1687765410024,987.1687765410024,987.1840941249975,988.168038541,988.168038541,988.9852035829972,,,,,c,1,0.8133338329935214,None,parti5,001,2025-10-02_16h41.27.841,MotorSequenceLearning_NupurShah,,2025.1.1,118.38715263862605,2025-10-02 16h41.40.622515 +0530,
150,v,150,150,41,v,1,0.852964833000442,None,,,,,41,150,150,1,988.9952075000037,,988.9857094159961,988.9952075000037,989.9854579160019,989.9854579160019,989.9854579160019,989.9854579160019,989.9933764159941,990.9854346659995,990.9854346659995,991.8446531249938,,,,,v,1,0.852964833000442,None,parti5,001,2025-10-02_16h41.27.841,MotorSequenceLearning_NupurShah,,2025.1.1,118.38715263862605,2025-10-02 16h41.40.622515 +0530,
50,c,151,151,41,c,1,0.3966509989986662,None,,,,,41,151,151,2,991.8547021660052,,991.8452544159954,991.8547021660052,992.8428144159989,992.8428144159989,992.8428144159989,992.8428144159989,992.8505108329991,993.8427784999949,993.8427784999949,994.2449824999931,,,,,c,1,0.3966509989986662,None,parti5,001,2025-10-02_16h41.27.841,MotorSequenceLearning_NupurShah,,2025.1.1,118.38715263862605,2025-10-02 16h41.40.622515 +0530,
-150,z,152,152,36,z,1,1.0348710410034982,None,,,,,36,152,152,3,994.2554207079957,,994.2456217500003,994.2554207079957,995.2429657909961,995.2429657909961,995.2429657909961,995.2429657909961,995.2506474160036,996.2433033330017,996.2433033330017,997.2850218749954,,,,,z,1,1.0348710410034982,None,parti5,001,2025-10-02_16h41.27.841,MotorSequenceLearning_NupurShah,,2025.1.1,118.38715263862605,2025-10-02 16h41.40.622515 +0530,
-50,x,153,153,32,x,1,0.4127044159977231,None,,,,,32,153,153,0,997.2949441660021,,997.2855302079988,997.2949441660021,998.2859497080062,998.2859497080062,998.2859497080062,998.2859497080062,998.2939918750053,999.2855554580019,999.2855554580019,999.7019081659964,,,,,x,1,0.4127044159977231,None,parti5,001,2025-10-02_16h41.27.841,MotorSequenceLearning_NupurShah,,2025.1.1,118.38715263862605,2025-10-02 16h41.40.622515 +0530,
50,c,154,154,42,c,1,0.38866608300304506,None,,,,,42,154,154,2,999.7122084159928,,999.7024019579985,999.7122084159928,1000.7026270409988,1000.7026270409988,1000.7026270409988,1000.7026270409988,1000.7105984999944,1001.7015477910027,1001.7015477910027,1002.0949607910006,,,,,c,1,0.38866608300304506,None,parti5,001,2025-10-02_16h41.27.841,MotorSequenceLearning_NupurShah,,2025.1.1,118.38715263862605,2025-10-02 16h41.40.622515 +0530,
150,v,155,155,42,v,1,0.42520070799218956,None,,,,,42,155,155,1,1002.1049758750014,,1002.0957221249992,1002.1049758750014,1003.0930057499936,1003.0930057499936,1003.0930057499936,1003.0930057499936,1003.1007672910055,1004.0929606660065,1004.0929606660065,1004.5285528329987,,,,,v,1,0.42520070799218956,None,parti5,001,2025-10-02_16h41.27.841,MotorSequenceLearning_NupurShah,,2025.1.1,118.38715263862605,2025-10-02 16h41.40.622515 +0530,
-50,x,156,156,33,x,1,0.90590341600182,None,,,,,33,156,156,0,1004.5384831249976,,1004.5291447079944,1004.5384831249976,1005.5263143750053,1005.5263143750053,1005.5263143750053,1005.5263143750053,1005.5341022909997,1006.5262747079978,1006.5262747079978,1007.4359897910035,,,,,x,1,0.90590341600182,None,parti5,001,2025-10-02_16h41.27.841,MotorSequenceLearning_NupurShah,,2025.1.1,118.38715263862605,2025-10-02 16h41.40.622515 +0530,
50,c,157,157,43,c,1,0.04964174899214413,None,,,,,43,157,157,2,1007.4603723329928,,1007.4364985830034,1007.4603723329928,1008.435920666001,1008.435920666001,1008.435920666001,1008.435920666001,1008.4513520000037,1009.4345090410061,1009.4345090410061,1009.4852445830038,,,,,c,1,0.04964174899214413,None,parti5,001,2025-10-02_16h41.27.841,MotorSequenceLearning_NupurShah,,2025.1.1,118.38715263862605,2025-10-02 16h41.40.622515 +0530,
150,v,158,158,43,v,1,0.7515422910073539,None,,,,,43,158,158,1,1009.4955246659956,,1009.4857058329944,1009.4955246659956,1010.486759833002,1010.486759833002,1010.486759833002,1010.486759833002,1010.4944890829938,1011.4856887500064,1011.4856887500064,1012.2452624159923,,,,,v,1,0.7515422910073539,None,parti5,001,2025-10-02_16h41.27.841,MotorSequenceLearning_NupurShah,,2025.1.1,118.38715263862605,2025-10-02 16h41.40.622515 +0530,
-50,x,159,159,34,x,1,1.3446910409984412,None,,,,,34,159,159,0,1012.255733500002,,1012.2458529580035,1012.255733500002,1013.2430297079991,1013.2430297079991,1013.2430297079991,1013.2430297079991,1013.2504593750054,1014.2435379160015,1014.2435379160015,1015.5949165409984,,,,,x,1,1.3446910409984412,None,parti5,001,2025-10-02_16h41.27.841,MotorSequenceLearning_NupurShah,,2025.1.1,118.38715263862605,2025-10-02 16h41.40.622515 +0530,
-50,x,160,160,35,x,1,0.8988329579879064,None,,,,,35,160,160,0,1015.603999458006,,1015.5954128750018,1015.603999458006,1016.5930368749978,1016.5930368749978,1016.5930368749978,1016.5930368749978,1016.6006891249999,1017.5931831250055,1017.5931831250055,1018.4949089159927,,,,,x,1,0.8988329579879064,None,parti5,001,2025-10-02_16h41.27.841,MotorSequenceLearning_NupurShah,,2025.1.1,118.38715263862605,2025-10-02 16h41.40.622515 +0530,
-150,z,161,161,37,z,1,0.8749307909893105,None,,,,,37,161,161,3,1018.5042412079929,,1018.4953951659991,1018.5042412079929,1019.493153250005,1019.493153250005,1019.493153250005,1019.493153250005,1019.5005919999967,1020.4930887079972,1020.4930887079972,1021.3783427080052,,,,,z,1,0.8749307909893105,None,parti5,001,2025-10-02_16h41.27.841,MotorSequenceLearning_NupurShah,,2025.1.1,118.38715263862605,2025-10-02 16h41.40.622515 +0530,
-50,x,162,162,36,x,1,0.954437248990871,None,,,,,36,162,162,0,1021.3874234999967,,1021.3788307909999,1021.3874234999967,1022.3765357910015,1022.3765357910015,1022.3765357910015,1022.3765357910015,1022.3842160409986,1023.3765256659972,1023.3765256659972,1024.335318915997,,,,,x,1,0.954437248990871,None,parti5,001,2025-10-02_16h41.27.841,MotorSequenceLearning_NupurShah,,2025.1.1,118.38715263862605,2025-10-02 16h41.40.622515 +0530,
-50,x,163,163,37,x,1,0.5314106240111869,None,,,,,37,163,163,0,1024.345430625006,,1024.3358162910008,1024.345430625006,1025.3347860000067,1025.3347860000067,1025.3347860000067,1025.3347860000067,1025.3436861660011,1026.3345857079985,1026.3345857079985,1026.8692679160013,,,,,x,1,0.5314106240111869,None,parti5,001,2025-10-02_16h41.27.841,MotorSequenceLearning_NupurShah,,2025.1.1,118.38715263862605,2025-10-02 16h41.40.622515 +0530,
150,v,164,164,44,v,1,1.1217599990050076,None,,,,,44,164,164,1,1026.8792593749968,,1026.8697819579975,1026.8792593749968,1027.8706213749974,1027.8706213749974,1027.8706213749974,1027.8706213749974,1027.8782001249929,1028.868322291004,1028.868322291004,1029.994776624997,,,,,v,1,1.1217599990050076,None,parti5,001,2025-10-02_16h41.27.841,MotorSequenceLearning_NupurShah,,2025.1.1,118.38715263862605,2025-10-02 16h41.40.622515 +0530,
150,v,165,165,45,v,1,0.45717370801139623,None,,,,,45,165,165,1,1030.0042511250067,,1029.9952580410027,1030.0042511250067,1030.986151582998,1030.986151582998,1030.986151582998,1030.986151582998,1031.0017415829934,1031.993759666002,1031.993759666002,1032.4520587909938,,,,,v,1,0.45717370801139623,None,parti5,001,2025-10-02_16h41.27.841,MotorSequenceLearning_NupurShah,,2025.1.1,118.38715263862605,2025-10-02 16h41.40.622515 +0530,
-150,z,166,166,38,z,1,2.859803165993071,None,,,,,38,166,166,3,1032.4604652910057,,1032.452537374993,1032.4604652910057,1033.4527297909954,1033.4527297909954,1033.4527297909954,1033.4527297909954,1033.4527297909954,1034.4432827499986,1034.4432827499986,1037.3119294999924,,,,,z,1,2.859803165993071,None,parti5,001,2025-10-02_16h41.27.841,MotorSequenceLearning_NupurShah,,2025.1.1,118.38715263862605,2025-10-02 16h41.40.622515 +0530,
-150,z,167,167,39,z,1,1.5121971659973497,None,,,,,39,167,167,3,1037.321476750003,,1037.3124208749941,1037.321476750003,1038.310032666006,1038.310032666006,1038.310032666006,1038.310032666006,1038.3177494999982,1039.3099713330012,1039.3099713330012,1040.8287296659983,,,,,z,1,1.5121971659973497,None,parti5,001,2025-10-02_16h41.27.841,MotorSequenceLearning_NupurShah,,2025.1.1,118.38715263862605,2025-10-02 16h41.40.622515 +0530,
-50,x,168,168,38,x,1,1.5415124999999534,None,,,,,38,168,168,0,1040.8387745829968,,1040.8293478330015,1040.8387745829968,1041.8266821659927,1041.8266821659927,1041.8266821659927,1041.8266821659927,1041.8340365829936,1042.8266485409986,1042.8266485409986,1044.3786794579937,,,,,x,1,1.5415124999999534,None,parti5,001,2025-10-02_16h41.27.841,MotorSequenceLearning_NupurShah,,2025.1.1,118.38715263862605,2025-10-02 16h41.40.622515 +0530,
150,v,169,169,46,v,1,1.4466496239911066,None,,,,,46,169,169,1,1044.3882309159962,,1044.3791720000008,1044.3882309159962,1045.3769770829967,1045.3769770829967,1045.3769770829967,1045.3769770829967,1045.3851257909992,1046.3774265829998,1046.3774265829998,1047.8286003749963,,,,,v,1,1.4466496239911066,None,parti5,001,2025-10-02_16h41.27.841,MotorSequenceLearning_NupurShah,,2025.1.1,118.38715263862605,2025-10-02 16h41.40.622515 +0530,
-50,x,170,170,39,x,1,1.3715881249954691,None,,,,,39,170,170,0,1047.838245166,,1047.8290986250067,1047.838245166,1048.8267578329978,1048.8267578329978,1048.8267578329978,1048.8267578329978,1048.8343640410021,1049.8273868749966,1049.8273868749966,1051.2028510410018,,,,,x,1,1.3715881249954691,None,parti5,001,2025-10-02_16h41.27.841,MotorSequenceLearning_NupurShah,,2025.1.1,118.38715263862605,2025-10-02 16h41.40.622515 +0530,
-150,z,171,171,40,z,1,0.9900455830065766,None,,,,,40,171,171,3,1051.2126967079967,,1051.2033562909928,1051.2126967079967,1052.2032495830063,1052.2032495830063,1052.2032495830063,1052.2032495830063,1052.2112479579955,1053.1939755409985,1053.1939755409985,1054.195865332993,,,,,z,1,0.9900455830065766,None,parti5,001,2025-10-02_16h41.27.841,MotorSequenceLearning_NupurShah,,2025.1.1,118.38715263862605,2025-10-02 16h41.40.622515 +0530,
-50,x,172,172,40,x,1,1.2196413740020944,None,,,,,40,172,172,0,1054.206003165993,,1054.1965626250021,1054.206003165993,1055.1941622909944,1055.1941622909944,1055.1941622909944,1055.1941622909944,1055.2018842499965,1056.1942882909934,1056.1942882909934,1057.4189354580012,,,,,x,1,1.2196413740020944,None,parti5,001,2025-10-02_16h41.27.841,MotorSequenceLearning_NupurShah,,2025.1.1,118.38715263862605,2025-10-02 16h41.40.622515 +0530,
-50,x,173,173,41,x,1,0.801024165994022,None,,,,,41,173,173,0,1057.4296557500056,,1057.4195461250056,1057.4296557500056,1058.4102637079923,1058.4102637079923,1058.4102637079923,1058.4102637079923,1058.4275336660066,1059.4107292910048,1059.4107292910048,1060.2190505409962,,,,,x,1,0.801024165994022,None,parti5,001,2025-10-02_16h41.27.841,MotorSequenceLearning_NupurShah,,2025.1.1,118.38715263862605,2025-10-02 16h41.40.622515 +0530,
150,v,174,174,47,v,1,1.6381131240050308,None,,,,,47,174,174,1,1060.2293053750036,,1060.2195570829936,1060.2293053750036,1061.2197532499995,1061.2197532499995,1061.2197532499995,1061.2197532499995,1061.2274902079953,1062.2107509579946,1062.2107509579946,1063.8534044999979,,,,,v,1,1.6381131240050308,None,parti5,001,2025-10-02_16h41.27.841,MotorSequenceLearning_NupurShah,,2025.1.1,118.38715263862605,2025-10-02 16h41.40.622515 +0530,
-50,x,175,175,42,x,1,1.1011144999938551,None,,,,,42,175,175,0,1063.8777877910034,,1063.8539613750036,1063.8777877910034,1064.853231208006,1064.853231208006,1064.853231208006,1064.853231208006,1064.868744499996,1065.852799500004,1065.852799500004,1066.9612883329974,,,,,x,1,1.1011144999938551,None,parti5,001,2025-10-02_16h41.27.841,MotorSequenceLearning_NupurShah,,2025.1.1,118.38715263862605,2025-10-02 16h41.40.622515 +0530,
-150,z,176,176,41,z,1,1.0527461250021588,None,,,,,41,176,176,3,1066.970381416002,,1066.961695416001,1066.970381416002,1067.9530262079934,1067.9530262079934,1067.9530262079934,1067.9530262079934,1067.9608781660063,1068.9520642499992,1068.9520642499992,1070.0117295829987,,,,,z,1,1.0527461250021588,None,parti5,001,2025-10-02_16h41.27.841,MotorSequenceLearning_NupurShah,,2025.1.1,118.38715263862605,2025-10-02 16h41.40.622515 +0530,
-150,z,177,177,42,z,1,0.8857975410064682,None,,,,,42,177,177,3,1070.0217251659924,,1070.0123337499972,1070.0217251659924,1071.0032532909972,1071.0032532909972,1071.0032532909972,1071.0032532909972,1071.0187481250032,1072.0019573330064,1072.0019573330064,1072.895362041003,,,,,z,1,0.8857975410064682,None,parti5,001,2025-10-02_16h41.27.841,MotorSequenceLearning_NupurShah,,2025.1.1,118.38715263862605,2025-10-02 16h41.40.622515 +0530,
-50,x,178,178,43,x,1,0.9632853330112994,None,,,,,43,178,178,0,1072.904892999999,,1072.8958696659975,1072.904892999999,1073.886501874993,1073.886501874993,1073.886501874993,1073.886501874993,1073.9019984159968,1074.8864359159925,1074.8864359159925,1075.8531930409954,,,,,x,1,0.9632853330112994,None,parti5,001,2025-10-02_16h41.27.841,MotorSequenceLearning_NupurShah,,2025.1.1,118.38715263862605,2025-10-02 16h41.40.622515 +0530,
50,c,179,179,44,c,1,0.9303647909982828,None,,,,,44,179,179,2,1075.8636544159963,,1075.8539924999932,1075.8636544159963,1076.8532289580035,1076.8532289580035,1076.8532289580035,1076.8532289580035,1076.861369708,1077.8523738329968,1077.8523738329968,1078.786056249999,,,,,c,1,0.9303647909982828,None,parti5,001,2025-10-02_16h41.27.841,MotorSequenceLearning_NupurShah,,2025.1.1,118.38715263862605,2025-10-02 16h41.40.622515 +0530,
150,v,180,180,48,v,1,0.9229900410136906,None,,,,,48,180,180,1,1078.7962652080023,,1078.7865644160047,1078.7962652080023,1079.7867187499942,1079.7867187499942,1079.7867187499942,1079.7867187499942,1079.7947850409982,1080.7855684160022,1080.7855684160022,1081.7116731660062,,,,,v,1,0.9229900410136906,None,parti5,001,2025-10-02_16h41.27.841,MotorSequenceLearning_NupurShah,,2025.1.1,118.38715263862605,2025-10-02 16h41.40.622515 +0530,
-150,z,181,181,43,z,1,1.4306205829925602,None,,,,,43,181,181,3,1081.7214964580053,,1081.7121571659954,1081.7214964580053,1082.7033769580012,1082.7033769580012,1082.7033769580012,1082.7033769580012,1082.7188590830046,1083.7030027909932,1083.7030027909932,1085.1363420410053,,,,,z,1,1.4306205829925602,None,parti5,001,2025-10-02_16h41.27.841,MotorSequenceLearning_NupurShah,,2025.1.1,118.38715263862605,2025-10-02 16h41.40.622515 +0530,
150,v,182,182,49,v,1,1.2413572080113227,None,,,,,49,182,182,1,1085.1610773749999,,1085.1369836660015,1085.1610773749999,1086.136681666001,1086.136681666001,1086.136681666001,1086.136681666001,1086.1517655829957,1087.1362087909947,1087.1362087909947,1088.3788684580068,,,,,v,1,1.2413572080113227,None,parti5,001,2025-10-02_16h41.27.841,MotorSequenceLearning_NupurShah,,2025.1.1,118.38715263862605,2025-10-02 16h41.40.622515 +0530,
-150,z,183,183,44,z,1,1.1407291239884216,None,,,,,44,183,183,3,1088.3855320000002,,1088.3793782499997,1088.3855320000002,1089.377950790993,1089.377950790993,1089.377950790993,1089.377950790993,1089.377950790993,1090.377779375005,1090.377779375005,1091.5289300830045,,,,,z,1,1.1407291239884216,None,parti5,001,2025-10-02_16h41.27.841,MotorSequenceLearning_NupurShah,,2025.1.1,118.38715263862605,2025-10-02 16h41.40.622515 +0530,
50,c,184,184,45,c,1,0.999869541003136,None,,,,,45,184,184,2,1091.5388916660013,,1091.5294469579967,1091.5388916660013,1092.5278956249967,1092.5278956249967,1092.5278956249967,1092.5278956249967,1092.5356336660043,1093.5195437079965,1093.5195437079965,1094.5290839999943,,,,,c,1,0.999869541003136,None,parti5,001,2025-10-02_16h41.27.841,MotorSequenceLearning_NupurShah,,2025.1.1,118.38715263862605,2025-10-02 16h41.40.622515 +0530,
-50,x,185,185,44,x,1,1.2846023330057506,None,,,,,44,185,185,0,1094.5388824160036,,1094.5295939159987,1094.5388824160036,1095.5272828750021,1095.5272828750021,1095.5272828750021,1095.5272828750021,1095.535165207999,1096.5278932910005,1096.5278932910005,1097.8196283750003,,,,,x,1,1.2846023330057506,None,parti5,001,2025-10-02_16h41.27.841,MotorSequenceLearning_NupurShah,,2025.1.1,118.38715263862605,2025-10-02 16h41.40.622515 +0530,
50,c,186,186,46,c,1,1.2909906659915578,None,,,,,46,186,186,2,1097.844485249996,,1097.820257540996,1097.844485249996,1098.819763749998,1098.819763749998,1098.819763749998,1098.819763749998,1098.834753957999,1099.8205446659995,1099.8205446659995,1101.1196386660013,,,,,c,1,1.2909906659915578,None,parti5,001,2025-10-02_16h41.27.841,MotorSequenceLearning_NupurShah,,2025.1.1,118.38715263862605,2025-10-02 16h41.40.622515 +0530,
-50,x,187,187,45,x,1,1.4432045409921557,None,,,,,45,187,187,0,1101.1299767080054,,1101.1201528749953,1101.1299767080054,1102.1202307079948,1102.1202307079948,1102.1202307079948,1102.1202307079948,1102.1279922079993,1103.1113144580013,1103.1113144580013,1104.562488333002,,,,,x,1,1.4432045409921557,None,parti5,001,2025-10-02_16h41.27.841,MotorSequenceLearning_NupurShah,,2025.1.1,118.38715263862605,2025-10-02 16h41.40.622515 +0530,
50,c,188,188,47,c,1,0.8731410409964155,None,,,,,47,188,188,2,1104.5715087499993,,1104.5628981250047,1104.5715087499993,1105.5607710829936,1105.5607710829936,1105.5607710829936,1105.5607710829936,1105.5685300829937,1106.5612603329937,1106.5612603329937,1107.4361929580045,,,,,c,1,0.8731410409964155,None,parti5,001,2025-10-02_16h41.27.841,MotorSequenceLearning_NupurShah,,2025.1.1,118.38715263862605,2025-10-02 16h41.40.622515 +0530,
-50,x,189,189,46,x,1,1.1755392490013037,None,,,,,46,189,189,0,1107.4441587079928,,1107.436695291006,1107.4441587079928,1108.4364781250042,1108.4364781250042,1108.4364781250042,1108.4364781250042,1108.4364781250042,1109.4367148330057,1109.4367148330057,1110.6199617499951,,,,,x,1,1.1755392490013037,None,parti5,001,2025-10-02_16h41.27.841,MotorSequenceLearning_NupurShah,,2025.1.1,118.38715263862605,2025-10-02 16h41.40.622515 +0530,
-150,z,190,190,45,z,1,1.5591504579933826,None,,,,,45,190,190,3,1110.6448477499944,,1110.6204900000012,1110.6448477499944,1111.6203290830017,1111.6203290830017,1111.6203290830017,1111.6203290830017,1111.6355019159964,1112.6191771250014,1112.6191771250014,1114.1860343330045,,,,,z,1,1.5591504579933826,None,parti5,001,2025-10-02_16h41.27.841,MotorSequenceLearning_NupurShah,,2025.1.1,118.38715263862605,2025-10-02 16h41.40.622515 +0530,
50,c,191,191,48,c,1,1.7192694160039537,None,,,,,48,191,191,2,1114.1956580410042,,1114.1864322079928,1114.1956580410042,1115.1776005410065,1115.1776005410065,1115.1776005410065,1115.1776005410065,1115.1946844159975,1116.1779983330052,1116.1779983330052,1117.9042155829957,,,,,c,1,1.7192694160039537,None,parti5,001,2025-10-02_16h41.27.841,MotorSequenceLearning_NupurShah,,2025.1.1,118.38715263862605,2025-10-02 16h41.40.622515 +0530,
-150,z,192,192,46,z,1,1.0885060830041766,None,,,,,46,192,192,3,1117.9145094160049,,1117.9047241249937,1117.9145094160049,1118.9037114999956,1118.9037114999956,1118.9037114999956,1118.9037114999956,1118.911462707998,1119.9029181249934,1119.9029181249934,1120.9959197080025,,,,,z,1,1.0885060830041766,None,parti5,001,2025-10-02_16h41.27.841,MotorSequenceLearning_NupurShah,,2025.1.1,118.38715263862605,2025-10-02 16h41.40.622515 +0530,
50,c,193,193,49,c,1,1.0265063739934703,None,,,,,49,193,193,2,1121.0054952500068,,1120.996398874995,1121.0054952500068,1121.9882121249975,1121.9882121249975,1121.9882121249975,1121.9882121249975,1121.996275166006,1122.9947885000001,1122.9947885000001,1124.0294713750045,,,,,c,1,1.0265063739934703,None,parti5,001,2025-10-02_16h41.27.841,MotorSequenceLearning_NupurShah,,2025.1.1,118.38715263862605,2025-10-02 16h41.40.622515 +0530,
-50,x,194,194,47,x,1,0.9522520829923451,None,,,,,47,194,194,0,1124.03877775,,1124.0300007909973,1124.03877775,1125.0276397499983,1125.0276397499983,1125.0276397499983,1125.0276397499983,1125.0353620410024,1126.0280577910016,1126.0280577910016,1126.9863909999985,,,,,x,1,0.9522520829923451,None,parti5,001,2025-10-02_16h41.27.841,MotorSequenceLearning_NupurShah,,2025.1.1,118.38715263862605,2025-10-02 16h41.40.622515 +0530,
-50,x,195,195,48,x,1,0.8171244159893831,None,,,,,48,195,195,0,1126.9965440410015,,1126.9868875829998,1126.9965440410015,1127.9776887079934,1127.9776887079934,1127.9776887079934,1127.9776887079934,1127.994817333005,1128.9781380000059,1128.9781380000059,1129.8031982079992,,,,,x,1,0.8171244159893831,None,parti5,001,2025-10-02_16h41.27.841,MotorSequenceLearning_NupurShah,,2025.1.1,118.38715263862605,2025-10-02 16h41.40.622515 +0530,
-150,z,196,196,47,z,1,1.107125458001974,None,,,,,47,196,196,3,1129.8283011250023,,1129.8038087909954,1129.8283011250023,1130.8054062080046,1130.8054062080046,1130.8054062080046,1130.8054062080046,1130.820066165994,1131.8030104999925,1131.8030104999925,1132.9121995830064,,,,,z,1,1.107125458001974,None,parti5,001,2025-10-02_16h41.27.841,MotorSequenceLearning_NupurShah,,2025.1.1,118.38715263862605,2025-10-02 16h41.40.622515 +0530,
-50,x,197,197,49,x,1,0.9605860829906305,None,,,,,49,197,197,0,1132.9188572499988,,1132.912696165993,1132.9188572499988,1133.9052747910027,1133.9052747910027,1133.9052747910027,1133.9052747910027,1133.9128530830058,1134.902538291004,1134.902538291004,1135.8696024579986,,,,,x,1,0.9605860829906305,None,parti5,001,2025-10-02_16h41.27.841,MotorSequenceLearning_NupurShah,,2025.1.1,118.38715263862605,2025-10-02 16h41.40.622515 +0530,
-150,z,198,198,48,z,1,1.6185244160005823,None,,,,,48,198,198,3,1135.879712790993,,1135.8701050410018,1135.879712790993,1136.870475165997,1136.870475165997,1136.870475165997,1136.870475165997,1136.878303125006,1137.861569916,1137.861569916,1139.486661791001,,,,,z,1,1.6185244160005823,None,parti5,001,2025-10-02_16h41.27.841,MotorSequenceLearning_NupurShah,,2025.1.1,118.38715263862605,2025-10-02 16h41.40.622515 +0530,
-150,z,199,199,49,z,1,0.6918689160083886,None,,,,,49,199,199,3,1139.497035374996,,1139.4871672080044,1139.497035374996,1140.4871860410058,1140.4871860410058,1140.4871860410058,1140.4871860410058,1140.4951364159933,1141.4782569999952,1141.4782569999952,1142.1791767499963,,,,,z,1,0.6918689160083886,None,parti5,001,2025-10-02_16h41.27.841,MotorSequenceLearning_NupurShah,,2025.1.1,118.38715263862605,2025-10-02 16h41.40.622515 +0530,
