pos,corr_resp,thisN,thisTrialN,thisRepN,key_resp.keys,key_resp.corr,key_resp.rt,key_resp.duration,trials.thisRepN,trials.thisTrialN,trials.thisN,trials.thisIndex,trials_2.thisRepN,trials_2.thisTrialN,trials_2.thisN,trials_2.thisIndex,thisRow.t,notes,trial.started,fixation.started,line1.started,line2.started,line3.started,line4.started,fixation.stopped,probe.started,key_resp.started,trial.stopped,trials.key_resp.keys,trials.key_resp.corr,trials.key_resp.rt,trials.key_resp.duration,trials_2.key_resp.keys,trials_2.key_resp.corr,trials_2.key_resp.rt,trials_2.key_resp.duration,participant,session,date,expName,expVersion,psychopyVersion,frameRate,expStart,
-50,x,0,0,0,x,1,0.6362836659973254,None,0,0,0,0,,,,,0.027398250007536262,,0.01876266700855922,0.027398250007536262,1.014701125008287,1.014701125008287,1.014701125008287,1.014701125008287,1.0217146250070073,1.9995334999985062,1.9995334999985062,2.86891900000046,x,1,0.6362836659973254,None,,,,,parti3,001,2025-10-02_15h57.01.041,MotorSequenceLearning_NupurShah,,2025.1.1,119.4128460958515,2025-10-02 15h57.58.102804 +0530,
150,v,1,1,0,v,1,0.3983443329925649,None,0,1,1,1,,,,,2.8839177080080844,,2.8691917920077685,2.8839177080080844,3.8641286670026602,3.8641286670026602,3.8641286670026602,3.8641286670026602,3.8790217080095317,4.86259475001134,4.86259475001134,5.263062917001662,v,1,0.3983443329925649,None,,,,,parti3,001,2025-10-02_15h57.01.041,MotorSequenceLearning_NupurShah,,2025.1.1,119.4128460958515,2025-10-02 15h57.58.102804 +0530,
50,c,2,2,0,c,1,0.2648748740029987,None,0,2,2,2,,,,,5.273547333010356,,5.263569250004366,5.273547333010356,6.2640473330102395,6.2640473330102395,6.2640473330102395,6.2640473330102395,6.2719447080016835,7.255054583001765,7.255054583001765,7.522858417010866,c,1,0.2648748740029987,None,,,,,parti3,001,2025-10-02_15h57.01.041,MotorSequenceLearning_NupurShah,,2025.1.1,119.4128460958515,2025-10-02 15h57.58.102804 +0530,
-150,z,3,3,0,z,1,0.31437108298996463,None,0,3,3,3,,,,,7.532214208011283,,7.523346208006842,7.532214208011283,8.514031500002602,8.514031500002602,8.514031500002602,8.514031500002602,8.528920458003995,9.521629667011439,9.521629667011439,9.839517458007322,z,1,0.31437108298996463,None,,,,,parti3,001,2025-10-02_15h57.01.041,MotorSequenceLearning_NupurShah,,2025.1.1,119.4128460958515,2025-10-02 15h57.58.102804 +0530,
-50,x,4,0,1,x,1,0.2890740410075523,None,1,0,4,0,,,,,9.848935292000533,,9.840009500010638,9.848935292000533,10.830880583002,10.830880583002,10.830880583002,10.830880583002,10.846394332998898,11.837799542001449,11.837799542001449,12.130463583001983,x,1,0.2890740410075523,None,,,,,parti3,001,2025-10-02_15h57.01.041,MotorSequenceLearning_NupurShah,,2025.1.1,119.4128460958515,2025-10-02 15h57.58.102804 +0530,
150,v,5,1,1,v,1,0.2901136239961488,None,1,1,5,1,,,,,12.155271583003923,,12.130981167007121,12.155271583003923,13.130630625004414,13.130630625004414,13.130630625004414,13.130630625004414,13.14593725001032,14.121780166999088,14.121780166999088,14.413388333006878,v,1,0.2901136239961488,None,,,,,parti3,001,2025-10-02_15h57.01.041,MotorSequenceLearning_NupurShah,,2025.1.1,119.4128460958515,2025-10-02 15h57.58.102804 +0530,
50,c,6,2,1,c,1,0.2763145409990102,None,1,2,6,2,,,,,14.423294583000825,,14.413867374998517,14.423294583000825,15.414116458006902,15.414116458006902,15.414116458006902,15.414116458006902,15.414116458006902,16.41364150001027,16.41364150001027,16.69647520800936,c,1,0.2763145409990102,None,,,,,parti3,001,2025-10-02_15h57.01.041,MotorSequenceLearning_NupurShah,,2025.1.1,119.4128460958515,2025-10-02 15h57.58.102804 +0530,
-150,z,7,3,1,z,1,0.2543577079923125,None,1,3,7,3,,,,,16.7063809579995,,16.6969245000073,16.7063809579995,17.68843325000489,17.68843325000489,17.68843325000489,17.68843325000489,17.70513979200041,18.68853329200647,18.68853329200647,18.94737841701135,z,1,0.2543577079923125,None,,,,,parti3,001,2025-10-02_15h57.01.041,MotorSequenceLearning_NupurShah,,2025.1.1,119.4128460958515,2025-10-02 15h57.58.102804 +0530,
-50,x,8,0,2,x,1,0.3302222909987904,None,2,0,8,0,,,,,18.957343667003443,,18.94786962500075,18.957343667003443,19.94758920800814,19.94758920800814,19.94758920800814,19.94758920800814,19.955684000000474,20.946676125007798,20.946676125007798,21.279947250004625,x,1,0.3302222909987904,None,,,,,parti3,001,2025-10-02_15h57.01.041,MotorSequenceLearning_NupurShah,,2025.1.1,119.4128460958515,2025-10-02 15h57.58.102804 +0530,
150,v,9,1,2,v,1,0.4993782910023583,None,2,1,9,1,,,,,21.28942620800808,,21.280326125008287,21.28942620800808,22.271412917005364,22.271412917005364,22.271412917005364,22.271412917005364,22.28884116699919,23.271431500004837,23.271431500004837,23.773336083002505,v,1,0.4993782910023583,None,,,,,parti3,001,2025-10-02_15h57.01.041,MotorSequenceLearning_NupurShah,,2025.1.1,119.4128460958515,2025-10-02 15h57.58.102804 +0530,
50,c,10,2,2,c,1,0.3148117069940781,None,2,2,10,2,,,,,23.782888708010432,,23.773823083000025,23.782888708010432,24.77148495800793,24.77148495800793,24.77148495800793,24.77148495800793,24.779313042003196,25.772057958005462,25.772057958005462,26.09000024999841,c,1,0.3148117069940781,None,,,,,parti3,001,2025-10-02_15h57.01.041,MotorSequenceLearning_NupurShah,,2025.1.1,119.4128460958515,2025-10-02 15h57.58.102804 +0530,
-150,z,11,3,2,z,1,0.3784037069999613,None,2,3,11,3,,,,,26.09963883300952,,26.09048354200786,26.09963883300952,27.088217083000927,27.088217083000927,27.088217083000927,27.088217083000927,27.095892375000403,28.088635207997868,28.088635207997868,28.473463917005574,z,1,0.3784037069999613,None,,,,,parti3,001,2025-10-02_15h57.01.041,MotorSequenceLearning_NupurShah,,2025.1.1,119.4128460958515,2025-10-02 15h57.58.102804 +0530,
-50,x,12,0,3,x,1,0.9505665820033755,None,3,0,12,0,,,,,28.48331141700328,,28.473966083009145,28.48331141700328,29.472133083007066,29.472133083007066,29.472133083007066,29.472133083007066,29.479798500004108,30.472170708002523,30.472170708002523,31.430661125006736,x,1,0.9505665820033755,None,,,,,parti3,001,2025-10-02_15h57.01.041,MotorSequenceLearning_NupurShah,,2025.1.1,119.4128460958515,2025-10-02 15h57.58.102804 +0530,
150,v,13,1,3,v,1,0.3175604580028448,None,3,1,13,1,,,,,31.440680416999385,,31.43116487500083,31.440680416999385,32.43254791700747,32.43254791700747,32.43254791700747,32.43254791700747,32.440440874997876,33.43023212499975,33.43023212499975,33.75710416700167,v,1,0.3175604580028448,None,,,,,parti3,001,2025-10-02_15h57.01.041,MotorSequenceLearning_NupurShah,,2025.1.1,119.4128460958515,2025-10-02 15h57.58.102804 +0530,
50,c,14,2,3,c,1,0.25223049899796024,None,3,2,14,2,,,,,33.76755133300321,,33.75765616699937,33.76755133300321,34.75558137500775,34.75558137500775,34.75558137500775,34.75558137500775,34.763194167011534,35.75552683300339,35.75552683300339,36.01413216700894,c,1,0.25223049899796024,None,,,,,parti3,001,2025-10-02_15h57.01.041,MotorSequenceLearning_NupurShah,,2025.1.1,119.4128460958515,2025-10-02 15h57.58.102804 +0530,
-150,z,15,3,3,z,1,0.3710065829945961,None,3,3,15,3,,,,,36.02414241700899,,36.01460870800656,36.02414241700899,37.01463987500756,37.01463987500756,37.01463987500756,37.01463987500756,37.02275412500603,38.013997041998664,38.013997041998664,38.3901116670022,z,1,0.3710065829945961,None,,,,,parti3,001,2025-10-02_15h57.01.041,MotorSequenceLearning_NupurShah,,2025.1.1,119.4128460958515,2025-10-02 15h57.58.102804 +0530,
-50,x,16,0,4,x,1,0.6088804159953725,None,4,0,16,0,,,,,38.40062729200872,,38.390663292011595,38.40062729200872,39.38855250000779,39.38855250000779,39.38855250000779,39.38855250000779,39.3966564170114,40.388922583006206,40.388922583006206,41.00728825000988,x,1,0.6088804159953725,None,,,,,parti3,001,2025-10-02_15h57.01.041,MotorSequenceLearning_NupurShah,,2025.1.1,119.4128460958515,2025-10-02 15h57.58.102804 +0530,
150,v,17,1,4,v,1,0.43928095800220035,None,4,1,17,1,,,,,41.017633417010074,,41.00786470800813,41.017633417010074,42.005704000010155,42.005704000010155,42.005704000010155,42.005704000010155,42.01344770799915,43.00560812500771,43.00560812500771,43.447371250003926,v,1,0.43928095800220035,None,,,,,parti3,001,2025-10-02_15h57.01.041,MotorSequenceLearning_NupurShah,,2025.1.1,119.4128460958515,2025-10-02 15h57.58.102804 +0530,
50,c,18,2,4,c,1,0.3596114160027355,None,4,2,18,2,,,,,43.45738733300823,,43.44785337500798,43.45738733300823,44.44835629200679,44.44835629200679,44.44835629200679,44.44835629200679,44.45655533300305,45.44723854200856,45.44723854200856,45.8141845830105,c,1,0.3596114160027355,None,,,,,parti3,001,2025-10-02_15h57.01.041,MotorSequenceLearning_NupurShah,,2025.1.1,119.4128460958515,2025-10-02 15h57.58.102804 +0530,
-150,z,19,3,4,z,1,0.41032441599236336,None,4,3,19,3,,,,,45.83911795800668,,45.81481262500165,45.83911795800668,46.806280167002114,46.806280167002114,46.806280167002114,46.806280167002114,46.82958591700299,47.81444195800577,47.81444195800577,48.23126658301044,z,1,0.41032441599236336,None,,,,,parti3,001,2025-10-02_15h57.01.041,MotorSequenceLearning_NupurShah,,2025.1.1,119.4128460958515,2025-10-02 15h57.58.102804 +0530,
-50,x,20,0,5,x,1,0.4546272500010673,None,5,0,20,0,,,,,48.256068292001146,,48.23175808299857,48.256068292001146,49.23131958300655,49.23131958300655,49.23131958300655,49.23131958300655,49.24682720800047,50.23039008300111,50.23039008300111,50.69072374999814,x,1,0.4546272500010673,None,,,,,parti3,001,2025-10-02_15h57.01.041,MotorSequenceLearning_NupurShah,,2025.1.1,119.4128460958515,2025-10-02 15h57.58.102804 +0530,
150,v,21,1,5,v,1,0.3948250820103567,None,5,1,21,1,,,,,50.70127808301186,,50.69127204200777,50.70127808301186,51.68919495800219,51.68919495800219,51.68919495800219,51.68919495800219,51.697005750000244,52.689135500011616,52.689135500011616,53.09079866700631,v,1,0.3948250820103567,None,,,,,parti3,001,2025-10-02_15h57.01.041,MotorSequenceLearning_NupurShah,,2025.1.1,119.4128460958515,2025-10-02 15h57.58.102804 +0530,
50,c,22,2,5,c,1,0.5576467489881907,None,5,2,22,2,,,,,53.10166187499999,,53.091396417003125,53.10166187499999,54.08920758300519,54.08920758300519,54.08920758300519,54.08920758300519,54.0969593750051,55.089188124999055,55.089188124999055,55.648265708005056,c,1,0.5576467489881907,None,,,,,parti3,001,2025-10-02_15h57.01.041,MotorSequenceLearning_NupurShah,,2025.1.1,119.4128460958515,2025-10-02 15h57.58.102804 +0530,
-150,z,23,3,5,z,1,0.6262846659956267,None,5,3,23,3,,,,,55.65591149999818,,55.648819333000574,55.65591149999818,56.64811058300256,56.64811058300256,56.64811058300256,56.64811058300256,56.64811058300256,57.6483595000027,57.6483595000027,58.28105066700664,z,1,0.6262846659956267,None,,,,,parti3,001,2025-10-02_15h57.01.041,MotorSequenceLearning_NupurShah,,2025.1.1,119.4128460958515,2025-10-02 15h57.58.102804 +0530,
-50,x,24,0,6,x,1,0.5370970410003792,None,6,0,24,0,,,,,58.29038254200714,,58.281505958002526,58.29038254200714,59.28137991701078,59.28137991701078,59.28137991701078,59.28137991701078,59.28137991701078,60.272748792005586,60.272748792005586,60.814649500011,x,1,0.5370970410003792,None,,,,,parti3,001,2025-10-02_15h57.01.041,MotorSequenceLearning_NupurShah,,2025.1.1,119.4128460958515,2025-10-02 15h57.58.102804 +0530,
150,v,25,1,6,v,1,0.33399720799934585,None,6,1,25,1,,,,,60.82484300000942,,60.81516012499924,60.82484300000942,61.814862458006246,61.814862458006246,61.814862458006246,61.814862458006246,61.82276295800693,62.81382645800477,62.81382645800477,63.157491707999725,v,1,0.33399720799934585,None,,,,,parti3,001,2025-10-02_15h57.01.041,MotorSequenceLearning_NupurShah,,2025.1.1,119.4128460958515,2025-10-02 15h57.58.102804 +0530,
50,c,26,2,6,c,1,0.445865124987904,None,6,2,26,2,,,,,63.167388458008645,,63.157996624999214,63.167388458008645,64.1557867500087,64.1557867500087,64.1557867500087,64.1557867500087,64.16380658300477,65.1561078329978,65.1561078329978,65.607282958008,c,1,0.445865124987904,None,,,,,parti3,001,2025-10-02_15h57.01.041,MotorSequenceLearning_NupurShah,,2025.1.1,119.4128460958515,2025-10-02 15h57.58.102804 +0530,
-150,z,27,3,6,z,1,0.5114153329923283,None,6,3,27,3,,,,,65.61656358301116,,65.60777954199875,65.61656358301116,66.59856304200366,66.59856304200366,66.59856304200366,66.59856304200366,66.61407495800813,67.59837450001214,67.59837450001214,68.11502891700366,z,1,0.5114153329923283,None,,,,,parti3,001,2025-10-02_15h57.01.041,MotorSequenceLearning_NupurShah,,2025.1.1,119.4128460958515,2025-10-02 15h57.58.102804 +0530,
-50,x,28,0,7,x,1,1.1765446249919478,None,7,0,28,0,,,,,68.13973483300651,,68.11552441700769,68.13973483300651,69.11512775000301,69.11512775000301,69.11512775000301,69.11512775000301,69.13038933300413,70.11415933301032,70.11415933301032,71.29863658300019,x,1,1.1765446249919478,None,,,,,parti3,001,2025-10-02_15h57.01.041,MotorSequenceLearning_NupurShah,,2025.1.1,119.4128460958515,2025-10-02 15h57.58.102804 +0530,
150,v,29,1,7,v,1,0.33344708201184403,None,7,1,29,1,,,,,71.32303112500813,,71.29912858300668,71.32303112500813,72.29864679199818,72.29864679199818,72.29864679199818,72.29864679199818,72.31340170800104,73.29840441700071,73.29840441700071,73.64095366701076,v,1,0.33344708201184403,None,,,,,parti3,001,2025-10-02_15h57.01.041,MotorSequenceLearning_NupurShah,,2025.1.1,119.4128460958515,2025-10-02 15h57.58.102804 +0530,
50,c,30,2,7,c,1,0.3071898319903994,None,7,2,30,2,,,,,73.65033945800678,,73.64143954199972,73.65033945800678,74.63214795800741,74.63214795800741,74.63214795800741,74.63214795800741,74.64761500000895,75.63960529200267,75.63960529200267,75.94829404199845,c,1,0.3071898319903994,None,,,,,parti3,001,2025-10-02_15h57.01.041,MotorSequenceLearning_NupurShah,,2025.1.1,119.4128460958515,2025-10-02 15h57.58.102804 +0530,
-150,z,31,3,7,z,1,0.4469517069956055,None,7,3,31,3,,,,,75.9578498750052,,75.9487738750031,75.9578498750052,76.94876587500039,76.94876587500039,76.94876587500039,76.94876587500039,76.95682012500765,77.94784891699965,77.94784891699965,78.39838895801222,z,1,0.4469517069956055,None,,,,,parti3,001,2025-10-02_15h57.01.041,MotorSequenceLearning_NupurShah,,2025.1.1,119.4128460958515,2025-10-02 15h57.58.102804 +0530,
-50,x,32,0,8,x,1,0.36118395801167935,None,8,0,32,0,,,,,78.40840200000093,,78.39890479200403,78.40840200000093,79.39912070801074,79.39912070801074,79.39912070801074,79.39912070801074,79.40681766701164,80.39860770800442,80.39860770800442,80.76484516701021,x,1,0.36118395801167935,None,,,,,parti3,001,2025-10-02_15h57.01.041,MotorSequenceLearning_NupurShah,,2025.1.1,119.4128460958515,2025-10-02 15h57.58.102804 +0530,
150,v,33,1,8,v,1,0.3334394989942666,None,8,1,33,1,,,,,80.78975266699854,,80.76540275001025,80.78975266699854,81.75672175000363,81.75672175000363,81.75672175000363,81.75672175000363,81.77845383300155,82.76516991700919,82.76516991700919,83.10837441700278,v,1,0.3334394989942666,None,,,,,parti3,001,2025-10-02_15h57.01.041,MotorSequenceLearning_NupurShah,,2025.1.1,119.4128460958515,2025-10-02 15h57.58.102804 +0530,
50,c,34,2,8,c,1,0.31641445800778456,None,8,2,34,2,,,,,83.11728616700566,,83.10887862500385,83.11728616700566,84.10644708300242,84.10644708300242,84.10644708300242,84.10644708300242,84.11422608300927,85.10643362499832,85.10643362499832,85.42444445801084,c,1,0.31641445800778456,None,,,,,parti3,001,2025-10-02_15h57.01.041,MotorSequenceLearning_NupurShah,,2025.1.1,119.4128460958515,2025-10-02 15h57.58.102804 +0530,
-150,z,35,3,8,z,1,0.4137768750078976,None,8,3,35,3,,,,,85.43526433300576,,85.42500899999868,85.43526433300576,86.42320325000037,86.42320325000037,86.42320325000037,86.42320325000037,86.4307718330092,87.42310579201148,87.42310579201148,87.84138987500046,z,1,0.4137768750078976,None,,,,,parti3,001,2025-10-02_15h57.01.041,MotorSequenceLearning_NupurShah,,2025.1.1,119.4128460958515,2025-10-02 15h57.58.102804 +0530,
-50,x,36,0,9,x,1,0.5659923749917652,None,9,0,36,0,,,,,87.85162808300811,,87.84201033299905,87.85162808300811,88.84028758300701,88.84028758300701,88.84028758300701,88.84028758300701,88.84790358300961,89.83980812500522,89.83980812500522,90.40793220800697,x,1,0.5659923749917652,None,,,,,parti3,001,2025-10-02_15h57.01.041,MotorSequenceLearning_NupurShah,,2025.1.1,119.4128460958515,2025-10-02 15h57.58.102804 +0530,
150,v,37,1,9,v,1,0.3842883739998797,None,9,1,37,1,,,,,90.41713533300208,,90.40845012500358,90.41713533300208,91.40604445801,91.40604445801,91.40604445801,91.40604445801,91.41415529200458,92.4065405420115,92.4065405420115,92.79836912501196,v,1,0.3842883739998797,None,,,,,parti3,001,2025-10-02_15h57.01.041,MotorSequenceLearning_NupurShah,,2025.1.1,119.4128460958515,2025-10-02 15h57.58.102804 +0530,
50,c,38,2,9,c,1,0.4573820830119075,None,9,2,38,2,,,,,92.8088444580062,,92.7989555420063,92.8088444580062,93.79905254200276,93.79905254200276,93.79905254200276,93.79905254200276,93.806909292005,94.79839370799891,94.79839370799891,95.25814691701089,c,1,0.4573820830119075,None,,,,,parti3,001,2025-10-02_15h57.01.041,MotorSequenceLearning_NupurShah,,2025.1.1,119.4128460958515,2025-10-02 15h57.58.102804 +0530,
-150,z,39,3,9,z,1,0.6081382499978645,None,9,3,39,3,,,,,95.26829129199905,,95.25871741700394,95.26829129199905,96.25679749999836,96.25679749999836,96.25679749999836,96.25679749999836,96.26499504200183,97.25664995799889,97.25664995799889,97.87503566700616,z,1,0.6081382499978645,None,,,,,parti3,001,2025-10-02_15h57.01.041,MotorSequenceLearning_NupurShah,,2025.1.1,119.4128460958515,2025-10-02 15h57.58.102804 +0530,
-50,x,40,0,10,x,1,0.5624506250023842,None,10,0,40,0,,,,,97.88512558300863,,97.87562791700475,97.88512558300863,98.87290520800161,98.87290520800161,98.87290520800161,98.87290520800161,98.88055987500411,99.87334204200306,99.87334204200306,100.44176804200106,x,1,0.5624506250023842,None,,,,,parti3,001,2025-10-02_15h57.01.041,MotorSequenceLearning_NupurShah,,2025.1.1,119.4128460958515,2025-10-02 15h57.58.102804 +0530,
150,v,41,1,10,v,1,0.331273666000925,None,10,1,41,1,,,,,100.45181037500151,,100.44238562500686,100.45181037500151,101.43957316700835,101.43957316700835,101.43957316700835,101.43957316700835,101.4472991250077,102.44040679201134,102.44040679201134,102.77474258300208,v,1,0.331273666000925,None,,,,,parti3,001,2025-10-02_15h57.01.041,MotorSequenceLearning_NupurShah,,2025.1.1,119.4128460958515,2025-10-02 15h57.58.102804 +0530,
50,c,42,2,10,c,1,0.3727565409935778,None,10,2,42,2,,,,,102.78409712501161,,102.77523120801197,102.78409712501161,103.77297829200688,103.77297829200688,103.77297829200688,103.77297829200688,103.78064662500401,104.77298170801078,104.77298170801078,105.14851841700147,c,1,0.3727565409935778,None,,,,,parti3,001,2025-10-02_15h57.01.041,MotorSequenceLearning_NupurShah,,2025.1.1,119.4128460958515,2025-10-02 15h57.58.102804 +0530,
-150,z,43,3,10,z,1,0.3833127909892937,None,10,3,43,3,,,,,105.158699874999,,105.14900637500978,105.158699874999,106.14913912500197,106.14913912500197,106.14913912500197,106.14913912500197,106.15703275000851,107.1484225000022,107.1484225000022,107.54148283301038,z,1,0.3833127909892937,None,,,,,parti3,001,2025-10-02_15h57.01.041,MotorSequenceLearning_NupurShah,,2025.1.1,119.4128460958515,2025-10-02 15h57.58.102804 +0530,
-50,x,44,0,11,x,1,2.2072275819955394,None,11,0,44,0,,,,,107.55039899999974,,107.54195700000855,107.55039899999974,108.54032337501121,108.54032337501121,108.54032337501121,108.54032337501121,108.54791750000732,109.54020175000187,109.54020175000187,111.74878624999837,x,1,2.2072275819955394,None,,,,,parti3,001,2025-10-02_15h57.01.041,MotorSequenceLearning_NupurShah,,2025.1.1,119.4128460958515,2025-10-02 15h57.58.102804 +0530,
150,v,45,1,11,v,1,0.5054032490006648,None,11,1,45,1,,,,,111.75918508300674,,111.74926475000393,111.75918508300674,112.74930145801045,112.74930145801045,112.74930145801045,112.74930145801045,112.75737879201188,113.74912645800214,113.74912645800214,114.25817166701017,v,1,0.5054032490006648,None,,,,,parti3,001,2025-10-02_15h57.01.041,MotorSequenceLearning_NupurShah,,2025.1.1,119.4128460958515,2025-10-02 15h57.58.102804 +0530,
50,c,46,2,11,c,1,0.36151358200004324,None,11,2,46,2,,,,,114.26731304200075,,114.25863395800116,114.26731304200075,115.24914970800455,115.24914970800455,115.24914970800455,115.24914970800455,115.26477350000641,116.25695799999812,116.25695799999812,116.62522979200003,c,1,0.36151358200004324,None,,,,,parti3,001,2025-10-02_15h57.01.041,MotorSequenceLearning_NupurShah,,2025.1.1,119.4128460958515,2025-10-02 15h57.58.102804 +0530,
-150,z,47,3,11,z,1,0.421771749999607,None,11,3,47,3,,,,,116.63563266700658,,116.6258222500037,116.63563266700658,117.61687912500929,117.61687912500929,117.61687912500929,117.61687912500929,117.63230166700669,118.62364079200779,118.62364079200779,119.04889662501228,z,1,0.421771749999607,None,,,,,parti3,001,2025-10-02_15h57.01.041,MotorSequenceLearning_NupurShah,,2025.1.1,119.4128460958515,2025-10-02 15h57.58.102804 +0530,
-50,x,48,0,12,x,1,0.4948045000055572,None,12,0,48,0,,,,,119.05914895801106,,119.04941162500472,119.05914895801106,120.04936616700434,120.04936616700434,120.04936616700434,120.04936616700434,120.05708908299857,121.04852895801014,121.04852895801014,121.54934041701199,x,1,0.4948045000055572,None,,,,,parti3,001,2025-10-02_15h57.01.041,MotorSequenceLearning_NupurShah,,2025.1.1,119.4128460958515,2025-10-02 15h57.58.102804 +0530,
150,v,49,1,12,v,1,0.7164479999919422,None,12,1,49,1,,,,,121.57398741701036,,121.5498375419993,121.57398741701036,122.54939374999958,122.54939374999958,122.54939374999958,122.54939374999958,122.56487450000714,123.54889425000874,123.54889425000874,124.27546729199821,v,1,0.7164479999919422,None,,,,,parti3,001,2025-10-02_15h57.01.041,MotorSequenceLearning_NupurShah,,2025.1.1,119.4128460958515,2025-10-02 15h57.58.102804 +0530,
50,c,50,2,12,c,1,0.8684088330046507,None,12,2,50,2,,,,,124.28612258299836,,124.27607125000213,124.28612258299836,125.27382220800791,125.27382220800791,125.27382220800791,125.27382220800791,125.28155029199843,126.27380175000872,126.27380175000872,127.14895550000074,c,1,0.8684088330046507,None,,,,,parti3,001,2025-10-02_15h57.01.041,MotorSequenceLearning_NupurShah,,2025.1.1,119.4128460958515,2025-10-02 15h57.58.102804 +0530,
-150,z,51,3,12,z,1,0.9279466659936588,None,12,3,51,3,,,,,127.15907441700983,,127.1494598749996,127.15907441700983,128.14958950001164,128.14958950001164,128.14958950001164,128.14958950001164,128.15763654200418,129.1405103750003,129.1405103750003,130.075380417009,z,1,0.9279466659936588,None,,,,,parti3,001,2025-10-02_15h57.01.041,MotorSequenceLearning_NupurShah,,2025.1.1,119.4128460958515,2025-10-02 15h57.58.102804 +0530,
-50,x,52,0,13,x,1,1.0642849580035545,None,13,0,52,0,,,,,130.0855310830084,,130.07590795800206,130.0855310830084,131.07345541700488,131.07345541700488,131.07345541700488,131.07345541700488,131.08125650000875,132.07393254199997,132.07393254199997,133.14216379199934,x,1,1.0642849580035545,None,,,,,parti3,001,2025-10-02_15h57.01.041,MotorSequenceLearning_NupurShah,,2025.1.1,119.4128460958515,2025-10-02 15h57.58.102804 +0530,
150,v,53,1,13,v,1,0.31268879100389313,None,13,1,53,1,,,,,133.15279083300265,,133.14275654200173,133.15279083300265,134.14015745800862,134.14015745800862,134.14015745800862,134.14015745800862,134.14794633300335,135.1406484170002,135.1406484170002,135.45898508300888,v,1,0.31268879100389313,None,,,,,parti3,001,2025-10-02_15h57.01.041,MotorSequenceLearning_NupurShah,,2025.1.1,119.4128460958515,2025-10-02 15h57.58.102804 +0530,
50,c,54,2,13,c,1,0.27587987401057035,None,13,2,54,2,,,,,135.46956566700828,,135.45958420800162,135.46956566700828,136.45739991700975,136.45739991700975,136.45739991700975,136.45739991700975,136.46513120800955,137.4573555829993,137.4573555829993,137.74218179201125,c,1,0.27587987401057035,None,,,,,parti3,001,2025-10-02_15h57.01.041,MotorSequenceLearning_NupurShah,,2025.1.1,119.4128460958515,2025-10-02 15h57.58.102804 +0530,
-150,z,55,3,13,z,1,0.2916049159975955,None,13,3,55,3,,,,,137.75212891701085,,137.74277283300762,137.75212891701085,138.74016250000568,138.74016250000568,138.74016250000568,138.74016250000568,138.7478194580035,139.74068550000084,139.74068550000084,140.04211875000328,z,1,0.2916049159975955,None,,,,,parti3,001,2025-10-02_15h57.01.041,MotorSequenceLearning_NupurShah,,2025.1.1,119.4128460958515,2025-10-02 15h57.58.102804 +0530,
-50,x,56,0,14,x,1,0.29662199900485575,None,14,0,56,0,,,,,140.05138270799944,,140.04263408300176,140.05138270799944,141.03312600000936,141.03312600000936,141.03312600000936,141.03312600000936,141.04791187500814,142.04076020800858,142.04076020800858,142.34181904200523,x,1,0.29662199900485575,None,,,,,parti3,001,2025-10-02_15h57.01.041,MotorSequenceLearning_NupurShah,,2025.1.1,119.4128460958515,2025-10-02 15h57.58.102804 +0530,
150,v,57,1,14,v,1,0.1449848740012385,None,14,1,57,1,,,,,142.35100716700254,,142.34229391701228,142.35100716700254,143.3331635830109,143.3331635830109,143.3331635830109,143.3331635830109,143.34841245799907,144.3323219169979,144.3323219169979,144.48222050000913,v,1,0.1449848740012385,None,,,,,parti3,001,2025-10-02_15h57.01.041,MotorSequenceLearning_NupurShah,,2025.1.1,119.4128460958515,2025-10-02 15h57.58.102804 +0530,
50,c,58,2,14,c,1,1.234977499989327,None,14,2,58,2,,,,,144.49232312499953,,144.4827216249978,144.49232312499953,145.47417229200073,145.47417229200073,145.47417229200073,145.47417229200073,145.49035008301144,146.47413387500274,146.47413387500274,147.71611700000358,c,1,1.234977499989327,None,,,,,parti3,001,2025-10-02_15h57.01.041,MotorSequenceLearning_NupurShah,,2025.1.1,119.4128460958515,2025-10-02 15h57.58.102804 +0530,
-150,z,59,3,14,z,1,0.28720233200874645,None,14,3,59,3,,,,,147.74059325001144,,147.71664404201147,147.74059325001144,148.71712200000184,148.71712200000184,148.71712200000184,148.71712200000184,148.73208895800053,149.70702020800672,149.70702020800672,149.99956695800938,z,1,0.28720233200874645,None,,,,,parti3,001,2025-10-02_15h57.01.041,MotorSequenceLearning_NupurShah,,2025.1.1,119.4128460958515,2025-10-02 15h57.58.102804 +0530,
-50,x,60,0,15,x,1,0.3164145000046119,None,15,0,60,0,,,,,150.00959475000855,,150.0000753330096,150.00959475000855,150.9993916250096,150.9993916250096,150.9993916250096,150.9993916250096,151.0079947500053,151.99882100000104,151.99882100000104,152.3258341250039,x,1,0.3164145000046119,None,,,,,parti3,001,2025-10-02_15h57.01.041,MotorSequenceLearning_NupurShah,,2025.1.1,119.4128460958515,2025-10-02 15h57.58.102804 +0530,
150,v,61,1,15,v,1,0.33435954099695664,None,15,1,61,1,,,,,152.33605541700672,,152.32643387500138,152.33605541700672,153.32449712500966,153.32449712500966,153.32449712500966,153.32449712500966,153.33279516700713,154.32382712500112,154.32382712500112,154.66625850000128,v,1,0.33435954099695664,None,,,,,parti3,001,2025-10-02_15h57.01.041,MotorSequenceLearning_NupurShah,,2025.1.1,119.4128460958515,2025-10-02 15h57.58.102804 +0530,
50,c,62,2,15,c,1,0.10274720800225623,None,15,2,62,2,,,,,154.6763312920084,,154.66675050000777,154.6763312920084,155.66684545800672,155.66684545800672,155.66684545800672,155.66684545800672,155.67463904200122,156.66662633301166,156.66662633301166,156.7759515830112,c,1,0.10274720800225623,None,,,,,parti3,001,2025-10-02_15h57.01.041,MotorSequenceLearning_NupurShah,,2025.1.1,119.4128460958515,2025-10-02 15h57.58.102804 +0530,
-150,z,63,3,15,z,1,0.26444245799211785,None,15,3,63,3,,,,,156.7861675000022,,156.77655054201023,156.7861675000022,157.77466066701163,157.77466066701163,157.77466066701163,157.77466066701163,157.7825601670047,158.7738376250054,158.7738376250054,159.0422845830035,z,1,0.26444245799211785,None,,,,,parti3,001,2025-10-02_15h57.01.041,MotorSequenceLearning_NupurShah,,2025.1.1,119.4128460958515,2025-10-02 15h57.58.102804 +0530,
-50,x,64,0,16,x,1,0.41629041598935146,None,16,0,64,0,,,,,159.0516565420112,,159.0427647500037,159.0516565420112,160.03352966700913,160.03352966700913,160.03352966700913,160.03352966700913,160.05016595800407,161.03282254200894,161.03282254200894,161.45962662500096,x,1,0.41629041598935146,None,,,,,parti3,001,2025-10-02_15h57.01.041,MotorSequenceLearning_NupurShah,,2025.1.1,119.4128460958515,2025-10-02 15h57.58.102804 +0530,
150,v,65,1,16,v,1,0.4635242910007946,None,16,1,65,1,,,,,161.47006883300492,,161.46038874999795,161.47006883300492,162.45782287500333,162.45782287500333,162.45782287500333,162.45782287500333,162.4654206670093,163.45774695801083,163.45774695801083,163.92603050000616,v,1,0.4635242910007946,None,,,,,parti3,001,2025-10-02_15h57.01.041,MotorSequenceLearning_NupurShah,,2025.1.1,119.4128460958515,2025-10-02 15h57.58.102804 +0530,
50,c,66,2,16,c,1,0.5208087909995811,None,16,2,66,2,,,,,163.93663475000358,,163.92660025000805,163.93663475000358,164.92494283300766,164.92494283300766,164.92494283300766,164.92494283300766,164.93267624999862,165.924409750005,165.924409750005,166.44984508299967,c,1,0.5208087909995811,None,,,,,parti3,001,2025-10-02_15h57.01.041,MotorSequenceLearning_NupurShah,,2025.1.1,119.4128460958515,2025-10-02 15h57.58.102804 +0530,
-150,z,67,3,16,z,1,0.4689834579912713,None,16,3,67,3,,,,,166.45990437500586,,166.45034970800043,166.45990437500586,167.45029866701225,167.45029866701225,167.45029866701225,167.45029866701225,167.4583574999997,168.44917958301085,168.44917958301085,168.925671917008,z,1,0.4689834579912713,None,,,,,parti3,001,2025-10-02_15h57.01.041,MotorSequenceLearning_NupurShah,,2025.1.1,119.4128460958515,2025-10-02 15h57.58.102804 +0530,
-50,x,68,0,17,x,1,0.4883196659939131,None,17,0,68,0,,,,,168.93515483300143,,168.92618337500608,168.93515483300143,169.91693441700772,169.91693441700772,169.91693441700772,169.91693441700772,169.93190779200813,170.91693074999785,170.91693074999785,171.4089787080011,x,1,0.4883196659939131,None,,,,,parti3,001,2025-10-02_15h57.01.041,MotorSequenceLearning_NupurShah,,2025.1.1,119.4128460958515,2025-10-02 15h57.58.102804 +0530,
150,v,69,1,17,v,1,0.9461040409951238,None,17,1,69,1,,,,,171.41837762499927,,171.4094530000002,171.41837762499927,172.40027620800538,172.40027620800538,172.40027620800538,172.40027620800538,172.41538166700047,173.40004158300871,173.40004158300871,174.34991062500922,v,1,0.9461040409951238,None,,,,,parti3,001,2025-10-02_15h57.01.041,MotorSequenceLearning_NupurShah,,2025.1.1,119.4128460958515,2025-10-02 15h57.58.102804 +0530,
50,c,70,2,17,c,1,0.4797739579953486,None,17,2,70,2,,,,,174.36017216699838,,174.35038162500132,174.36017216699838,175.34962449999875,175.34962449999875,175.34962449999875,175.34962449999875,175.357547874999,176.34934891700686,176.34934891700686,176.83313687500777,c,1,0.4797739579953486,None,,,,,parti3,001,2025-10-02_15h57.01.041,MotorSequenceLearning_NupurShah,,2025.1.1,119.4128460958515,2025-10-02 15h57.58.102804 +0530,
-150,z,71,3,17,z,1,0.332420374994399,None,17,3,71,3,,,,,176.84313183301128,,176.83359741700406,176.84313183301128,177.83364829199854,177.83364829199854,177.83364829199854,177.83364829199854,177.84149116701155,178.83279095801117,178.83279095801117,179.1664957920002,z,1,0.332420374994399,None,,,,,parti3,001,2025-10-02_15h57.01.041,MotorSequenceLearning_NupurShah,,2025.1.1,119.4128460958515,2025-10-02 15h57.58.102804 +0530,
-50,x,72,0,18,x,1,0.32690166600514203,None,18,0,72,0,,,,,179.17475266700785,,179.1669659580075,179.17475266700785,180.16690675000427,180.16690675000427,180.16690675000427,180.16690675000427,180.16690675000427,181.16615504201036,181.16615504201036,181.49956045800354,x,1,0.32690166600514203,None,,,,,parti3,001,2025-10-02_15h57.01.041,MotorSequenceLearning_NupurShah,,2025.1.1,119.4128460958515,2025-10-02 15h57.58.102804 +0530,
150,v,73,1,18,v,1,0.4906616660009604,None,18,1,73,1,,,,,181.50980287500715,,181.500044875007,181.50980287500715,182.50131391700415,182.50131391700415,182.50131391700415,182.50131391700415,182.50895291700726,183.49139237499912,183.49139237499912,183.9928476250061,v,1,0.4906616660009604,None,,,,,parti3,001,2025-10-02_15h57.01.041,MotorSequenceLearning_NupurShah,,2025.1.1,119.4128460958515,2025-10-02 15h57.58.102804 +0530,
50,c,74,2,18,c,1,0.3194233329995768,None,18,2,74,2,,,,,184.00281716699828,,183.99334170800284,184.00281716699828,184.9914041669981,184.9914041669981,184.9914041669981,184.9914041669981,184.99902445801126,185.9917085830093,185.9917085830093,186.31669454200892,c,1,0.3194233329995768,None,,,,,parti3,001,2025-10-02_15h57.01.041,MotorSequenceLearning_NupurShah,,2025.1.1,119.4128460958515,2025-10-02 15h57.58.102804 +0530,
-150,z,75,3,18,z,1,1.175774999006535,None,18,3,75,3,,,,,186.3268374170002,,186.31718145799823,186.3268374170002,187.31729183300922,187.31729183300922,187.31729183300922,187.31729183300922,187.3251956669992,188.3081530000054,188.3081530000054,189.4926900420105,z,1,1.175774999006535,None,,,,,parti3,001,2025-10-02_15h57.01.041,MotorSequenceLearning_NupurShah,,2025.1.1,119.4128460958515,2025-10-02 15h57.58.102804 +0530,
-50,x,76,0,19,x,1,0.6753813739924226,None,19,0,76,0,,,,,189.50253212499956,,189.49317291700572,189.50253212499956,190.48363695800072,190.48363695800072,190.48363695800072,190.48363695800072,190.49940741700993,191.49158762500156,191.49158762500156,192.17599516701011,x,1,0.6753813739924226,None,,,,,parti3,001,2025-10-02_15h57.01.041,MotorSequenceLearning_NupurShah,,2025.1.1,119.4128460958515,2025-10-02 15h57.58.102804 +0530,
150,v,77,1,19,v,1,0.9065892910002731,None,19,1,77,1,,,,,192.1853490830108,,192.17646850000892,192.1853490830108,193.17573545800406,193.17573545800406,193.17573545800406,193.17573545800406,193.18343445799837,194.17452883299848,194.17452883299848,195.08308070800558,v,1,0.9065892910002731,None,,,,,parti3,001,2025-10-02_15h57.01.041,MotorSequenceLearning_NupurShah,,2025.1.1,119.4128460958515,2025-10-02 15h57.58.102804 +0530,
50,c,78,2,19,c,1,0.9687516660051188,None,19,2,78,2,,,,,195.09160020800482,,195.08353595800872,195.09160020800482,196.0836443330045,196.0836443330045,196.0836443330045,196.0836443330045,196.0836443330045,197.08325454199803,197.08325454199803,198.05947300000116,c,1,0.9687516660051188,None,,,,,parti3,001,2025-10-02_15h57.01.041,MotorSequenceLearning_NupurShah,,2025.1.1,119.4128460958515,2025-10-02 15h57.58.102804 +0530,
-150,z,79,3,19,z,1,0.35739049898984376,None,19,3,79,3,,,,,198.06924929200613,,198.05992870801128,198.06924929200613,199.0506057080056,199.0506057080056,199.0506057080056,199.0506057080056,199.06612908300303,200.05056558300566,200.05056558300566,200.40964191700914,z,1,0.35739049898984376,None,,,,,parti3,001,2025-10-02_15h57.01.041,MotorSequenceLearning_NupurShah,,2025.1.1,119.4128460958515,2025-10-02 15h57.58.102804 +0530,
-50,x,80,0,20,x,1,0.4072403320024023,None,20,0,80,0,,,,,200.41606733300432,,200.41008837500704,200.41606733300432,201.4086521670106,201.4086521670106,201.4086521670106,201.4086521670106,201.41688595800952,202.4078647080023,202.4078647080023,202.8173245000071,x,1,0.4072403320024023,None,,,,,parti3,001,2025-10-02_15h57.01.041,MotorSequenceLearning_NupurShah,,2025.1.1,119.4128460958515,2025-10-02 15h57.58.102804 +0530,
150,v,81,1,20,v,1,0.27410020800016355,None,20,1,81,1,,,,,202.84199287500815,,202.81787900000927,202.84199287500815,203.81692491700232,203.81692491700232,203.81692491700232,203.81692491700232,203.83244954200927,204.81695550000586,204.81695550000586,205.0938705830049,v,1,0.27410020800016355,None,,,,,parti3,001,2025-10-02_15h57.01.041,MotorSequenceLearning_NupurShah,,2025.1.1,119.4128460958515,2025-10-02 15h57.58.102804 +0530,
50,c,82,2,20,c,1,0.2991057070030365,None,20,2,82,2,,,,,205.10326587500458,,205.094521542007,205.10326587500458,206.0920769170043,206.0920769170043,206.0920769170043,206.0920769170043,206.0997095000057,207.09185295800853,207.09185295800853,207.3934518330061,c,1,0.2991057070030365,None,,,,,parti3,001,2025-10-02_15h57.01.041,MotorSequenceLearning_NupurShah,,2025.1.1,119.4128460958515,2025-10-02 15h57.58.102804 +0530,
-150,z,83,3,20,z,1,0.31510704099491704,None,20,3,83,3,,,,,207.40366495800845,,207.3939542080043,207.40366495800845,208.39192570799787,208.39192570799787,208.39192570799787,208.39192570799787,208.3995782080019,209.3918187500094,209.3918187500094,209.710062750004,z,1,0.31510704099491704,None,,,,,parti3,001,2025-10-02_15h57.01.041,MotorSequenceLearning_NupurShah,,2025.1.1,119.4128460958515,2025-10-02 15h57.58.102804 +0530,
-50,x,84,0,21,x,1,0.2523539990070276,None,21,0,84,0,,,,,209.7203710830072,,209.71063441700244,209.7203710830072,210.70876675000181,210.70876675000181,210.70876675000181,210.70876675000181,210.7171508330066,211.70854062501166,211.70854062501166,211.9671952080098,x,1,0.2523539990070276,None,,,,,parti3,001,2025-10-02_15h57.01.041,MotorSequenceLearning_NupurShah,,2025.1.1,119.4128460958515,2025-10-02 15h57.58.102804 +0530,
150,v,85,1,21,v,1,0.27736758199171163,None,21,1,85,1,,,,,211.97719841700746,,211.96767112500675,211.97719841700746,212.9678584580106,212.9678584580106,212.9678584580106,212.9678584580106,212.9758563330106,213.95868070800498,213.95868070800498,214.24330333300168,v,1,0.27736758199171163,None,,,,,parti3,001,2025-10-02_15h57.01.041,MotorSequenceLearning_NupurShah,,2025.1.1,119.4128460958515,2025-10-02 15h57.58.102804 +0530,
50,c,86,2,21,c,1,0.29115920700132847,None,21,2,86,2,,,,,214.25254916700942,,214.24376279200078,214.25254916700942,215.24188383300498,215.24188383300498,215.24188383300498,215.24188383300498,215.2495435000019,216.24188779199903,216.24188779199903,216.54328250000253,c,1,0.29115920700132847,None,,,,,parti3,001,2025-10-02_15h57.01.041,MotorSequenceLearning_NupurShah,,2025.1.1,119.4128460958515,2025-10-02 15h57.58.102804 +0530,
-150,z,87,3,21,z,1,0.295878207005444,None,21,3,87,3,,,,,216.55262295799912,,216.54374408299918,216.55262295799912,217.54203066699847,217.54203066699847,217.54203066699847,217.54203066699847,217.5495922500122,218.54205450000882,218.54205450000882,218.84301004200825,z,1,0.295878207005444,None,,,,,parti3,001,2025-10-02_15h57.01.041,MotorSequenceLearning_NupurShah,,2025.1.1,119.4128460958515,2025-10-02 15h57.58.102804 +0530,
-50,x,88,0,22,x,1,0.2817028739955276,None,22,0,88,0,,,,,218.85264820800512,,218.84349120801198,218.85264820800512,219.8343515000015,219.8343515000015,219.8343515000015,219.8343515000015,219.8498520830035,220.83331100000942,220.83331100000942,221.1172482920083,x,1,0.2817028739955276,None,,,,,parti3,001,2025-10-02_15h57.01.041,MotorSequenceLearning_NupurShah,,2025.1.1,119.4128460958515,2025-10-02 15h57.58.102804 +0530,
150,v,89,1,22,v,1,0.2991248329926748,None,22,1,89,1,,,,,221.12766949999786,,221.11780595799792,221.12766949999786,222.11787279200507,222.11787279200507,222.11787279200507,222.11787279200507,222.12555675000476,223.10868112499884,223.10868112499884,223.41006841701164,v,1,0.2991248329926748,None,,,,,parti3,001,2025-10-02_15h57.01.041,MotorSequenceLearning_NupurShah,,2025.1.1,119.4128460958515,2025-10-02 15h57.58.102804 +0530,
50,c,90,2,22,c,1,0.5481834990059724,None,22,2,90,2,,,,,223.41952850000234,,223.41055087500717,223.41952850000234,224.40084058301,224.40084058301,224.40084058301,224.40084058301,224.41650429200672,225.40868945801049,225.40868945801049,225.9601327499986,c,1,0.5481834990059724,None,,,,,parti3,001,2025-10-02_15h57.01.041,MotorSequenceLearning_NupurShah,,2025.1.1,119.4128460958515,2025-10-02 15h57.58.102804 +0530,
-150,z,91,3,22,z,1,0.3669647500064457,None,22,3,91,3,,,,,225.969312250003,,225.96060458300053,225.969312250003,226.95879112499824,226.95879112499824,226.95879112499824,226.95879112499824,226.96652766699845,227.95878395800537,227.95878395800537,228.33429245800653,z,1,0.3669647500064457,None,,,,,parti3,001,2025-10-02_15h57.01.041,MotorSequenceLearning_NupurShah,,2025.1.1,119.4128460958515,2025-10-02 15h57.58.102804 +0530,
-50,x,92,0,23,x,1,0.3128600829950301,None,23,0,92,0,,,,,228.35899987501034,,228.33475033300056,228.35899987501034,229.33467604200996,229.33467604200996,229.33467604200996,229.33467604200996,229.34968837500492,230.33403429199825,230.33403429199825,230.65067179199832,x,1,0.3128600829950301,None,,,,,parti3,001,2025-10-02_15h57.01.041,MotorSequenceLearning_NupurShah,,2025.1.1,119.4128460958515,2025-10-02 15h57.58.102804 +0530,
150,v,93,1,23,v,1,0.634900249002385,None,23,1,93,1,,,,,230.66081591699913,,230.65114087500842,230.66081591699913,231.6513510000077,231.6513510000077,231.6513510000077,231.6513510000077,231.65908987500006,232.65087595800287,232.65087595800287,233.29274475001148,v,1,0.634900249002385,None,,,,,parti3,001,2025-10-02_15h57.01.041,MotorSequenceLearning_NupurShah,,2025.1.1,119.4128460958515,2025-10-02 15h57.58.102804 +0530,
50,c,94,2,23,c,1,0.30556262499885634,None,23,2,94,2,,,,,233.3015239170054,,233.29311258300731,233.3015239170054,234.28589658300916,234.28589658300916,234.28589658300916,234.28589658300916,234.29344841701095,235.28435575000185,235.28435575000185,235.59353704200475,c,1,0.30556262499885634,None,,,,,parti3,001,2025-10-02_15h57.01.041,MotorSequenceLearning_NupurShah,,2025.1.1,119.4128460958515,2025-10-02 15h57.58.102804 +0530,
-150,z,95,3,23,z,1,0.3375489989994094,None,23,3,95,3,,,,,235.60326499999792,,235.59401650000655,235.60326499999792,236.5923483330116,236.5923483330116,236.5923483330116,236.5923483330116,236.600171625003,237.59228675000486,237.59228675000486,237.93420366699866,z,1,0.3375489989994094,None,,,,,parti3,001,2025-10-02_15h57.01.041,MotorSequenceLearning_NupurShah,,2025.1.1,119.4128460958515,2025-10-02 15h57.58.102804 +0530,
-50,x,96,0,24,x,1,0.3204977490095189,None,24,0,96,0,,,,,237.9441150000057,,237.93466520799848,237.9441150000057,238.93462991699926,238.93462991699926,238.93462991699926,238.93462991699926,238.94243137500598,239.93443920800928,239.93443920800928,240.26021950000722,x,1,0.3204977490095189,None,,,,,parti3,001,2025-10-02_15h57.01.041,MotorSequenceLearning_NupurShah,,2025.1.1,119.4128460958515,2025-10-02 15h57.58.102804 +0530,
150,v,97,1,24,v,1,0.4057507079996867,None,24,1,97,1,,,,,240.2696630420105,,240.26066600000195,240.2696630420105,241.25138245800918,241.25138245800918,241.25138245800918,241.25138245800918,241.26702545800072,242.25101220799843,242.25101220799843,242.66072658300982,v,1,0.4057507079996867,None,,,,,parti3,001,2025-10-02_15h57.01.041,MotorSequenceLearning_NupurShah,,2025.1.1,119.4128460958515,2025-10-02 15h57.58.102804 +0530,
50,c,98,2,24,c,1,1.2138328330038348,None,24,2,98,2,,,,,242.67112641700078,,242.66129591700155,242.67112641700078,243.6593904170004,243.6593904170004,243.6593904170004,243.6593904170004,243.6670469170058,244.65904075000435,244.65904075000435,245.87684804201126,c,1,1.2138328330038348,None,,,,,parti3,001,2025-10-02_15h57.01.041,MotorSequenceLearning_NupurShah,,2025.1.1,119.4128460958515,2025-10-02 15h57.58.102804 +0530,
-150,z,99,3,24,z,1,0.32105495799623895,None,24,3,99,3,,,,,245.8863803330023,,245.8773485420097,245.8863803330023,246.86795408300532,246.86795408300532,246.86795408300532,246.86795408300532,246.88355316700472,247.87571504199877,247.87571504199877,248.2014032080042,z,1,0.32105495799623895,None,,,,,parti3,001,2025-10-02_15h57.01.041,MotorSequenceLearning_NupurShah,,2025.1.1,119.4128460958515,2025-10-02 15h57.58.102804 +0530,
-50,x,100,0,25,x,1,0.39079733299149666,None,25,0,100,0,,,,,248.21176575000572,,248.2019552920101,248.21176575000572,249.20137604200863,249.20137604200863,249.20137604200863,249.20137604200863,249.20917987500434,250.20180641701154,250.20180641701154,250.60468962500454,x,1,0.39079733299149666,None,,,,,parti3,001,2025-10-02_15h57.01.041,MotorSequenceLearning_NupurShah,,2025.1.1,119.4128460958515,2025-10-02 15h57.58.102804 +0530,
150,v,101,1,25,v,1,0.38133899999957066,None,25,1,101,1,,,,,250.62601970801188,,250.60511741699884,250.62601970801188,251.60130675000255,251.60130675000255,251.60130675000255,251.60130675000255,251.61715608301165,252.6003118330118,252.6003118330118,252.98410770800547,v,1,0.38133899999957066,None,,,,,parti3,001,2025-10-02_15h57.01.041,MotorSequenceLearning_NupurShah,,2025.1.1,119.4128460958515,2025-10-02 15h57.58.102804 +0530,
50,c,102,2,25,c,1,0.3027070829994045,None,25,2,102,2,,,,,252.99409662499966,,252.98459441700834,252.99409662499966,253.9841498330061,253.9841498330061,253.9841498330061,253.9841498330061,253.9841498330061,254.97587300000305,254.97587300000305,255.28215091700258,c,1,0.3027070829994045,None,,,,,parti3,001,2025-10-02_15h57.01.041,MotorSequenceLearning_NupurShah,,2025.1.1,119.4128460958515,2025-10-02 15h57.58.102804 +0530,
-150,z,103,3,25,z,1,0.38358879100997,None,25,3,103,3,,,,,255.29234995800653,,255.28257504200155,255.29234995800653,256.2755450830009,256.2755450830009,256.2755450830009,256.2755450830009,256.28376737500366,257.27592549999827,257.27592549999827,257.66768729200703,z,1,0.38358879100997,None,,,,,parti3,001,2025-10-02_15h57.01.041,MotorSequenceLearning_NupurShah,,2025.1.1,119.4128460958515,2025-10-02 15h57.58.102804 +0530,
-50,x,104,0,26,x,1,0.5157262489956338,None,26,0,104,0,,,,,257.67806437500985,,257.66817770800844,257.67806437500985,258.6678842500114,258.6678842500114,258.6678842500114,258.6678842500114,258.67603916701046,259.6678927920002,259.6678927920002,260.1937312920054,x,1,0.5157262489956338,None,,,,,parti3,001,2025-10-02_15h57.01.041,MotorSequenceLearning_NupurShah,,2025.1.1,119.4128460958515,2025-10-02 15h57.58.102804 +0530,
150,v,105,1,26,v,1,0.44280212400190067,None,26,1,105,1,,,,,260.20351725000364,,260.1942146250076,260.20351725000364,261.18512529200234,261.18512529200234,261.18512529200234,261.18512529200234,261.20062975000474,262.1849109580071,262.1849109580071,262.63408591700136,v,1,0.44280212400190067,None,,,,,parti3,001,2025-10-02_15h57.01.041,MotorSequenceLearning_NupurShah,,2025.1.1,119.4128460958515,2025-10-02 15h57.58.102804 +0530,
50,c,106,2,26,c,1,0.32265466600074433,None,26,2,106,2,,,,,262.64361954201013,,262.63447258299857,262.64361954201013,263.6341640419996,263.6341640419996,263.6341640419996,263.6341640419996,263.6341640419996,264.62603050000325,264.62603050000325,264.9514848750114,c,1,0.32265466600074433,None,,,,,parti3,001,2025-10-02_15h57.01.041,MotorSequenceLearning_NupurShah,,2025.1.1,119.4128460958515,2025-10-02 15h57.58.102804 +0530,
-150,z,107,3,26,z,1,0.2968291660072282,None,26,3,107,3,,,,,264.9616781250079,,264.9519382080034,264.9616781250079,265.95182387500245,265.95182387500245,265.95182387500245,265.95182387500245,265.95996962500794,266.95085908300825,266.95085908300825,267.25149083300494,z,1,0.2968291660072282,None,,,,,parti3,001,2025-10-02_15h57.01.041,MotorSequenceLearning_NupurShah,,2025.1.1,119.4128460958515,2025-10-02 15h57.58.102804 +0530,
-50,x,108,0,27,x,1,0.395045957993716,None,27,0,108,0,,,,,267.2613405830052,,267.25194987500436,267.2613405830052,268.2533269580017,268.2533269580017,268.2533269580017,268.2533269580017,268.26082266699814,269.251593375011,269.251593375011,269.6514592080057,x,1,0.395045957993716,None,,,,,parti3,001,2025-10-02_15h57.01.041,MotorSequenceLearning_NupurShah,,2025.1.1,119.4128460958515,2025-10-02 15h57.58.102804 +0530,
150,v,109,1,27,v,1,0.34883774899935815,None,27,1,109,1,,,,,269.6613802500069,,269.651952375003,269.6613802500069,270.6517904170032,270.6517904170032,270.6517904170032,270.6517904170032,270.65987354201206,271.65079408300517,271.65079408300517,272.0012267080019,v,1,0.34883774899935815,None,,,,,parti3,001,2025-10-02_15h57.01.041,MotorSequenceLearning_NupurShah,,2025.1.1,119.4128460958515,2025-10-02 15h57.58.102804 +0530,
50,c,110,2,27,c,1,0.4048789990047226,None,27,2,110,2,,,,,272.0113817500096,,272.00169487499807,272.0113817500096,273.00228929200966,273.00228929200966,273.00228929200966,273.00228929200966,273.0101166250097,273.99280720800743,273.99280720800743,274.4013361670077,c,1,0.4048789990047226,None,,,,,parti3,001,2025-10-02_15h57.01.041,MotorSequenceLearning_NupurShah,,2025.1.1,119.4128460958515,2025-10-02 15h57.58.102804 +0530,
-150,z,111,3,27,z,1,0.40768929100886453,None,27,3,111,3,,,,,274.4264837080118,,274.40189425001154,274.4264837080118,275.40188054200553,275.40188054200553,275.40188054200553,275.40188054200553,275.41686695801036,276.39286037501006,276.39286037501006,276.8112507920014,z,1,0.40768929100886453,None,,,,,parti3,001,2025-10-02_15h57.01.041,MotorSequenceLearning_NupurShah,,2025.1.1,119.4128460958515,2025-10-02 15h57.58.102804 +0530,
-50,x,112,0,28,x,1,0.5010229990002699,None,28,0,112,0,,,,,276.82158933300525,,276.8118083330046,276.82158933300525,277.80909133300884,277.80909133300884,277.80909133300884,277.80909133300884,277.81683420800255,278.8095609170123,278.8095609170123,279.31799929200497,x,1,0.5010229990002699,None,,,,,parti3,001,2025-10-02_15h57.01.041,MotorSequenceLearning_NupurShah,,2025.1.1,119.4128460958515,2025-10-02 15h57.58.102804 +0530,
150,v,113,1,28,v,1,0.3357429160096217,None,28,1,113,1,,,,,279.34329112499836,,279.31854579200444,279.34329112499836,280.31888791700476,280.31888791700476,280.31888791700476,280.31888791700476,280.3343982080114,281.31782795800245,281.31782795800245,281.6608790419996,v,1,0.3357429160096217,None,,,,,parti3,001,2025-10-02_15h57.01.041,MotorSequenceLearning_NupurShah,,2025.1.1,119.4128460958515,2025-10-02 15h57.58.102804 +0530,
50,c,114,2,28,c,1,0.6628958320070524,None,28,2,114,2,,,,,281.67075099999784,,281.661436667011,281.67075099999784,282.6596745420102,282.6596745420102,282.6596745420102,282.6596745420102,282.667430417001,283.6597562079987,283.6597562079987,284.3273537920031,c,1,0.6628958320070524,None,,,,,parti3,001,2025-10-02_15h57.01.041,MotorSequenceLearning_NupurShah,,2025.1.1,119.4128460958515,2025-10-02 15h57.58.102804 +0530,
-150,z,115,3,28,z,1,0.33845091599505395,None,28,3,115,3,,,,,284.3368972919998,,284.3278228749987,284.3368972919998,285.3185654580011,285.3185654580011,285.3185654580011,285.3185654580011,285.3340178750077,286.31817208300345,286.31817208300345,286.66090879200783,z,1,0.33845091599505395,None,,,,,parti3,001,2025-10-02_15h57.01.041,MotorSequenceLearning_NupurShah,,2025.1.1,119.4128460958515,2025-10-02 15h57.58.102804 +0530,
-50,x,116,0,29,x,1,0.3044282079936238,None,29,0,116,0,,,,,286.67003983299946,,286.66136350001034,286.67003983299946,287.6525895829982,287.6525895829982,287.6525895829982,287.6525895829982,287.6606039170001,288.6512099170068,288.6512099170068,288.96112712500326,x,1,0.3044282079936238,None,,,,,parti3,001,2025-10-02_15h57.01.041,MotorSequenceLearning_NupurShah,,2025.1.1,119.4128460958515,2025-10-02 15h57.58.102804 +0530,
150,v,117,1,29,v,1,0.32021679100580513,None,29,1,117,1,,,,,288.97165279201,,288.9617003750027,288.97165279201,289.95982670800004,289.95982670800004,289.95982670800004,289.95982670800004,289.967544500003,290.9592462080036,290.9592462080036,291.2847491670109,v,1,0.32021679100580513,None,,,,,parti3,001,2025-10-02_15h57.01.041,MotorSequenceLearning_NupurShah,,2025.1.1,119.4128460958515,2025-10-02 15h57.58.102804 +0530,
50,c,118,2,29,c,1,0.36415695800678805,None,29,2,118,2,,,,,291.2948299999989,,291.28521850000834,291.2948299999989,292.2853549170104,292.2853549170104,292.2853549170104,292.2853549170104,292.29315704200417,293.2853746670007,293.2853746670007,293.65165062500455,c,1,0.36415695800678805,None,,,,,parti3,001,2025-10-02_15h57.01.041,MotorSequenceLearning_NupurShah,,2025.1.1,119.4128460958515,2025-10-02 15h57.58.102804 +0530,
-150,z,119,3,29,z,1,0.43238566600484774,None,29,3,119,3,,,,,293.66158208300476,,293.6521017500054,293.66158208300476,294.65239304200804,294.65239304200804,294.65239304200804,294.65239304200804,294.660456417012,295.64312162500573,295.64312162500573,296.0778520830063,z,1,0.43238566600484774,None,,,,,parti3,001,2025-10-02_15h57.01.041,MotorSequenceLearning_NupurShah,,2025.1.1,119.4128460958515,2025-10-02 15h57.58.102804 +0530,
-50,x,120,0,30,x,1,0.2678033330012113,None,30,0,120,0,,,,,296.0843606670096,,296.078301542002,296.0843606670096,297.07672700000694,297.07672700000694,297.07672700000694,297.07672700000694,297.07672700000694,298.0766316250083,298.0766316250083,298.351503124999,x,1,0.2678033330012113,None,,,,,parti3,001,2025-10-02_15h57.01.041,MotorSequenceLearning_NupurShah,,2025.1.1,119.4128460958515,2025-10-02 15h57.58.102804 +0530,
150,v,121,1,30,v,1,0.30634849998750724,None,30,1,121,1,,,,,298.3620773750008,,298.35207854201144,298.3620773750008,299.34265908300586,299.34265908300586,299.34265908300586,299.34265908300586,299.36008320801193,300.3520258750068,300.3520258750068,300.6612188750005,v,1,0.30634849998750724,None,,,,,parti3,001,2025-10-02_15h57.01.041,MotorSequenceLearning_NupurShah,,2025.1.1,119.4128460958515,2025-10-02 15h57.58.102804 +0530,
50,c,122,2,30,c,1,0.26490187499439344,None,30,2,122,2,,,,,300.67037358300877,,300.66171287500765,300.67037358300877,301.6596190420096,301.6596190420096,301.6596190420096,301.6596190420096,301.6676614580065,302.65946008299943,302.65946008299943,302.92816279199906,c,1,0.26490187499439344,None,,,,,parti3,001,2025-10-02_15h57.01.041,MotorSequenceLearning_NupurShah,,2025.1.1,119.4128460958515,2025-10-02 15h57.58.102804 +0530,
-150,z,123,3,30,z,1,0.29469458300445694,None,30,3,123,3,,,,,302.9382892920112,,302.9287161250104,302.9382892920112,303.92617441700713,303.92617441700713,303.92617441700713,303.92617441700713,303.9344132080005,304.9268667080032,304.9268667080032,305.2283421250031,z,1,0.29469458300445694,None,,,,,parti3,001,2025-10-02_15h57.01.041,MotorSequenceLearning_NupurShah,,2025.1.1,119.4128460958515,2025-10-02 15h57.58.102804 +0530,
-50,x,124,0,31,x,1,0.6557471659907605,None,31,0,124,0,,,,,305.23880666701007,,305.22892229200806,305.23880666701007,306.2266990830103,306.2266990830103,306.2266990830103,306.2266990830103,306.2344362080039,307.22662333300104,307.22662333300104,307.8850918750104,x,1,0.6557471659907605,None,,,,,parti3,001,2025-10-02_15h57.01.041,MotorSequenceLearning_NupurShah,,2025.1.1,119.4128460958515,2025-10-02 15h57.58.102804 +0530,
150,v,125,1,31,v,1,0.414480082996306,None,31,1,125,1,,,,,307.8946543750062,,307.8855787920038,307.8946543750062,308.88587483300944,308.88587483300944,308.88587483300944,308.88587483300944,308.8935710000078,309.8848750000034,309.8848750000034,310.30177408301097,v,1,0.414480082996306,None,,,,,parti3,001,2025-10-02_15h57.01.041,MotorSequenceLearning_NupurShah,,2025.1.1,119.4128460958515,2025-10-02 15h57.58.102804 +0530,
50,c,126,2,31,c,1,0.3214959990000352,None,31,2,126,2,,,,,310.311699583006,,310.3022512919997,310.311699583006,311.3023731249996,311.3023731249996,311.3023731249996,311.3023731249996,311.31009766701027,312.2928623330081,312.2928623330081,312.61877612500393,c,1,0.3214959990000352,None,,,,,parti3,001,2025-10-02_15h57.01.041,MotorSequenceLearning_NupurShah,,2025.1.1,119.4128460958515,2025-10-02 15h57.58.102804 +0530,
-150,z,127,3,31,z,1,0.4000532069912879,None,31,3,127,3,,,,,312.64348625000275,,312.61933458301064,312.64348625000275,313.61864808300743,313.61864808300743,313.61864808300743,313.61864808300743,313.6341715830058,314.6182367080037,314.6182367080037,315.02765575000376,z,1,0.4000532069912879,None,,,,,parti3,001,2025-10-02_15h57.01.041,MotorSequenceLearning_NupurShah,,2025.1.1,119.4128460958515,2025-10-02 15h57.58.102804 +0530,
-50,x,128,0,32,x,1,0.5949881660053506,None,32,0,128,0,,,,,315.036830750003,,315.02815270800784,315.036830750003,316.0191275830002,316.0191275830002,316.0191275830002,316.0191275830002,316.03431724999973,317.02631029199983,317.02631029199983,317.62826399999904,x,1,0.5949881660053506,None,,,,,parti3,001,2025-10-02_15h57.01.041,MotorSequenceLearning_NupurShah,,2025.1.1,119.4128460958515,2025-10-02 15h57.58.102804 +0530,
150,v,129,1,32,v,1,0.5511013740033377,None,32,1,129,1,,,,,317.63731433299836,,317.62868670800526,317.63731433299836,318.62772112499806,318.62772112499806,318.62772112499806,318.62772112499806,318.63541862501006,319.6271757080103,319.6271757080103,320.18518491700524,v,1,0.5511013740033377,None,,,,,parti3,001,2025-10-02_15h57.01.041,MotorSequenceLearning_NupurShah,,2025.1.1,119.4128460958515,2025-10-02 15h57.58.102804 +0530,
50,c,130,2,32,c,1,0.43130358299822547,None,32,2,130,2,,,,,320.19506154200644,,320.18563887500204,320.19506154200644,321.1860488329985,321.1860488329985,321.1860488329985,321.1860488329985,321.1940199170058,322.18500504200347,322.18500504200347,322.61859175001155,c,1,0.43130358299822547,None,,,,,parti3,001,2025-10-02_15h57.01.041,MotorSequenceLearning_NupurShah,,2025.1.1,119.4128460958515,2025-10-02 15h57.58.102804 +0530,
-150,z,131,3,32,z,1,0.3455589160003001,None,32,3,131,3,,,,,322.62837558300816,,322.61905804200796,322.62837558300816,323.61987112500356,323.61987112500356,323.61987112500356,323.61987112500356,323.6275450000103,324.6098085830017,324.6098085830017,324.9617304170097,z,1,0.3455589160003001,None,,,,,parti3,001,2025-10-02_15h57.01.041,MotorSequenceLearning_NupurShah,,2025.1.1,119.4128460958515,2025-10-02 15h57.58.102804 +0530,
-50,x,132,0,33,x,1,0.7578103749983711,None,33,0,132,0,,,,,324.97114525000507,,324.9621977080096,324.97114525000507,325.9531091670069,325.9531091670069,325.9531091670069,325.9531091670069,325.96815187500033,326.96039591700537,326.96039591700537,327.7286192080064,x,1,0.7578103749983711,None,,,,,parti3,001,2025-10-02_15h57.01.041,MotorSequenceLearning_NupurShah,,2025.1.1,119.4128460958515,2025-10-02 15h57.58.102804 +0530,
150,v,133,1,33,v,1,0.5220314579928527,None,33,1,133,1,,,,,327.7386503750022,,327.72918454201135,327.7386503750022,328.72720808300073,328.72720808300073,328.72720808300073,328.72720808300073,328.7348141250113,329.7272637080023,329.7272637080023,330.2521862920112,v,1,0.5220314579928527,None,,,,,parti3,001,2025-10-02_15h57.01.041,MotorSequenceLearning_NupurShah,,2025.1.1,119.4128460958515,2025-10-02 15h57.58.102804 +0530,
50,c,134,2,33,c,1,0.33362666600442026,None,33,2,134,2,,,,,330.27723654200963,,330.25278208300006,330.27723654200963,331.2531738329999,331.2531738329999,331.2531738329999,331.2531738329999,331.26836900001217,332.25257741700625,332.25257741700625,332.59488145800424,c,1,0.33362666600442026,None,,,,,parti3,001,2025-10-02_15h57.01.041,MotorSequenceLearning_NupurShah,,2025.1.1,119.4128460958515,2025-10-02 15h57.58.102804 +0530,
-150,z,135,3,33,z,1,0.3323702080087969,None,33,3,135,3,,,,,332.60408683300193,,332.59536170800857,332.60408683300193,333.5947244170093,333.5947244170093,333.5947244170093,333.5947244170093,333.60199224999815,334.5858540830086,334.5858540830086,334.9284571669996,z,1,0.3323702080087969,None,,,,,parti3,001,2025-10-02_15h57.01.041,MotorSequenceLearning_NupurShah,,2025.1.1,119.4128460958515,2025-10-02 15h57.58.102804 +0530,
-50,x,136,0,34,x,1,0.32618899999943096,None,34,0,136,0,,,,,334.9381560420006,,334.9289204579982,334.9381560420006,335.9266283330071,335.9266283330071,335.9266283330071,335.9266283330071,335.93430395799805,336.9271309580072,336.9271309580072,337.2619210000121,x,1,0.32618899999943096,None,,,,,parti3,001,2025-10-02_15h57.01.041,MotorSequenceLearning_NupurShah,,2025.1.1,119.4128460958515,2025-10-02 15h57.58.102804 +0530,
150,v,137,1,34,v,1,0.8576693740033079,None,34,1,137,1,,,,,337.27166962499905,,337.26236895800685,337.27166962499905,338.2606020000094,338.2606020000094,338.2606020000094,338.2606020000094,338.26818925001135,339.26054595800815,339.26054595800815,340.1280128750077,v,1,0.8576693740033079,None,,,,,parti3,001,2025-10-02_15h57.01.041,MotorSequenceLearning_NupurShah,,2025.1.1,119.4128460958515,2025-10-02 15h57.58.102804 +0530,
50,c,138,2,34,c,1,0.32484399899840355,None,34,2,138,2,,,,,340.1373740830022,,340.12848445800773,340.1373740830022,341.12740045800456,341.12740045800456,341.12740045800456,341.12740045800456,341.13501325000834,342.11936216700997,342.11936216700997,342.4522345830046,c,1,0.32484399899840355,None,,,,,parti3,001,2025-10-02_15h57.01.041,MotorSequenceLearning_NupurShah,,2025.1.1,119.4128460958515,2025-10-02 15h57.58.102804 +0530,
-150,z,139,3,34,z,1,0.4511855829914566,None,34,3,139,3,,,,,342.4773091250099,,342.4528210420103,342.4773091250099,343.45360687500215,343.45360687500215,343.45360687500215,343.45360687500215,343.4690518330026,344.45287454201025,344.45287454201025,344.912148125004,z,1,0.4511855829914566,None,,,,,parti3,001,2025-10-02_15h57.01.041,MotorSequenceLearning_NupurShah,,2025.1.1,119.4128460958515,2025-10-02 15h57.58.102804 +0530,
-50,x,140,0,35,x,1,0.4976146659901133,None,35,0,140,0,,,,,344.92182783300814,,344.9126871250046,344.92182783300814,345.9110181249998,345.9110181249998,345.9110181249998,345.9110181249998,345.9193327079993,346.9105979169981,346.9105979169981,347.41256925000926,x,1,0.4976146659901133,None,,,,,parti3,001,2025-10-02_15h57.01.041,MotorSequenceLearning_NupurShah,,2025.1.1,119.4128460958515,2025-10-02 15h57.58.102804 +0530,
150,v,141,1,35,v,1,0.31958720699185506,None,35,1,141,1,,,,,347.42306729200936,,347.41327858300065,347.42306729200936,348.410596917005,348.410596917005,348.410596917005,348.410596917005,348.41799325001193,349.4105488750065,349.4105488750065,349.7359660420043,v,1,0.31958720699185506,None,,,,,parti3,001,2025-10-02_15h57.01.041,MotorSequenceLearning_NupurShah,,2025.1.1,119.4128460958515,2025-10-02 15h57.58.102804 +0530,
50,c,142,2,35,c,1,0.740524374996312,None,35,2,142,2,,,,,349.7459122500004,,349.73645187501097,349.7459122500004,350.73631004200433,350.73631004200433,350.73631004200433,350.73631004200433,350.7443628330075,351.7355548330088,351.7355548330088,352.478394167003,c,1,0.740524374996312,None,,,,,parti3,001,2025-10-02_15h57.01.041,MotorSequenceLearning_NupurShah,,2025.1.1,119.4128460958515,2025-10-02 15h57.58.102804 +0530,
-150,z,143,3,35,z,1,0.5908558329974767,None,35,3,143,3,,,,,352.4885355830047,,352.4790026250121,352.4885355830047,353.4693501670117,353.4693501670117,353.4693501670117,353.4693501670117,353.48466450000706,354.4692267920036,354.4692267920036,355.062196333005,z,1,0.5908558329974767,None,,,,,parti3,001,2025-10-02_15h57.01.041,MotorSequenceLearning_NupurShah,,2025.1.1,119.4128460958515,2025-10-02 15h57.58.102804 +0530,
-50,x,144,0,36,x,1,0.7114459989970783,None,36,0,144,0,,,,,355.06927337500383,,355.0627058750106,355.06927337500383,356.0606761250092,356.0606761250092,356.0606761250092,356.0606761250092,356.06848354201065,357.0606872500066,357.0606872500066,357.7789284580067,x,1,0.7114459989970783,None,,,,,parti3,001,2025-10-02_15h57.01.041,MotorSequenceLearning_NupurShah,,2025.1.1,119.4128460958515,2025-10-02 15h57.58.102804 +0530,
150,v,145,1,36,v,1,0.39552491600625217,None,36,1,145,1,,,,,357.78833687500446,,357.7793335830065,357.78833687500446,358.7776788750052,358.7776788750052,358.7776788750052,358.7776788750052,358.7852724580007,359.77752150000015,359.77752150000015,360.17858570801036,v,1,0.39552491600625217,None,,,,,parti3,001,2025-10-02_15h57.01.041,MotorSequenceLearning_NupurShah,,2025.1.1,119.4128460958515,2025-10-02 15h57.58.102804 +0530,
50,c,146,2,36,c,1,0.3905341240024427,None,36,2,146,2,,,,,360.1884296670032,,360.17906333300925,360.1884296670032,361.1777623750095,361.1777623750095,361.1777623750095,361.1777623750095,361.1861307500076,362.17745720800303,362.17745720800303,362.5793330000015,c,1,0.3905341240024427,None,,,,,parti3,001,2025-10-02_15h57.01.041,MotorSequenceLearning_NupurShah,,2025.1.1,119.4128460958515,2025-10-02 15h57.58.102804 +0530,
-150,z,147,3,36,z,1,0.8065561249968596,None,36,3,147,3,,,,,362.58963733300334,,362.5799469170015,362.58963733300334,363.57708487501077,363.57708487501077,363.57708487501077,363.57708487501077,363.58536829199875,364.57747875001223,364.57747875001223,365.386395583002,z,1,0.8065561249968596,None,,,,,parti3,001,2025-10-02_15h57.01.041,MotorSequenceLearning_NupurShah,,2025.1.1,119.4128460958515,2025-10-02 15h57.58.102804 +0530,
-50,x,148,0,37,x,1,0.4505378329922678,None,37,0,148,0,,,,,365.4111726250121,,365.3868726250075,365.4111726250121,366.38661558300373,366.38661558300373,366.38661558300373,366.38661558300373,366.4021418330085,367.38639933300146,367.38639933300146,367.8455753330054,x,1,0.4505378329922678,None,,,,,parti3,001,2025-10-02_15h57.01.041,MotorSequenceLearning_NupurShah,,2025.1.1,119.4128460958515,2025-10-02 15h57.58.102804 +0530,
150,v,149,1,37,v,1,0.26675124900066294,None,37,1,149,1,,,,,367.8554050829989,,367.8460627500026,367.8554050829989,368.83710695800255,368.83710695800255,368.83710695800255,368.83710695800255,368.8529666250106,369.84421045800264,369.84421045800264,370.11229787500633,v,1,0.26675124900066294,None,,,,,parti3,001,2025-10-02_15h57.01.041,MotorSequenceLearning_NupurShah,,2025.1.1,119.4128460958515,2025-10-02 15h57.58.102804 +0530,
50,c,150,2,37,c,1,0.2808330410043709,None,37,2,150,2,,,,,370.1223664170102,,370.1128425000061,370.1223664170102,371.1104447920079,371.1104447920079,371.1104447920079,371.1104447920079,371.11809816700406,372.1111287500098,372.1111287500098,372.39574687500135,c,1,0.2808330410043709,None,,,,,parti3,001,2025-10-02_15h57.01.041,MotorSequenceLearning_NupurShah,,2025.1.1,119.4128460958515,2025-10-02 15h57.58.102804 +0530,
-150,z,151,3,37,z,1,0.3416467909992207,None,37,3,151,3,,,,,372.4055900000094,,372.39621362500475,372.4055900000094,373.3943922920007,373.3943922920007,373.3943922920007,373.3943922920007,373.4020068329992,374.3943036670098,374.3943036670098,374.745862374999,z,1,0.3416467909992207,None,,,,,parti3,001,2025-10-02_15h57.01.041,MotorSequenceLearning_NupurShah,,2025.1.1,119.4128460958515,2025-10-02 15h57.58.102804 +0530,
-50,x,152,0,38,x,1,0.3233311660005711,None,38,0,152,0,,,,,374.75613475000137,,374.74649216700345,374.75613475000137,375.74442462500883,375.74442462500883,375.74442462500883,375.74442462500883,375.75210516700463,376.7446231250069,376.7446231250069,377.0794566250115,x,1,0.3233311660005711,None,,,,,parti3,001,2025-10-02_15h57.01.041,MotorSequenceLearning_NupurShah,,2025.1.1,119.4128460958515,2025-10-02 15h57.58.102804 +0530,
150,v,153,1,38,v,1,0.3011284579988569,None,38,1,153,1,,,,,377.08952345800935,,377.0800920420006,377.08952345800935,378.07778829200834,378.07778829200834,378.07778829200834,378.07778829200834,378.0860944169981,379.07768916701025,379.07768916701025,379.38593625000794,v,1,0.3011284579988569,None,,,,,parti3,001,2025-10-02_15h57.01.041,MotorSequenceLearning_NupurShah,,2025.1.1,119.4128460958515,2025-10-02 15h57.58.102804 +0530,
50,c,154,2,38,c,1,0.30823612499807496,None,38,2,154,2,,,,,379.39557129199966,,379.38642708300904,379.39557129199966,380.3865152080107,380.3865152080107,380.3865152080107,380.3865152080107,380.3865152080107,381.3776744170027,381.3776744170027,381.6957778750075,c,1,0.30823612499807496,None,,,,,parti3,001,2025-10-02_15h57.01.041,MotorSequenceLearning_NupurShah,,2025.1.1,119.4128460958515,2025-10-02 15h57.58.102804 +0530,
-150,z,155,3,38,z,1,0.24490270800015423,None,38,3,155,3,,,,,381.70552025000507,,381.69623995800794,381.70552025000507,382.69396683300147,382.69396683300147,382.69396683300147,382.69396683300147,382.70156575000146,383.6939678750059,383.6939678750059,383.945779917005,z,1,0.24490270800015423,None,,,,,parti3,001,2025-10-02_15h57.01.041,MotorSequenceLearning_NupurShah,,2025.1.1,119.4128460958515,2025-10-02 15h57.58.102804 +0530,
-50,x,156,0,39,x,1,0.5842705830000341,None,39,0,156,0,,,,,383.9556320420088,,383.94627562499954,383.9556320420088,384.94406437499856,384.94406437499856,384.94406437499856,384.94406437499856,384.9521580830042,385.9444516670046,385.9444516670046,386.53609962500923,x,1,0.5842705830000341,None,,,,,parti3,001,2025-10-02_15h57.01.041,MotorSequenceLearning_NupurShah,,2025.1.1,119.4128460958515,2025-10-02 15h57.58.102804 +0530,
150,v,157,1,39,v,1,0.34747995699581224,None,39,1,157,1,,,,,386.5466299170075,,386.5366417500045,386.5466299170075,387.5282695830101,387.5282695830101,387.5282695830101,387.5282695830101,387.544603708011,388.52731479200884,388.52731479200884,388.87894049999886,v,1,0.34747995699581224,None,,,,,parti3,001,2025-10-02_15h57.01.041,MotorSequenceLearning_NupurShah,,2025.1.1,119.4128460958515,2025-10-02 15h57.58.102804 +0530,
50,c,158,2,39,c,1,0.8260910829994828,None,39,2,158,2,,,,,388.88876570800494,,388.8794069580035,388.88876570800494,389.8789595420094,389.8789595420094,389.8789595420094,389.8789595420094,389.8859971250058,390.86878116700973,390.86878116700973,391.7034560000029,c,1,0.8260910829994828,None,,,,,parti3,001,2025-10-02_15h57.01.041,MotorSequenceLearning_NupurShah,,2025.1.1,119.4128460958515,2025-10-02 15h57.58.102804 +0530,
-150,z,159,3,39,z,1,0.33409649900568184,None,39,3,159,3,,,,,391.7134124580043,,391.7039271250105,391.7134124580043,392.70361629201216,392.70361629201216,392.70361629201216,392.70361629201216,392.7116348330019,393.7037035000103,393.7037035000103,394.04505979199894,z,1,0.33409649900568184,None,,,,,parti3,001,2025-10-02_15h57.01.041,MotorSequenceLearning_NupurShah,,2025.1.1,119.4128460958515,2025-10-02 15h57.58.102804 +0530,
-50,x,160,0,40,x,1,0.29822204100491945,None,40,0,160,0,,,,,394.0538236249995,,394.0454468750104,394.0538236249995,395.0364220000047,395.0364220000047,395.0364220000047,395.0364220000047,395.0445845830109,396.03668070799904,396.03668070799904,396.336455208002,x,1,0.29822204100491945,None,,,,,parti3,001,2025-10-02_15h57.01.041,MotorSequenceLearning_NupurShah,,2025.1.1,119.4128460958515,2025-10-02 15h57.58.102804 +0530,
150,v,161,1,40,v,1,0.5888435410015518,None,40,1,161,1,,,,,396.34687737500644,,396.337034125012,396.34687737500644,397.3280929580069,397.3280929580069,397.3280929580069,397.3280929580069,397.34421479199955,398.3279662080022,398.3279662080022,398.9198164170084,v,1,0.5888435410015518,None,,,,,parti3,001,2025-10-02_15h57.01.041,MotorSequenceLearning_NupurShah,,2025.1.1,119.4128460958515,2025-10-02 15h57.58.102804 +0530,
50,c,162,2,40,c,1,0.34971054100606125,None,40,2,162,2,,,,,398.9447875830083,,398.92036350000126,398.9447875830083,399.92034212499857,399.92034212499857,399.92034212499857,399.92034212499857,399.9357287919993,400.92009650000546,400.92009650000546,401.27947695800685,c,1,0.34971054100606125,None,,,,,parti3,001,2025-10-02_15h57.01.041,MotorSequenceLearning_NupurShah,,2025.1.1,119.4128460958515,2025-10-02 15h57.58.102804 +0530,
-150,z,163,3,40,z,1,0.33768304099794477,None,40,3,163,3,,,,,401.28918391700427,,401.2799619580037,401.28918391700427,402.27849091700045,402.27849091700045,402.27849091700045,402.27849091700045,402.28667154200957,403.27808041700337,403.27808041700337,403.619934708011,z,1,0.33768304099794477,None,,,,,parti3,001,2025-10-02_15h57.01.041,MotorSequenceLearning_NupurShah,,2025.1.1,119.4128460958515,2025-10-02 15h57.58.102804 +0530,
-50,x,164,0,41,x,1,0.520570166001562,None,41,0,164,0,,,,,403.6294503329991,,403.6203875000065,403.6294503329991,404.61155591699935,404.61155591699935,404.61155591699935,404.61155591699935,404.62807087499823,405.6203054170037,405.6203054170037,406.14620041700255,x,1,0.520570166001562,None,,,,,parti3,001,2025-10-02_15h57.01.041,MotorSequenceLearning_NupurShah,,2025.1.1,119.4128460958515,2025-10-02 15h57.58.102804 +0530,
150,v,165,1,41,v,1,0.31476899900007993,None,41,1,165,1,,,,,406.15558220801177,,406.14671525001177,406.15558220801177,407.1444227500033,407.1444227500033,407.1444227500033,407.1444227500033,407.152146583001,408.144925917004,408.144925917004,408.4629630420095,v,1,0.31476899900007993,None,,,,,parti3,001,2025-10-02_15h57.01.041,MotorSequenceLearning_NupurShah,,2025.1.1,119.4128460958515,2025-10-02 15h57.58.102804 +0530,
50,c,166,2,41,c,1,0.500216290995013,None,41,2,166,2,,,,,408.47279658300977,,408.4634735830041,408.47279658300977,409.46146558300825,409.46146558300825,409.46146558300825,409.46146558300825,409.4691749170015,410.46143354200467,410.46143354200467,410.9699187080114,c,1,0.500216290995013,None,,,,,parti3,001,2025-10-02_15h57.01.041,MotorSequenceLearning_NupurShah,,2025.1.1,119.4128460958515,2025-10-02 15h57.58.102804 +0530,
-150,z,167,3,41,z,1,0.3721542489947751,None,41,3,167,3,,,,,410.980153417011,,410.97042574999796,410.980153417011,411.9696539580036,411.9696539580036,411.9696539580036,411.9696539580036,411.977655708004,412.96158450000803,412.96158450000803,413.3367160420021,z,1,0.3721542489947751,None,,,,,parti3,001,2025-10-02_15h57.01.041,MotorSequenceLearning_NupurShah,,2025.1.1,119.4128460958515,2025-10-02 15h57.58.102804 +0530,
-50,x,168,0,42,x,1,0.4054200410027988,None,42,0,168,0,,,,,413.3464608330105,,413.33719733300677,413.3464608330105,414.3372620000009,414.3372620000009,414.3372620000009,414.3372620000009,414.3452655830042,415.33639075000247,415.33639075000247,415.74649400000635,x,1,0.4054200410027988,None,,,,,parti3,001,2025-10-02_15h57.01.041,MotorSequenceLearning_NupurShah,,2025.1.1,119.4128460958515,2025-10-02 15h57.58.102804 +0530,
150,v,169,1,42,v,1,0.2938420410064282,None,42,1,169,1,,,,,415.75652162500774,,415.74719204200665,415.75652162500774,416.74501804199826,416.74501804199826,416.74501804199826,416.74501804199826,416.75270508301037,417.7448841250007,417.7448841250007,418.04605512499984,v,1,0.2938420410064282,None,,,,,parti3,001,2025-10-02_15h57.01.041,MotorSequenceLearning_NupurShah,,2025.1.1,119.4128460958515,2025-10-02 15h57.58.102804 +0530,
50,c,170,2,42,c,1,0.3428649159905035,None,42,2,170,2,,,,,418.05553512500774,,418.0465627920057,418.05553512500774,419.0449346670066,419.0449346670066,419.0449346670066,419.0449346670066,419.052620167,420.04487337500905,420.04487337500905,420.39649479200307,c,1,0.3428649159905035,None,,,,,parti3,001,2025-10-02_15h57.01.041,MotorSequenceLearning_NupurShah,,2025.1.1,119.4128460958515,2025-10-02 15h57.58.102804 +0530,
-150,z,171,3,42,z,1,0.4710457079927437,None,42,3,171,3,,,,,420.4055738330062,,420.3969756250008,420.4055738330062,421.39503654200234,421.39503654200234,421.39503654200234,421.39503654200234,421.40285608300474,422.394551083009,422.394551083009,422.8705713329982,z,1,0.4710457079927437,None,,,,,parti3,001,2025-10-02_15h57.01.041,MotorSequenceLearning_NupurShah,,2025.1.1,119.4128460958515,2025-10-02 15h57.58.102804 +0530,
-50,x,172,0,43,x,1,0.4142496659915196,None,43,0,172,0,,,,,422.8806708330085,,422.8710670420114,422.8806708330085,423.87039725000795,423.87039725000795,423.87039725000795,423.87039725000795,423.8783619580063,424.87038516699977,424.87038516699977,425.28637100000924,x,1,0.4142496659915196,None,,,,,parti3,001,2025-10-02_15h57.01.041,MotorSequenceLearning_NupurShah,,2025.1.1,119.4128460958515,2025-10-02 15h57.58.102804 +0530,
150,v,173,1,43,v,1,0.65319174999604,None,43,1,173,1,,,,,425.2949988330074,,425.28684200000134,425.2949988330074,426.27856350000366,426.27856350000366,426.27856350000366,426.27856350000366,426.2863220420113,427.2783465829998,427.2783465829998,427.9371397500072,v,1,0.65319174999604,None,,,,,parti3,001,2025-10-02_15h57.01.041,MotorSequenceLearning_NupurShah,,2025.1.1,119.4128460958515,2025-10-02 15h57.58.102804 +0530,
50,c,174,2,43,c,1,0.30430970700399484,None,43,2,174,2,,,,,427.94720754200534,,427.93761387500854,427.94720754200534,428.93758020800306,428.93758020800306,428.93758020800306,428.93758020800306,428.94556300000113,429.9363776250102,429.9363776250102,430.2467206250003,c,1,0.30430970700399484,None,,,,,parti3,001,2025-10-02_15h57.01.041,MotorSequenceLearning_NupurShah,,2025.1.1,119.4128460958515,2025-10-02 15h57.58.102804 +0530,
-150,z,175,3,43,z,1,0.3488667079946026,None,43,3,175,3,,,,,430.25727316700795,,430.2472916250117,430.25727316700795,431.24467354200897,431.24467354200897,431.24467354200897,431.24467354200897,431.25239954200515,432.24462866700196,432.24462866700196,432.5961099999986,z,1,0.3488667079946026,None,,,,,parti3,001,2025-10-02_15h57.01.041,MotorSequenceLearning_NupurShah,,2025.1.1,119.4128460958515,2025-10-02 15h57.58.102804 +0530,
-50,x,176,0,44,x,1,0.49522204099048395,None,44,0,176,0,,,,,432.60656291700434,,432.5966368750087,432.60656291700434,433.58734741700755,433.58734741700755,433.58734741700755,433.58734741700755,433.60285600001225,434.5873720420059,434.5873720420059,435.08725762501126,x,1,0.49522204099048395,None,,,,,parti3,001,2025-10-02_15h57.01.041,MotorSequenceLearning_NupurShah,,2025.1.1,119.4128460958515,2025-10-02 15h57.58.102804 +0530,
150,v,177,1,44,v,1,0.3101753320079297,None,44,1,177,1,,,,,435.0973455830099,,435.08773700000893,435.0973455830099,436.0877689580084,436.0877689580084,436.0877689580084,436.0877689580084,436.09581904200604,437.08741133300646,437.08741133300646,437.40337650000583,v,1,0.3101753320079297,None,,,,,parti3,001,2025-10-02_15h57.01.041,MotorSequenceLearning_NupurShah,,2025.1.1,119.4128460958515,2025-10-02 15h57.58.102804 +0530,
50,c,178,2,44,c,1,0.2842519160039956,None,44,2,178,2,,,,,437.4133753750066,,437.4038568750111,437.4133753750066,438.4042902920046,438.4042902920046,438.4042902920046,438.4042902920046,438.4124005420017,439.39530200000445,439.39530200000445,439.68705862500065,c,1,0.2842519160039956,None,,,,,parti3,001,2025-10-02_15h57.01.041,MotorSequenceLearning_NupurShah,,2025.1.1,119.4128460958515,2025-10-02 15h57.58.102804 +0530,
-150,z,179,3,44,z,1,0.27226462500402704,None,44,3,179,3,,,,,439.7120055000123,,439.68760454200674,439.7120055000123,440.6874252920097,440.6874252920097,440.6874252920097,440.6874252920097,440.7027167500055,441.686254958011,441.686254958011,441.96249912500207,z,1,0.27226462500402704,None,,,,,parti3,001,2025-10-02_15h57.01.041,MotorSequenceLearning_NupurShah,,2025.1.1,119.4128460958515,2025-10-02 15h57.58.102804 +0530,
-50,x,180,0,45,x,1,0.5070154999993974,None,45,0,180,0,,,,,441.97206066700164,,441.96297824999783,441.97206066700164,442.95443199999863,442.95443199999863,442.95443199999863,442.95443199999863,442.9627460420015,443.9543931250082,443.9543931250082,444.46251745799964,x,1,0.5070154999993974,None,,,,,parti3,001,2025-10-02_15h57.01.041,MotorSequenceLearning_NupurShah,,2025.1.1,119.4128460958515,2025-10-02 15h57.58.102804 +0530,
150,v,181,1,45,v,1,0.39929362399561796,None,45,1,181,1,,,,,444.47203445799823,,444.462981625009,444.47203445799823,445.45373654201103,445.45373654201103,445.45373654201103,445.45373654201103,445.4699034580117,446.45405883299827,446.45405883299827,446.8547577920108,v,1,0.39929362399561796,None,,,,,parti3,001,2025-10-02_15h57.01.041,MotorSequenceLearning_NupurShah,,2025.1.1,119.4128460958515,2025-10-02 15h57.58.102804 +0530,
50,c,182,2,45,c,1,0.5348024999984773,None,45,2,182,2,,,,,446.8646339580009,,446.8552564999991,446.8646339580009,447.8541994999978,447.8541994999978,447.8541994999978,447.8541994999978,447.8623280000029,448.85356500001217,448.85356500001217,449.39640362501086,c,1,0.5348024999984773,None,,,,,parti3,001,2025-10-02_15h57.01.041,MotorSequenceLearning_NupurShah,,2025.1.1,119.4128460958515,2025-10-02 15h57.58.102804 +0530,
-150,z,183,3,45,z,1,0.5063120410050033,None,45,3,183,3,,,,,449.40539858301054,,449.3968220829993,449.40539858301054,450.3881117080018,450.3881117080018,450.3881117080018,450.3881117080018,450.39643179200357,451.38710712500324,451.38710712500324,451.89684979199956,z,1,0.5063120410050033,None,,,,,parti3,001,2025-10-02_15h57.01.041,MotorSequenceLearning_NupurShah,,2025.1.1,119.4128460958515,2025-10-02 15h57.58.102804 +0530,
-50,x,184,0,46,x,1,0.5039419990062015,None,46,0,184,0,,,,,451.9068957920099,,451.8973694580054,451.9068957920099,452.89492533300654,452.89492533300654,452.89492533300654,452.89492533300654,452.90251337501104,453.895431500001,453.895431500001,454.40392945799977,x,1,0.5039419990062015,None,,,,,parti3,001,2025-10-02_15h57.01.041,MotorSequenceLearning_NupurShah,,2025.1.1,119.4128460958515,2025-10-02 15h57.58.102804 +0530,
150,v,185,1,46,v,1,0.4368127909983741,None,46,1,185,1,,,,,454.4290447920066,,454.40450537500146,454.4290447920066,455.39576441700046,455.39576441700046,455.39576441700046,455.39576441700046,455.4193145419995,456.40468350000447,456.40468350000447,456.84683695800777,v,1,0.4368127909983741,None,,,,,parti3,001,2025-10-02_15h57.01.041,MotorSequenceLearning_NupurShah,,2025.1.1,119.4128460958515,2025-10-02 15h57.58.102804 +0530,
50,c,186,2,46,c,1,0.29070324898930266,None,46,2,186,2,,,,,456.85587170800136,,456.8473230829986,456.85587170800136,457.845528750011,457.845528750011,457.845528750011,457.845528750011,457.8528546669986,458.84561662501073,458.84561662501073,459.13763804201153,c,1,0.29070324898930266,None,,,,,parti3,001,2025-10-02_15h57.01.041,MotorSequenceLearning_NupurShah,,2025.1.1,119.4128460958515,2025-10-02 15h57.58.102804 +0530,
-150,z,187,3,46,z,1,0.3866418329998851,None,46,3,187,3,,,,,459.16242154200154,,459.13811975000135,459.16242154200154,460.1382843750034,460.1382843750034,460.1382843750034,460.1382843750034,460.15394191700034,461.1376781250001,461.1376781250001,461.53022504200635,z,1,0.3866418329998851,None,,,,,parti3,001,2025-10-02_15h57.01.041,MotorSequenceLearning_NupurShah,,2025.1.1,119.4128460958515,2025-10-02 15h57.58.102804 +0530,
-50,x,188,0,47,x,1,0.3974962909996975,None,47,0,188,0,,,,,461.539956624998,,461.5306954999978,461.539956624998,462.52161145801074,462.52161145801074,462.52161145801074,462.52161145801074,462.5372433330049,463.5288874580001,463.5288874580001,463.93057399999816,x,1,0.3974962909996975,None,,,,,parti3,001,2025-10-02_15h57.01.041,MotorSequenceLearning_NupurShah,,2025.1.1,119.4128460958515,2025-10-02 15h57.58.102804 +0530,
150,v,189,1,47,v,1,0.33474479100550525,None,47,1,189,1,,,,,463.9408690420096,,463.93115154201223,463.9408690420096,464.9284244580049,464.9284244580049,464.9284244580049,464.9284244580049,464.9361644580058,465.92930641700514,465.92930641700514,466.27167608300806,v,1,0.33474479100550525,None,,,,,parti3,001,2025-10-02_15h57.01.041,MotorSequenceLearning_NupurShah,,2025.1.1,119.4128460958515,2025-10-02 15h57.58.102804 +0530,
50,c,190,2,47,c,1,0.3282689159968868,None,47,2,190,2,,,,,466.28152845799923,,466.27215070799866,466.28152845799923,467.2709192080074,467.2709192080074,467.2709192080074,467.2709192080074,467.27896379200683,468.2699641670042,468.2699641670042,468.60458191701036,c,1,0.3282689159968868,None,,,,,parti3,001,2025-10-02_15h57.01.041,MotorSequenceLearning_NupurShah,,2025.1.1,119.4128460958515,2025-10-02 15h57.58.102804 +0530,
-150,z,191,3,47,z,1,0.3055745830060914,None,47,3,191,3,,,,,468.62932925000496,,468.60509979201015,468.62932925000496,469.6048257920047,469.6048257920047,469.6048257920047,469.6048257920047,469.6205877500033,470.6046524580015,470.6046524580015,470.9144665830099,z,1,0.3055745830060914,None,,,,,parti3,001,2025-10-02_15h57.01.041,MotorSequenceLearning_NupurShah,,2025.1.1,119.4128460958515,2025-10-02 15h57.58.102804 +0530,
-50,x,192,0,48,x,1,0.932687332999194,None,48,0,192,0,,,,,470.9243187079992,,470.9151720830123,470.9243187079992,471.9127640000079,471.9127640000079,471.9127640000079,471.9127640000079,471.92112862500653,472.91256470800727,472.91256470800727,473.8471516670106,x,1,0.932687332999194,None,,,,,parti3,001,2025-10-02_15h57.01.041,MotorSequenceLearning_NupurShah,,2025.1.1,119.4128460958515,2025-10-02 15h57.58.102804 +0530,
150,v,193,1,48,v,1,0.2448161659995094,None,48,1,193,1,,,,,473.8578130000096,,473.8477465420001,473.8578130000096,474.84527091700875,474.84527091700875,474.84527091700875,474.84527091700875,474.8526891670044,475.8455615420098,475.8455615420098,476.09744208300253,v,1,0.2448161659995094,None,,,,,parti3,001,2025-10-02_15h57.01.041,MotorSequenceLearning_NupurShah,,2025.1.1,119.4128460958515,2025-10-02 15h57.58.102804 +0530,
50,c,194,2,48,c,1,0.2615482490073191,None,48,2,194,2,,,,,476.10733150001033,,476.0980757080106,476.10733150001033,477.09607204201166,477.09607204201166,477.09607204201166,477.09607204201166,477.1037117500091,478.0957154170028,478.0957154170028,478.3630742079986,c,1,0.2615482490073191,None,,,,,parti3,001,2025-10-02_15h57.01.041,MotorSequenceLearning_NupurShah,,2025.1.1,119.4128460958515,2025-10-02 15h57.58.102804 +0530,
-150,z,195,3,48,z,1,0.27116529100749176,None,48,3,195,3,,,,,478.3727914580086,,478.3635528750019,478.3727914580086,479.3548756670061,479.3548756670061,479.3548756670061,479.3548756670061,479.3698149170086,480.3540336670121,480.3540336670121,480.6298635830026,z,1,0.27116529100749176,None,,,,,parti3,001,2025-10-02_15h57.01.041,MotorSequenceLearning_NupurShah,,2025.1.1,119.4128460958515,2025-10-02 15h57.58.102804 +0530,
-50,x,196,0,49,x,1,0.2666010829998413,None,49,0,196,0,,,,,480.636523417008,,480.6303687920008,480.636523417008,481.62138416701055,481.62138416701055,481.62138416701055,481.62138416701055,481.6295767920092,482.62143641700095,482.62143641700095,482.8972848330013,x,1,0.2666010829998413,None,,,,,parti3,001,2025-10-02_15h57.01.041,MotorSequenceLearning_NupurShah,,2025.1.1,119.4128460958515,2025-10-02 15h57.58.102804 +0530,
150,v,197,1,49,v,1,1.577231290997588,None,49,1,197,1,,,,,482.9070169170009,,482.89780125000107,482.9070169170009,483.89590291700733,483.89590291700733,483.89590291700733,483.89590291700733,483.90324487500766,484.895895958005,484.895895958005,486.4807832080114,v,1,1.577231290997588,None,,,,,parti3,001,2025-10-02_15h57.01.041,MotorSequenceLearning_NupurShah,,2025.1.1,119.4128460958515,2025-10-02 15h57.58.102804 +0530,
50,c,198,2,49,c,1,0.2550332079990767,None,49,2,198,2,,,,,486.4911310830066,,486.48137550000683,486.4911310830066,487.4792324170121,487.4792324170121,487.4792324170121,487.4792324170121,487.48657370801084,488.479238208005,488.479238208005,488.7377734580077,c,1,0.2550332079990767,None,,,,,parti3,001,2025-10-02_15h57.01.041,MotorSequenceLearning_NupurShah,,2025.1.1,119.4128460958515,2025-10-02 15h57.58.102804 +0530,
-150,z,199,3,49,z,1,0.323589790990809,None,49,3,199,3,,,,,488.762775042007,,488.73836779200064,488.762775042007,489.73839750001207,489.73839750001207,489.73839750001207,489.73839750001207,489.75380429200595,490.737505875004,490.737505875004,491.0639239170123,z,1,0.323589790990809,None,,,,,parti3,001,2025-10-02_15h57.01.041,MotorSequenceLearning_NupurShah,,2025.1.1,119.4128460958515,2025-10-02 15h57.58.102804 +0530,
-150,z,0,0,0,z,1,0.9964308740018168,None,,,,,0,0,0,3,491.09164900000906,,491.0831769170036,491.09164900000906,492.06215858300857,492.06215858300857,492.06215858300857,492.06215858300857,492.0861986670061,493.0626480830106,493.0626480830106,494.06415966700297,,,,,z,1,0.9964308740018168,None,parti3,001,2025-10-02_15h57.01.041,MotorSequenceLearning_NupurShah,,2025.1.1,119.4128460958515,2025-10-02 15h57.58.102804 +0530,
150,v,1,1,0,v,1,0.9027950830059126,None,,,,,0,1,1,1,494.07478224999795,,494.0647804580076,494.07478224999795,495.06270891700115,495.06270891700115,495.06270891700115,495.06270891700115,495.0706440000067,496.06266458300524,496.06266458300524,496.97142358300334,,,,,v,1,0.9027950830059126,None,parti3,001,2025-10-02_15h57.01.041,MotorSequenceLearning_NupurShah,,2025.1.1,119.4128460958515,2025-10-02 15h57.58.102804 +0530,
-50,x,2,2,0,x,1,0.8415754570014542,None,,,,,0,2,2,0,496.9805406670057,,496.9717965000018,496.9805406670057,497.97136150000733,497.97136150000733,497.97136150000733,497.97136150000733,497.97136150000733,498.97158412499994,498.97158412499994,499.8211787080072,,,,,x,1,0.8415754570014542,None,parti3,001,2025-10-02_15h57.01.041,MotorSequenceLearning_NupurShah,,2025.1.1,119.4128460958515,2025-10-02 15h57.58.102804 +0530,
-50,x,3,3,1,x,1,1.1742422079987591,None,,,,,1,3,3,0,499.83141300000716,,499.8217176670005,499.83141300000716,500.81308649999846,500.81308649999846,500.81308649999846,500.81308649999846,500.82987145800143,501.8207267920079,501.8207267920079,502.9974419580103,,,,,x,1,1.1742422079987591,None,parti3,001,2025-10-02_15h57.01.041,MotorSequenceLearning_NupurShah,,2025.1.1,119.4128460958515,2025-10-02 15h57.58.102804 +0530,
-150,z,4,4,1,z,1,1.3959726659959415,None,,,,,1,4,4,3,503.00802795799973,,502.99802954201004,503.00802795799973,503.9956021250109,503.9956021250109,503.9956021250109,503.9956021250109,504.0034237080108,504.99606633299845,504.99606633299845,506.39760445800493,,,,,z,1,1.3959726659959415,None,parti3,001,2025-10-02_15h57.01.041,MotorSequenceLearning_NupurShah,,2025.1.1,119.4128460958515,2025-10-02 15h57.58.102804 +0530,
150,v,5,5,1,v,1,1.4656748330016853,None,,,,,1,5,5,1,506.40754429200024,,506.3981289580115,506.40754429200024,507.3958309580048,507.3958309580048,507.3958309580048,507.3958309580048,507.40408300000126,508.39633012500417,508.39633012500417,509.86349562500254,,,,,v,1,1.4656748330016853,None,parti3,001,2025-10-02_15h57.01.041,MotorSequenceLearning_NupurShah,,2025.1.1,119.4128460958515,2025-10-02 15h57.58.102804 +0530,
150,v,6,6,2,v,1,1.0192193320108345,None,,,,,2,6,6,1,509.8692480830068,,509.8639800000092,509.8692480830068,510.8546277080022,510.8546277080022,510.8546277080022,510.8546277080022,510.86238366700127,511.8537528750021,511.8537528750021,512.8810526250018,,,,,v,1,1.0192193320108345,None,parti3,001,2025-10-02_15h57.01.041,MotorSequenceLearning_NupurShah,,2025.1.1,119.4128460958515,2025-10-02 15h57.58.102804 +0530,
50,c,7,7,0,c,1,1.5651272909890395,None,,,,,0,7,7,2,512.8903638750053,,512.8815334579995,512.8903638750053,513.8791266670014,513.8791266670014,513.8791266670014,513.8791266670014,513.8865857500059,514.8795970000065,514.8795970000065,516.4485084580083,,,,,c,1,1.5651272909890395,None,parti3,001,2025-10-02_15h57.01.041,MotorSequenceLearning_NupurShah,,2025.1.1,119.4128460958515,2025-10-02 15h57.58.102804 +0530,
-150,z,8,8,2,z,1,1.6985138739983086,None,,,,,2,8,8,3,516.4589144580095,,516.449114957999,516.4589144580095,517.446389167002,517.446389167002,517.446389167002,517.446389167002,517.454083042001,518.4466280000051,518.4466280000051,520.1477601250081,,,,,z,1,1.6985138739983086,None,parti3,001,2025-10-02_15h57.01.041,MotorSequenceLearning_NupurShah,,2025.1.1,119.4128460958515,2025-10-02 15h57.58.102804 +0530,
-50,x,9,9,2,x,1,1.203073915996356,None,,,,,2,9,9,0,520.1578687080037,,520.148277500004,520.1578687080037,521.146599167012,521.146599167012,521.146599167012,521.146599167012,521.154350249999,522.1458142500051,522.1458142500051,523.3546322080074,,,,,x,1,1.203073915996356,None,parti3,001,2025-10-02_15h57.01.041,MotorSequenceLearning_NupurShah,,2025.1.1,119.4128460958515,2025-10-02 15h57.58.102804 +0530,
-150,z,10,10,3,z,1,1.1384284989908338,None,,,,,3,10,10,3,523.3646144170052,,523.3551518750028,523.3646144170052,524.3548456249991,524.3548456249991,524.3548456249991,524.3548456249991,524.3631548330013,525.3463279999996,525.3463279999996,526.4880660420022,,,,,z,1,1.1384284989908338,None,parti3,001,2025-10-02_15h57.01.041,MotorSequenceLearning_NupurShah,,2025.1.1,119.4128460958515,2025-10-02 15h57.58.102804 +0530,
-50,x,11,11,3,x,1,0.9519067489891313,None,,,,,3,11,11,0,526.4984935829998,,526.4885881250084,526.4984935829998,527.4888949580054,527.4888949580054,527.4888949580054,527.4888949580054,527.4971603750018,528.4798076250008,528.4798076250008,529.4388492500002,,,,,x,1,0.9519067489891313,None,parti3,001,2025-10-02_15h57.01.041,MotorSequenceLearning_NupurShah,,2025.1.1,119.4128460958515,2025-10-02 15h57.58.102804 +0530,
150,v,12,12,3,v,1,1.8101392499957,None,,,,,3,12,12,1,529.4483916669997,,529.4393829580076,529.4483916669997,530.4386942499987,530.4386942499987,530.4386942499987,530.4386942499987,530.4465837919997,531.437566958004,531.437566958004,533.2547825000074,,,,,v,1,1.8101392499957,None,parti3,001,2025-10-02_15h57.01.041,MotorSequenceLearning_NupurShah,,2025.1.1,119.4128460958515,2025-10-02 15h57.58.102804 +0530,
50,c,13,13,1,c,1,1.501064166004653,None,,,,,1,13,13,2,533.2649439579982,,533.2553474580054,533.2649439579982,534.2558244579996,534.2558244579996,534.2558244579996,534.2558244579996,534.2635649170115,535.2465077079978,535.2465077079978,536.755374875007,,,,,c,1,1.501064166004653,None,parti3,001,2025-10-02_15h57.01.041,MotorSequenceLearning_NupurShah,,2025.1.1,119.4128460958515,2025-10-02 15h57.58.102804 +0530,
-150,z,14,14,4,z,1,2.4005605410056887,None,,,,,4,14,14,3,536.7801210000034,,536.7559141670063,536.7801210000034,537.7559452920104,537.7559452920104,537.7559452920104,537.7559452920104,537.7707197920099,538.7550613750063,538.7550613750063,541.1645968330122,,,,,z,1,2.4005605410056887,None,parti3,001,2025-10-02_15h57.01.041,MotorSequenceLearning_NupurShah,,2025.1.1,119.4128460958515,2025-10-02 15h57.58.102804 +0530,
50,c,15,15,2,c,1,1.1077227079949807,None,,,,,2,15,15,2,541.174823082998,,541.1651286670094,541.174823082998,542.1628484579996,542.1628484579996,542.1628484579996,542.1628484579996,542.1706048330088,543.1549426670099,543.1549426670099,544.2648829579994,,,,,c,1,1.1077227079949807,None,parti3,001,2025-10-02_15h57.01.041,MotorSequenceLearning_NupurShah,,2025.1.1,119.4128460958515,2025-10-02 15h57.58.102804 +0530,
-50,x,16,16,4,x,1,1.4262770830100635,None,,,,,4,16,16,0,544.2755385000055,,544.265457750007,544.2755385000055,545.2633447920089,545.2633447920089,545.2633447920089,545.2633447920089,545.2710654170078,546.2633354170102,546.2633354170102,547.6982368750032,,,,,x,1,1.4262770830100635,None,parti3,001,2025-10-02_15h57.01.041,MotorSequenceLearning_NupurShah,,2025.1.1,119.4128460958515,2025-10-02 15h57.58.102804 +0530,
150,v,17,17,4,v,1,1.7356790409976384,None,,,,,4,17,17,1,547.7085372080037,,547.6987812080042,547.7085372080037,548.6963175830024,548.6963175830024,548.6963175830024,548.6963175830024,548.7040783330012,549.6968995420029,549.6968995420029,551.4387942080066,,,,,v,1,1.7356790409976384,None,parti3,001,2025-10-02_15h57.01.041,MotorSequenceLearning_NupurShah,,2025.1.1,119.4128460958515,2025-10-02 15h57.58.102804 +0530,
50,c,18,18,3,c,1,0.7076995829993393,None,,,,,3,18,18,2,551.4488932920067,,551.439309333,551.4488932920067,552.4386089170002,552.4386089170002,552.4386089170002,552.4386089170002,552.4468900420034,553.4389054170024,553.4389054170024,554.1481900000072,,,,,c,1,0.7076995829993393,None,parti3,001,2025-10-02_15h57.01.041,MotorSequenceLearning_NupurShah,,2025.1.1,119.4128460958515,2025-10-02 15h57.58.102804 +0530,
150,v,19,19,5,v,1,1.5156954160047462,None,,,,,5,19,19,1,554.1581558330072,,554.1487260830036,554.1581558330072,555.1469593330112,555.1469593330112,555.1469593330112,555.1469593330112,555.1547720420058,556.1468465000071,556.1468465000071,557.664923208009,,,,,v,1,1.5156954160047462,None,parti3,001,2025-10-02_15h57.01.041,MotorSequenceLearning_NupurShah,,2025.1.1,119.4128460958515,2025-10-02 15h57.58.102804 +0530,
50,c,20,20,4,c,1,0.8291166660055751,None,,,,,4,20,20,2,557.6750814170082,,557.6654669999989,557.6750814170082,558.6630319579999,558.6630319579999,558.6630319579999,558.6630319579999,558.6708185830066,559.6636002080049,559.6636002080049,560.4982755000092,,,,,c,1,0.8291166660055751,None,parti3,001,2025-10-02_15h57.01.041,MotorSequenceLearning_NupurShah,,2025.1.1,119.4128460958515,2025-10-02 15h57.58.102804 +0530,
-50,x,21,21,5,x,1,0.9032788740005344,None,,,,,5,21,21,0,560.5050725830079,,560.4988359999988,560.5050725830079,561.4963730000018,561.4963730000018,561.4963730000018,561.4963730000018,561.5040519169997,562.4971508330054,562.4971508330054,563.4062974999979,,,,,x,1,0.9032788740005344,None,parti3,001,2025-10-02_15h57.01.041,MotorSequenceLearning_NupurShah,,2025.1.1,119.4128460958515,2025-10-02 15h57.58.102804 +0530,
-50,x,22,22,6,x,1,0.700440290995175,None,,,,,6,22,22,0,563.4164469170064,,563.4069015830028,563.4164469170064,564.4061358330073,564.4061358330073,564.4061358330073,564.4061358330073,564.4143043750082,565.4066779999994,565.4066779999994,566.1146120000049,,,,,x,1,0.700440290995175,None,parti3,001,2025-10-02_15h57.01.041,MotorSequenceLearning_NupurShah,,2025.1.1,119.4128460958515,2025-10-02 15h57.58.102804 +0530,
150,v,23,23,6,v,1,1.2018651660036994,None,,,,,6,23,23,1,566.1238347500039,,566.1150357080041,566.1238347500039,567.1060327919986,567.1060327919986,567.1060327919986,567.1060327919986,567.1210026250046,568.1056388750003,568.1056388750003,569.3147879169992,,,,,v,1,1.2018651660036994,None,parti3,001,2025-10-02_15h57.01.041,MotorSequenceLearning_NupurShah,,2025.1.1,119.4128460958515,2025-10-02 15h57.58.102804 +0530,
-150,z,24,24,5,z,1,1.441238749990589,None,,,,,5,24,24,3,569.3248325000022,,569.31532075,569.3248325000022,570.3061359580024,570.3061359580024,570.3061359580024,570.3061359580024,570.3219150000077,571.313148583009,571.313148583009,572.756195916998,,,,,z,1,1.441238749990589,None,parti3,001,2025-10-02_15h57.01.041,MotorSequenceLearning_NupurShah,,2025.1.1,119.4128460958515,2025-10-02 15h57.58.102804 +0530,
-150,z,25,25,6,z,1,0.6445102069992572,None,,,,,6,25,25,3,572.7664351249987,,572.7570366670116,572.7664351249987,573.7560840420047,573.7560840420047,573.7560840420047,573.7560840420047,573.7639020420029,574.7558911250089,574.7558911250089,575.4059703329985,,,,,z,1,0.6445102069992572,None,parti3,001,2025-10-02_15h57.01.041,MotorSequenceLearning_NupurShah,,2025.1.1,119.4128460958515,2025-10-02 15h57.58.102804 +0530,
-50,x,26,26,7,x,1,0.9808238739933586,None,,,,,7,26,26,0,575.4306987500022,,575.4064676670096,575.4306987500022,576.4063223749981,576.4063223749981,576.4063223749981,576.4063223749981,576.4211984170106,577.4054816670105,577.4054816670105,578.3889770829992,,,,,x,1,0.9808238739933586,None,parti3,001,2025-10-02_15h57.01.041,MotorSequenceLearning_NupurShah,,2025.1.1,119.4128460958515,2025-10-02 15h57.58.102804 +0530,
-150,z,27,27,7,z,1,0.9988404989999253,None,,,,,7,27,27,3,578.4137912500009,,578.3895645000011,578.4137912500009,579.3896365830005,579.3896365830005,579.3896365830005,579.3896365830005,579.4053494170075,580.3893612920074,580.3893612920074,581.3983048330119,,,,,z,1,0.9988404989999253,None,parti3,001,2025-10-02_15h57.01.041,MotorSequenceLearning_NupurShah,,2025.1.1,119.4128460958515,2025-10-02 15h57.58.102804 +0530,
50,c,28,28,5,c,1,2.1281884579948382,None,,,,,5,28,28,2,581.4080615420098,,581.3988134579995,581.4080615420098,582.3896637500002,582.3896637500002,582.3896637500002,582.3896637500002,582.4051866670052,583.3972473330068,583.3972473330068,585.5316533330042,,,,,c,1,2.1281884579948382,None,parti3,001,2025-10-02_15h57.01.041,MotorSequenceLearning_NupurShah,,2025.1.1,119.4128460958515,2025-10-02 15h57.58.102804 +0530,
150,v,29,29,7,v,1,1.1692787500069244,None,,,,,7,29,29,1,585.5414028750092,,585.5321549580112,585.5414028750092,586.5231483750104,586.5231483750104,586.5231483750104,586.5231483750104,586.5388112500077,587.523163417005,587.523163417005,588.698830917012,,,,,v,1,1.1692787500069244,None,parti3,001,2025-10-02_15h57.01.041,MotorSequenceLearning_NupurShah,,2025.1.1,119.4128460958515,2025-10-02 15h57.58.102804 +0530,
50,c,30,30,6,c,1,1.424103623998235,None,,,,,6,30,30,2,588.709367583011,,588.6994254580059,588.709367583011,589.6967901250027,589.6967901250027,589.6967901250027,589.6967901250027,589.7044804580073,590.6972325829993,590.6972325829993,592.132203458008,,,,,c,1,1.424103623998235,None,parti3,001,2025-10-02_15h57.01.041,MotorSequenceLearning_NupurShah,,2025.1.1,119.4128460958515,2025-10-02 15h57.58.102804 +0530,
-150,z,31,31,8,z,1,1.4887077499879524,None,,,,,8,31,31,3,592.1426192500076,,592.1327950830018,592.1426192500076,593.130678542002,593.130678542002,593.130678542002,593.130678542002,593.1380676250119,594.1306207080052,594.1306207080052,595.6226490420086,,,,,z,1,1.4887077499879524,None,parti3,001,2025-10-02_15h57.01.041,MotorSequenceLearning_NupurShah,,2025.1.1,119.4128460958515,2025-10-02 15h57.58.102804 +0530,
-50,x,32,32,8,x,1,0.9854104160040151,None,,,,,8,32,32,0,595.6475326670043,,595.6231561250024,595.6475326670043,596.6141549580061,596.6141549580061,596.6141549580061,596.6141549580061,596.6375726250117,597.6229228750017,597.6229228750017,598.61572875001,,,,,x,1,0.9854104160040151,None,parti3,001,2025-10-02_15h57.01.041,MotorSequenceLearning_NupurShah,,2025.1.1,119.4128460958515,2025-10-02 15h57.58.102804 +0530,
-50,x,33,33,9,x,1,0.6361443750065519,None,,,,,9,33,33,0,598.6261288750102,,598.6163341670035,598.6261288750102,599.6141507920111,599.6141507920111,599.6141507920111,599.6141507920111,599.6215613329987,600.6141557080118,600.6141557080118,601.2554465420108,,,,,x,1,0.6361443750065519,None,parti3,001,2025-10-02_15h57.01.041,MotorSequenceLearning_NupurShah,,2025.1.1,119.4128460958515,2025-10-02 15h57.58.102804 +0530,
-150,z,34,34,9,z,1,1.2179166249989066,None,,,,,9,34,34,3,601.2651299999998,,601.2559416250006,601.2651299999998,602.2566627920023,602.2566627920023,602.2566627920023,602.2566627920023,602.2566627920023,603.2551555829996,603.2551555829996,604.4814774170081,,,,,z,1,1.2179166249989066,None,parti3,001,2025-10-02_15h57.01.041,MotorSequenceLearning_NupurShah,,2025.1.1,119.4128460958515,2025-10-02 15h57.58.102804 +0530,
-50,x,35,35,10,x,1,1.0711832490051165,None,,,,,10,35,35,0,604.4907103750011,,604.481983375008,604.4907103750011,605.473027333006,605.473027333006,605.473027333006,605.473027333006,605.4884688750026,606.4730505000043,606.4730505000043,607.5490053750109,,,,,x,1,1.0711832490051165,None,parti3,001,2025-10-02_15h57.01.041,MotorSequenceLearning_NupurShah,,2025.1.1,119.4128460958515,2025-10-02 15h57.58.102804 +0530,
150,v,36,36,8,v,1,1.1696542489953572,None,,,,,8,36,36,1,607.558159207998,,607.5494939170021,607.558159207998,608.547648125008,608.547648125008,608.547648125008,608.547648125008,608.5554269170098,609.5475096669979,609.5475096669979,610.7225495830062,,,,,v,1,1.1696542489953572,None,parti3,001,2025-10-02_15h57.01.041,MotorSequenceLearning_NupurShah,,2025.1.1,119.4128460958515,2025-10-02 15h57.58.102804 +0530,
150,v,37,37,9,v,1,2.373229207994882,None,,,,,9,37,37,1,610.7328613330028,,610.7230404580041,610.7328613330028,611.723178625005,611.723178625005,611.723178625005,611.723178625005,611.7305155420036,612.7227551250107,612.7227551250107,615.0982385000098,,,,,v,1,2.373229207994882,None,parti3,001,2025-10-02_15h57.01.041,MotorSequenceLearning_NupurShah,,2025.1.1,119.4128460958515,2025-10-02 15h57.58.102804 +0530,
50,c,38,38,7,c,1,1.7154191240115324,None,,,,,7,38,38,2,615.1048399170104,,615.0987244170101,615.1048399170104,616.0903509580094,616.0903509580094,616.0903509580094,616.0903509580094,616.0982883750112,617.0887283750053,617.0887283750053,618.8056398330082,,,,,c,1,1.7154191240115324,None,parti3,001,2025-10-02_15h57.01.041,MotorSequenceLearning_NupurShah,,2025.1.1,119.4128460958515,2025-10-02 15h57.58.102804 +0530,
150,v,39,39,10,v,1,0.8413841660076287,None,,,,,10,39,39,1,618.8145680419984,,618.8061097080063,618.8145680419984,619.7971926669998,619.7971926669998,619.7971926669998,619.7971926669998,619.8050487500004,620.7976812499983,620.7976812499983,621.6485576249979,,,,,v,1,0.8413841660076287,None,parti3,001,2025-10-02_15h57.01.041,MotorSequenceLearning_NupurShah,,2025.1.1,119.4128460958515,2025-10-02 15h57.58.102804 +0530,
-150,z,40,40,10,z,1,1.4611270830064313,None,,,,,10,40,40,3,621.6580226670048,,621.6490300830046,621.6580226670048,622.6399002079997,622.6399002079997,622.6399002079997,622.6399002079997,622.6551790829981,623.6388534580037,623.6388534580037,625.1063187920081,,,,,z,1,1.4611270830064313,None,parti3,001,2025-10-02_15h57.01.041,MotorSequenceLearning_NupurShah,,2025.1.1,119.4128460958515,2025-10-02 15h57.58.102804 +0530,
150,v,41,41,11,v,1,1.4597722080070525,None,,,,,11,41,41,1,625.1163873750047,,625.1068116250099,625.1163873750047,626.1066890830116,626.1066890830116,626.1066890830116,626.1066890830116,626.1139612920088,627.1061355830025,627.1061355830025,628.5727684169979,,,,,v,1,1.4597722080070525,None,parti3,001,2025-10-02_15h57.01.041,MotorSequenceLearning_NupurShah,,2025.1.1,119.4128460958515,2025-10-02 15h57.58.102804 +0530,
-150,z,42,42,11,z,1,1.1564889989967924,None,,,,,11,42,42,3,628.583354041999,,628.5733554580074,628.583354041999,629.5736096250039,629.5736096250039,629.5736096250039,629.5736096250039,629.5818517080043,630.5644474170113,630.5644474170113,631.7225126250123,,,,,z,1,1.1564889989967924,None,parti3,001,2025-10-02_15h57.01.041,MotorSequenceLearning_NupurShah,,2025.1.1,119.4128460958515,2025-10-02 15h57.58.102804 +0530,
-50,x,43,43,11,x,1,0.8641636239917716,None,,,,,11,43,43,0,631.7311503750097,,631.7229991670029,631.7311503750097,632.7146049580042,632.7146049580042,632.7146049580042,632.7146049580042,632.7224158330064,633.7146969580062,633.7146969580062,634.5827232919983,,,,,x,1,0.8641636239917716,None,parti3,001,2025-10-02_15h57.01.041,MotorSequenceLearning_NupurShah,,2025.1.1,119.4128460958515,2025-10-02 15h57.58.102804 +0530,
-50,x,44,44,12,x,1,0.8287999570020474,None,,,,,12,44,44,0,634.5930020829983,,634.5832677500002,634.5930020829983,635.5812335420051,635.5812335420051,635.5812335420051,635.5812335420051,635.5893791670096,636.5812184170063,636.5812184170063,637.4161273330101,,,,,x,1,0.8287999570020474,None,parti3,001,2025-10-02_15h57.01.041,MotorSequenceLearning_NupurShah,,2025.1.1,119.4128460958515,2025-10-02 15h57.58.102804 +0530,
-50,x,45,45,13,x,1,0.5663735830021324,None,,,,,13,45,45,0,637.4257597500109,,637.4166730420111,637.4257597500109,638.4141220830061,638.4141220830061,638.4141220830061,638.4141220830061,638.4220302920003,639.4146072080039,639.4146072080039,639.9827132920036,,,,,x,1,0.5663735830021324,None,parti3,001,2025-10-02_15h57.01.041,MotorSequenceLearning_NupurShah,,2025.1.1,119.4128460958515,2025-10-02 15h57.58.102804 +0530,
50,c,46,46,8,c,1,1.1015503329981584,None,,,,,8,46,46,2,639.9894038330094,,639.9832028750097,639.9894038330094,640.9813437920093,640.9813437920093,640.9813437920093,640.9813437920093,640.9887925000075,641.9813355000078,641.9813355000078,643.0895055830042,,,,,c,1,1.1015503329981584,None,parti3,001,2025-10-02_15h57.01.041,MotorSequenceLearning_NupurShah,,2025.1.1,119.4128460958515,2025-10-02 15h57.58.102804 +0530,
50,c,47,47,9,c,1,1.1415908329945523,None,,,,,9,47,47,2,643.0999659170047,,643.0900031670026,643.0999659170047,644.0814408330043,644.0814408330043,644.0814408330043,644.0814408330043,644.0979952080088,645.0813044170063,645.0813044170063,646.2327136250096,,,,,c,1,1.1415908329945523,None,parti3,001,2025-10-02_15h57.01.041,MotorSequenceLearning_NupurShah,,2025.1.1,119.4128460958515,2025-10-02 15h57.58.102804 +0530,
50,c,48,48,10,c,1,2.107495165997534,None,,,,,10,48,48,2,646.242558583006,,646.2331936670089,646.242558583006,647.231418292009,647.231418292009,647.231418292009,647.231418292009,647.239064917012,648.2313845419994,648.2313845419994,650.3404238750081,,,,,c,1,2.107495165997534,None,parti3,001,2025-10-02_15h57.01.041,MotorSequenceLearning_NupurShah,,2025.1.1,119.4128460958515,2025-10-02 15h57.58.102804 +0530,
-150,z,49,49,12,z,1,1.5505702910013497,None,,,,,12,49,49,3,650.3501864999998,,650.3408956670028,650.3501864999998,651.340425500006,651.340425500006,651.340425500006,651.340425500006,651.3481569580035,652.3402471669979,652.3402471669979,653.8996046670072,,,,,z,1,1.5505702910013497,None,parti3,001,2025-10-02_15h57.01.041,MotorSequenceLearning_NupurShah,,2025.1.1,119.4128460958515,2025-10-02 15h57.58.102804 +0530,
-150,z,50,50,13,z,1,0.5654531250038417,None,,,,,13,50,50,3,653.9095080420084,,653.9001394580118,653.9095080420084,654.8981207080069,654.8981207080069,654.8981207080069,654.8981207080069,654.9051846670045,655.8983707919979,655.8983707919979,656.466173000008,,,,,z,1,0.5654531250038417,None,parti3,001,2025-10-02_15h57.01.041,MotorSequenceLearning_NupurShah,,2025.1.1,119.4128460958515,2025-10-02 15h57.58.102804 +0530,
150,v,51,51,12,v,1,2.1589069569890853,None,,,,,12,51,51,1,656.476145749999,,656.4666442080052,656.476145749999,657.4649287920038,657.4649287920038,657.4649287920038,657.4649287920038,657.4733251670114,658.4648501250049,658.4648501250049,660.632897250005,,,,,v,1,2.1589069569890853,None,parti3,001,2025-10-02_15h57.01.041,MotorSequenceLearning_NupurShah,,2025.1.1,119.4128460958515,2025-10-02 15h57.58.102804 +0530,
150,v,52,52,13,v,1,1.0321324990072753,None,,,,,13,52,52,1,660.6424175830034,,660.6333821670123,660.6424175830034,661.6310715830041,661.6310715830041,661.6310715830041,661.6310715830041,661.6387526670005,662.6315482920036,662.6315482920036,663.6655374170077,,,,,v,1,1.0321324990072753,None,parti3,001,2025-10-02_15h57.01.041,MotorSequenceLearning_NupurShah,,2025.1.1,119.4128460958515,2025-10-02 15h57.58.102804 +0530,
150,v,53,53,14,v,1,0.6460011659946758,None,,,,,14,53,53,1,663.6752692919981,,663.6660519170109,663.6752692919981,664.656440375009,664.656440375009,664.656440375009,664.656440375009,664.6721602920006,665.6568018329999,665.6568018329999,666.3072848750016,,,,,v,1,0.6460011659946758,None,parti3,001,2025-10-02_15h57.01.041,MotorSequenceLearning_NupurShah,,2025.1.1,119.4128460958515,2025-10-02 15h57.58.102804 +0530,
50,c,54,54,11,c,1,1.7035014160064748,None,,,,,11,54,54,2,666.3319091669982,,666.307999333003,666.3319091669982,667.3073585829989,667.3073585829989,667.3073585829989,667.3073585829989,667.3230587920116,668.3073943330091,668.3073943330091,670.0160736670077,,,,,c,1,1.7035014160064748,None,parti3,001,2025-10-02_15h57.01.041,MotorSequenceLearning_NupurShah,,2025.1.1,119.4128460958515,2025-10-02 15h57.58.102804 +0530,
150,v,55,55,15,v,1,1.2564652910077712,None,,,,,15,55,55,1,670.025621000008,,670.0165683329978,670.025621000008,671.007321875004,671.007321875004,671.007321875004,671.007321875004,671.023022207999,672.0072265830095,672.0072265830095,673.2663689580077,,,,,v,1,1.2564652910077712,None,parti3,001,2025-10-02_15h57.01.041,MotorSequenceLearning_NupurShah,,2025.1.1,119.4128460958515,2025-10-02 15h57.58.102804 +0530,
-50,x,56,56,14,x,1,1.8665999999939231,None,,,,,14,56,56,0,673.2756007920107,,673.2668746670097,673.2756007920107,674.2645953330066,674.2645953330066,674.2645953330066,674.2645953330066,674.2723829580063,675.2650608330005,675.2650608330005,677.1329442499991,,,,,x,1,1.8665999999939231,None,parti3,001,2025-10-02_15h57.01.041,MotorSequenceLearning_NupurShah,,2025.1.1,119.4128460958515,2025-10-02 15h57.58.102804 +0530,
-50,x,57,57,15,x,1,0.8403975819965126,None,,,,,15,57,57,0,677.1395769580122,,677.1334301250026,677.1395769580122,678.1241099580075,678.1241099580075,678.1241099580075,678.1241099580075,678.1318790830119,679.1232269580069,679.1232269580069,679.9668230420066,,,,,x,1,0.8403975819965126,None,parti3,001,2025-10-02_15h57.01.041,MotorSequenceLearning_NupurShah,,2025.1.1,119.4128460958515,2025-10-02 15h57.58.102804 +0530,
150,v,58,58,16,v,1,1.213370000012219,None,,,,,16,58,58,1,679.9772390420112,,679.96739062501,679.9772390420112,680.9647644580109,680.9647644580109,680.9647644580109,680.9647644580109,680.9728814580012,681.9651457920118,681.9651457920118,683.1832607079996,,,,,v,1,1.213370000012219,None,parti3,001,2025-10-02_15h57.01.041,MotorSequenceLearning_NupurShah,,2025.1.1,119.4128460958515,2025-10-02 15h57.58.102804 +0530,
50,c,59,59,12,c,1,1.0797275410004659,None,,,,,12,59,59,2,683.1935627920029,,683.1838184170047,683.1935627920029,684.1818982500117,684.1818982500117,684.1818982500117,684.1818982500117,684.1895507500012,685.1818692500092,685.1818692500092,686.2665107920038,,,,,c,1,1.0797275410004659,None,parti3,001,2025-10-02_15h57.01.041,MotorSequenceLearning_NupurShah,,2025.1.1,119.4128460958515,2025-10-02 15h57.58.102804 +0530,
-150,z,60,60,14,z,1,1.356327041008626,None,,,,,14,60,60,3,686.2758987920097,,686.2670300000027,686.2758987920097,687.2652328750119,687.2652328750119,687.2652328750119,687.2652328750119,687.2729139580042,688.2652733330033,688.2652733330033,689.6238573330047,,,,,z,1,1.356327041008626,None,parti3,001,2025-10-02_15h57.01.041,MotorSequenceLearning_NupurShah,,2025.1.1,119.4128460958515,2025-10-02 15h57.58.102804 +0530,
50,c,61,61,13,c,1,1.9666222489904612,None,,,,,13,61,61,2,689.6339498750021,,689.624344374999,689.6339498750021,690.6264109170006,690.6264109170006,690.6264109170006,690.6264109170006,690.6487705830077,691.6228847080056,691.6228847080056,693.5999822500016,,,,,c,1,1.9666222489904612,None,parti3,001,2025-10-02_15h57.01.041,MotorSequenceLearning_NupurShah,,2025.1.1,119.4128460958515,2025-10-02 15h57.58.102804 +0530,
-50,x,62,62,16,x,1,1.1081573739938904,None,,,,,16,62,62,0,693.6096402500116,,693.6004745829996,693.6096402500116,694.5983412920032,694.5983412920032,694.5983412920032,694.5983412920032,694.6064337499993,695.5981632500043,695.5981632500043,696.7167249580089,,,,,x,1,1.1081573739938904,None,parti3,001,2025-10-02_15h57.01.041,MotorSequenceLearning_NupurShah,,2025.1.1,119.4128460958515,2025-10-02 15h57.58.102804 +0530,
-150,z,63,63,15,z,1,1.3399925410049036,None,,,,,15,63,63,3,696.7263569170027,,696.7172134170105,696.7263569170027,697.7153745830001,697.7153745830001,697.7153745830001,697.7153745830001,697.7230373330094,698.7154540830088,698.7154540830088,700.0570312500058,,,,,z,1,1.3399925410049036,None,parti3,001,2025-10-02_15h57.01.041,MotorSequenceLearning_NupurShah,,2025.1.1,119.4128460958515,2025-10-02 15h57.58.102804 +0530,
150,v,64,64,17,v,1,1.2964929989975644,None,,,,,17,64,64,1,700.0676519999979,,700.057695208001,700.0676519999979,701.0578589580109,701.0578589580109,701.0578589580109,701.0578589580109,701.0658200420003,702.048867458012,702.048867458012,703.350150667,,,,,v,1,1.2964929989975644,None,parti3,001,2025-10-02_15h57.01.041,MotorSequenceLearning_NupurShah,,2025.1.1,119.4128460958515,2025-10-02 15h57.58.102804 +0530,
-50,x,65,65,17,x,1,1.3195280410000123,None,,,,,17,65,65,0,703.3596515000099,,703.3506409580004,703.3596515000099,704.3485395419993,704.3485395419993,704.3485395419993,704.3485395419993,704.3567968330026,705.3489102919993,705.3489102919993,706.673944042006,,,,,x,1,1.3195280410000123,None,parti3,001,2025-10-02_15h57.01.041,MotorSequenceLearning_NupurShah,,2025.1.1,119.4128460958515,2025-10-02 15h57.58.102804 +0530,
50,c,66,66,14,c,1,0.8969017909985268,None,,,,,14,66,66,2,706.6839033750002,,706.6744443750067,706.6839033750002,707.6744025420048,707.6744025420048,707.6744025420048,707.6744025420048,707.6822350000002,708.6737705830019,708.6737705830019,709.5742023750063,,,,,c,1,0.8969017909985268,None,parti3,001,2025-10-02_15h57.01.041,MotorSequenceLearning_NupurShah,,2025.1.1,119.4128460958515,2025-10-02 15h57.58.102804 +0530,
-150,z,67,67,16,z,1,1.2011044989922084,None,,,,,16,67,67,3,709.5843626249989,,709.5746911250026,709.5843626249989,710.574405708001,710.574405708001,710.574405708001,710.574405708001,710.5822438330069,711.5742225830036,711.5742225830036,712.7833788330026,,,,,z,1,1.2011044989922084,None,parti3,001,2025-10-02_15h57.01.041,MotorSequenceLearning_NupurShah,,2025.1.1,119.4128460958515,2025-10-02 15h57.58.102804 +0530,
50,c,68,68,15,c,1,1.0611154579964932,None,,,,,15,68,68,2,712.7923933330021,,712.7837658750068,712.7923933330021,713.774853875002,713.774853875002,713.774853875002,713.774853875002,713.7829658330011,714.782204957999,714.782204957999,715.8503920830117,,,,,c,1,1.0611154579964932,None,parti3,001,2025-10-02_15h57.01.041,MotorSequenceLearning_NupurShah,,2025.1.1,119.4128460958515,2025-10-02 15h57.58.102804 +0530,
-50,x,69,69,18,x,1,1.17399487401417,None,,,,,18,69,69,0,715.8598177920067,,715.8509246250032,715.8598177920067,716.8489573750121,716.8489573750121,716.8489573750121,716.8489573750121,716.8566795000079,717.8484227500012,717.8484227500012,719.0237485830003,,,,,x,1,1.17399487401417,None,parti3,001,2025-10-02_15h57.01.041,MotorSequenceLearning_NupurShah,,2025.1.1,119.4128460958515,2025-10-02 15h57.58.102804 +0530,
-150,z,70,70,17,z,1,1.513064165992546,None,,,,,17,70,70,3,719.0317799170007,,719.024230791998,719.0317799170007,720.0240486250113,720.0240486250113,720.0240486250113,720.0240486250113,720.0240486250113,721.0151914580056,721.0151914580056,722.5339605830086,,,,,z,1,1.513064165992546,None,parti3,001,2025-10-02_15h57.01.041,MotorSequenceLearning_NupurShah,,2025.1.1,119.4128460958515,2025-10-02 15h57.58.102804 +0530,
150,v,71,71,18,v,1,1.2147618330054684,None,,,,,18,71,71,1,722.5447747920116,,722.534554458005,722.5447747920116,723.5324855000072,723.5324855000072,723.5324855000072,723.5324855000072,723.540814167005,724.532521333007,724.532521333007,725.7505641250027,,,,,v,1,1.2147618330054684,None,parti3,001,2025-10-02_15h57.01.041,MotorSequenceLearning_NupurShah,,2025.1.1,119.4128460958515,2025-10-02 15h57.58.102804 +0530,
-150,z,72,72,18,z,1,1.3880016659968533,None,,,,,18,72,72,3,725.7601498330041,,725.7510941670043,725.7601498330041,726.7486383750074,726.7486383750074,726.7486383750074,726.7486383750074,726.7562899170007,727.7491484170023,727.7491484170023,729.1408159580023,,,,,z,1,1.3880016659968533,None,parti3,001,2025-10-02_15h57.01.041,MotorSequenceLearning_NupurShah,,2025.1.1,119.4128460958515,2025-10-02 15h57.58.102804 +0530,
-150,z,73,73,19,z,1,0.8261896240001079,None,,,,,19,73,73,3,729.1511452080013,,729.1413103750092,729.1511452080013,730.1409257920022,730.1409257920022,730.1409257920022,730.1409257920022,730.1492912500107,731.1409416250099,731.1409416250099,731.9738604169979,,,,,z,1,0.8261896240001079,None,parti3,001,2025-10-02_15h57.01.041,MotorSequenceLearning_NupurShah,,2025.1.1,119.4128460958515,2025-10-02 15h57.58.102804 +0530,
50,c,74,74,16,c,1,1.6620990829978837,None,,,,,16,74,74,2,731.9840750000003,,731.9743404580076,731.9840750000003,732.965999292006,732.965999292006,732.965999292006,732.965999292006,732.9824763750075,733.9741265000048,733.9741265000048,735.6410982079979,,,,,c,1,1.6620990829978837,None,parti3,001,2025-10-02_15h57.01.041,MotorSequenceLearning_NupurShah,,2025.1.1,119.4128460958515,2025-10-02 15h57.58.102804 +0530,
150,v,75,75,19,v,1,1.7197137079929234,None,,,,,19,75,75,1,735.6659794580046,,735.6416717079992,735.6659794580046,736.641438125007,736.641438125007,736.641438125007,736.641438125007,736.6566686670121,737.6403877080011,737.6403877080011,739.3670342500118,,,,,v,1,1.7197137079929234,None,parti3,001,2025-10-02_15h57.01.041,MotorSequenceLearning_NupurShah,,2025.1.1,119.4128460958515,2025-10-02 15h57.58.102804 +0530,
150,v,76,76,20,v,1,0.6868869579921011,None,,,,,20,76,76,1,739.3766509999987,,739.3675410830037,739.3766509999987,740.357877500006,740.357877500006,740.357877500006,740.357877500006,740.373589625,741.3573580420052,741.3573580420052,742.0498842500092,,,,,v,1,0.6868869579921011,None,parti3,001,2025-10-02_15h57.01.041,MotorSequenceLearning_NupurShah,,2025.1.1,119.4128460958515,2025-10-02 15h57.58.102804 +0530,
150,v,77,77,21,v,1,0.6146032070100773,None,,,,,21,77,77,1,742.0586886250094,,742.05039316701,742.0586886250094,743.041629875006,743.041629875006,743.041629875006,743.041629875006,743.04959241701,744.041417542001,744.041417542001,744.6576075830089,,,,,v,1,0.6146032070100773,None,parti3,001,2025-10-02_15h57.01.041,MotorSequenceLearning_NupurShah,,2025.1.1,119.4128460958515,2025-10-02 15h57.58.102804 +0530,
50,c,78,78,17,c,1,1.1587526660005096,None,,,,,17,78,78,2,744.665909125004,,744.6580855420034,744.665909125004,745.6494319580088,745.6494319580088,745.6494319580088,745.6494319580088,745.6570525420102,746.6493455830059,746.6493455830059,747.8174065420026,,,,,c,1,1.1587526660005096,None,parti3,001,2025-10-02_15h57.01.041,MotorSequenceLearning_NupurShah,,2025.1.1,119.4128460958515,2025-10-02 15h57.58.102804 +0530,
-150,z,79,79,20,z,1,1.4815964160079602,None,,,,,20,79,79,3,747.8270868750114,,747.8179276250012,747.8270868750114,748.8081046670122,748.8081046670122,748.8081046670122,748.8081046670122,748.8232425419992,749.8163042500091,749.8163042500091,751.3000459580071,,,,,z,1,1.4815964160079602,None,parti3,001,2025-10-02_15h57.01.041,MotorSequenceLearning_NupurShah,,2025.1.1,119.4128460958515,2025-10-02 15h57.58.102804 +0530,
-50,x,80,80,19,x,1,1.2247931659949245,None,,,,,19,80,80,0,751.3066685829981,,751.3005257080076,751.3066685829981,752.2917926250084,752.2917926250084,752.2917926250084,752.2917926250084,752.2995781250065,753.290371791998,753.290371791998,754.5169774170063,,,,,x,1,1.2247931659949245,None,parti3,001,2025-10-02_15h57.01.041,MotorSequenceLearning_NupurShah,,2025.1.1,119.4128460958515,2025-10-02 15h57.58.102804 +0530,
150,v,81,81,22,v,1,1.1774818330013659,None,,,,,22,81,81,1,754.5236987500102,,754.5174328749999,754.5236987500102,755.5078035830084,755.5078035830084,755.5078035830084,755.5078035830084,755.5162433330115,756.5083971249987,756.5083971249987,757.690960167005,,,,,v,1,1.1774818330013659,None,parti3,001,2025-10-02_15h57.01.041,MotorSequenceLearning_NupurShah,,2025.1.1,119.4128460958515,2025-10-02 15h57.58.102804 +0530,
50,c,82,82,18,c,1,0.8297890410030959,None,,,,,18,82,82,2,757.7011180420086,,757.6914446250012,757.7011180420086,758.6915158750053,758.6915158750053,758.6915158750053,758.6915158750053,758.7000966670021,759.6911826249998,759.6911826249998,760.524417958004,,,,,c,1,0.8297890410030959,None,parti3,001,2025-10-02_15h57.01.041,MotorSequenceLearning_NupurShah,,2025.1.1,119.4128460958515,2025-10-02 15h57.58.102804 +0530,
50,c,83,83,19,c,1,0.6166053330089198,None,,,,,19,83,83,2,760.5345506250014,,760.5248865419999,760.5345506250014,761.5246901670034,761.5246901670034,761.5246901670034,761.5246901670034,761.532942750011,762.5241737500037,762.5241737500037,763.1511409170053,,,,,c,1,0.6166053330089198,None,parti3,001,2025-10-02_15h57.01.041,MotorSequenceLearning_NupurShah,,2025.1.1,119.4128460958515,2025-10-02 15h57.58.102804 +0530,
-50,x,84,84,20,x,1,1.478382415996748,None,,,,,20,84,84,0,763.1613611670036,,763.1517239170062,763.1613611670036,764.1490233750083,764.1490233750083,764.1490233750083,764.1490233750083,764.1568569170049,765.1495555000001,765.1495555000001,766.634235999998,,,,,x,1,1.478382415996748,None,parti3,001,2025-10-02_15h57.01.041,MotorSequenceLearning_NupurShah,,2025.1.1,119.4128460958515,2025-10-02 15h57.58.102804 +0530,
50,c,85,85,20,c,1,1.3389271659980295,None,,,,,20,85,85,2,766.6440865420009,,766.6347165000043,766.6440865420009,767.6324835000123,767.6324835000123,767.6324835000123,767.6324835000123,767.6400317500083,768.6329352080065,768.6329352080065,769.9743749580084,,,,,c,1,1.3389271659980295,None,parti3,001,2025-10-02_15h57.01.041,MotorSequenceLearning_NupurShah,,2025.1.1,119.4128460958515,2025-10-02 15h57.58.102804 +0530,
150,v,86,86,23,v,1,0.9297557909885654,None,,,,,23,86,86,1,769.9845362920023,,769.9748611250106,769.9845362920023,770.966613208002,770.966613208002,770.966613208002,770.966613208002,770.983233292005,771.9742430000042,771.9742430000042,772.9085605830041,,,,,v,1,0.9297557909885654,None,parti3,001,2025-10-02_15h57.01.041,MotorSequenceLearning_NupurShah,,2025.1.1,119.4128460958515,2025-10-02 15h57.58.102804 +0530,
50,c,87,87,21,c,1,1.326442457997473,None,,,,,21,87,87,2,772.9193343750085,,772.9090065420023,772.9193343750085,773.9097233330103,773.9097233330103,773.9097233330103,773.9097233330103,773.9175288330007,774.9084717080113,774.9084717080113,776.2413775830064,,,,,c,1,1.326442457997473,None,parti3,001,2025-10-02_15h57.01.041,MotorSequenceLearning_NupurShah,,2025.1.1,119.4128460958515,2025-10-02 15h57.58.102804 +0530,
50,c,88,88,22,c,1,0.8031601239927113,None,,,,,22,88,88,2,776.2518732919998,,776.24191216701,776.2518732919998,777.2421094169986,777.2421094169986,777.2421094169986,777.2421094169986,777.2499761670042,778.2408232919988,778.2408232919988,779.0508947920025,,,,,c,1,0.8031601239927113,None,parti3,001,2025-10-02_15h57.01.041,MotorSequenceLearning_NupurShah,,2025.1.1,119.4128460958515,2025-10-02 15h57.58.102804 +0530,
-50,x,89,89,21,x,1,1.3465776660013944,None,,,,,21,89,89,0,779.0601242080011,,779.0513012080046,779.0601242080011,780.0421950419986,780.0421950419986,780.0421950419986,780.0421950419986,780.0571055830078,781.0413342920074,781.0413342920074,782.3918874170049,,,,,x,1,1.3465776660013944,None,parti3,001,2025-10-02_15h57.01.041,MotorSequenceLearning_NupurShah,,2025.1.1,119.4128460958515,2025-10-02 15h57.58.102804 +0530,
-50,x,90,90,22,x,1,0.5168452490033815,None,,,,,22,90,90,0,782.4167224170087,,782.3924123330071,782.4167224170087,783.3915890830103,783.3915890830103,783.3915890830103,783.3915890830103,783.4066933330032,784.391929999998,784.391929999998,784.9182538750028,,,,,x,1,0.5168452490033815,None,parti3,001,2025-10-02_15h57.01.041,MotorSequenceLearning_NupurShah,,2025.1.1,119.4128460958515,2025-10-02 15h57.58.102804 +0530,
150,v,91,91,24,v,1,0.8821403320034733,None,,,,,24,91,91,1,784.9285411250021,,784.9190057080123,784.9285411250021,785.9165422500082,785.9165422500082,785.9165422500082,785.9165422500082,785.9239828330028,786.91656495801,786.91656495801,787.8012228330044,,,,,v,1,0.8821403320034733,None,parti3,001,2025-10-02_15h57.01.041,MotorSequenceLearning_NupurShah,,2025.1.1,119.4128460958515,2025-10-02 15h57.58.102804 +0530,
150,v,92,92,25,v,1,0.4606291660020361,None,,,,,25,92,92,1,787.81151283301,,787.8017894580116,787.81151283301,788.8002393750066,788.8002393750066,788.8002393750066,788.8002393750066,788.8080424580112,789.800208042012,789.800208042012,790.2679577500094,,,,,v,1,0.4606291660020361,None,parti3,001,2025-10-02_15h57.01.041,MotorSequenceLearning_NupurShah,,2025.1.1,119.4128460958515,2025-10-02 15h57.58.102804 +0530,
-150,z,93,93,21,z,1,1.3252457909984514,None,,,,,21,93,93,3,790.2777995420038,,790.2684658750077,790.2777995420038,791.2668082080054,791.2668082080054,791.2668082080054,791.2668082080054,791.2748293750046,792.2665242500079,792.2665242500079,793.6008366250026,,,,,z,1,1.3252457909984514,None,parti3,001,2025-10-02_15h57.01.041,MotorSequenceLearning_NupurShah,,2025.1.1,119.4128460958515,2025-10-02 15h57.58.102804 +0530,
-150,z,94,94,22,z,1,0.7981947070074966,None,,,,,22,94,94,3,793.610386417,,793.6013467080047,793.610386417,794.5923627500015,794.5923627500015,794.5923627500015,794.5923627500015,794.6078259170026,795.5923843330092,795.5923843330092,796.401413042011,,,,,z,1,0.7981947070074966,None,parti3,001,2025-10-02_15h57.01.041,MotorSequenceLearning_NupurShah,,2025.1.1,119.4128460958515,2025-10-02 15h57.58.102804 +0530,
50,c,95,95,23,c,1,1.4525813739892328,None,,,,,23,95,95,2,796.4107378330082,,796.4019115830015,796.4107378330082,797.4003808749985,797.4003808749985,797.4003808749985,797.4003808749985,797.408883791999,798.4000575420068,798.4000575420068,799.8585370000073,,,,,c,1,1.4525813739892328,None,parti3,001,2025-10-02_15h57.01.041,MotorSequenceLearning_NupurShah,,2025.1.1,119.4128460958515,2025-10-02 15h57.58.102804 +0530,
-50,x,96,96,23,x,1,1.7684171659930144,None,,,,,23,96,96,0,799.868397667,,799.8590246670065,799.868397667,800.8603610830032,800.8603610830032,800.8603610830032,800.8603610830032,800.883777791998,801.8501235420117,801.8501235420117,803.624964875009,,,,,x,1,1.7684171659930144,None,parti3,001,2025-10-02_15h57.01.041,MotorSequenceLearning_NupurShah,,2025.1.1,119.4128460958515,2025-10-02 15h57.58.102804 +0530,
-50,x,97,97,24,x,1,3.8191634159884416,None,,,,,24,97,97,0,803.6353154579992,,803.6254623749992,803.6353154579992,804.6167839170084,804.6167839170084,804.6167839170084,804.6167839170084,804.6333974580048,805.624385957999,805.624385957999,809.4515441670083,,,,,x,1,3.8191634159884416,None,parti3,001,2025-10-02_15h57.01.041,MotorSequenceLearning_NupurShah,,2025.1.1,119.4128460958515,2025-10-02 15h57.58.102804 +0530,
-150,z,98,98,23,z,1,0.7204012080037501,None,,,,,23,98,98,3,809.4615737080021,,809.4520575420029,809.4615737080021,810.4503276670002,810.4503276670002,810.4503276670002,810.4503276670002,810.4582132920041,811.4501771670039,811.4501771670039,812.174852917,,,,,z,1,0.7204012080037501,None,parti3,001,2025-10-02_15h57.01.041,MotorSequenceLearning_NupurShah,,2025.1.1,119.4128460958515,2025-10-02 15h57.58.102804 +0530,
150,v,99,99,26,v,1,1.005577332995017,None,,,,,26,99,99,1,812.1848844170017,,812.1753248750028,812.1848844170017,813.1756843750045,813.1756843750045,813.1756843750045,813.1756843750045,813.1838750830066,814.1669350419979,814.1669350419979,815.174921333004,,,,,v,1,1.005577332995017,None,parti3,001,2025-10-02_15h57.01.041,MotorSequenceLearning_NupurShah,,2025.1.1,119.4128460958515,2025-10-02 15h57.58.102804 +0530,
50,c,100,100,24,c,1,0.5895358330017189,None,,,,,24,100,100,2,815.184848792007,,815.175403375004,815.184848792007,816.1756471670087,816.1756471670087,816.1756471670087,816.1756471670087,816.1838195000018,817.1669556249981,817.1669556249981,817.7582485000021,,,,,c,1,0.5895358330017189,None,parti3,001,2025-10-02_15h57.01.041,MotorSequenceLearning_NupurShah,,2025.1.1,119.4128460958515,2025-10-02 15h57.58.102804 +0530,
-150,z,101,101,24,z,1,0.9662545409955783,None,,,,,24,101,101,3,817.7663660830003,,817.758724875006,817.7663660830003,818.7503500830062,818.7503500830062,818.7503500830062,818.7503500830062,818.7580909170065,819.7502848330041,819.7502848330041,820.7183876250056,,,,,z,1,0.9662545409955783,None,parti3,001,2025-10-02_15h57.01.041,MotorSequenceLearning_NupurShah,,2025.1.1,119.4128460958515,2025-10-02 15h57.58.102804 +0530,
-50,x,102,102,25,x,1,0.545441790993209,None,,,,,25,102,102,0,820.728628708006,,820.7189628330088,820.728628708006,821.7169281250099,821.7169281250099,821.7169281250099,821.7169281250099,821.7245510830107,822.7169984580105,822.7169984580105,823.2683598750009,,,,,x,1,0.545441790993209,None,parti3,001,2025-10-02_15h57.01.041,MotorSequenceLearning_NupurShah,,2025.1.1,119.4128460958515,2025-10-02 15h57.58.102804 +0530,
150,v,103,103,27,v,1,1.3125989159889286,None,,,,,27,103,103,1,823.2778824580018,,823.2690063330083,823.2778824580018,824.2670693330001,824.2670693330001,824.2670693330001,824.2670693330001,824.275392208001,825.2669985420071,825.2669985420071,826.5850493330072,,,,,v,1,1.3125989159889286,None,parti3,001,2025-10-02_15h57.01.041,MotorSequenceLearning_NupurShah,,2025.1.1,119.4128460958515,2025-10-02 15h57.58.102804 +0530,
50,c,104,104,25,c,1,0.7809129160013981,None,,,,,25,104,104,2,826.5946812080074,,826.5855331670027,826.5946812080074,827.5837224580027,827.5837224580027,827.5837224580027,827.5837224580027,827.5914671250066,828.5837025830115,828.5837025830115,829.368458833007,,,,,c,1,0.7809129160013981,None,parti3,001,2025-10-02_15h57.01.041,MotorSequenceLearning_NupurShah,,2025.1.1,119.4128460958515,2025-10-02 15h57.58.102804 +0530,
-50,x,105,105,26,x,1,0.7758815410052193,None,,,,,26,105,105,0,829.3781859170122,,829.3689297920064,829.3781859170122,830.3599017079978,830.3599017079978,830.3599017079978,830.3599017079978,830.374672875012,831.3674989170104,831.3674989170104,832.1519065419998,,,,,x,1,0.7758815410052193,None,parti3,001,2025-10-02_15h57.01.041,MotorSequenceLearning_NupurShah,,2025.1.1,119.4128460958515,2025-10-02 15h57.58.102804 +0530,
-150,z,106,106,25,z,1,0.7589365829917369,None,,,,,25,106,106,3,832.162378167006,,832.1525197080045,832.162378167006,833.1507444580056,833.1507444580056,833.1507444580056,833.1507444580056,833.1583201250032,834.1504228330014,834.1504228330014,834.9188111250114,,,,,z,1,0.7589365829917369,None,parti3,001,2025-10-02_15h57.01.041,MotorSequenceLearning_NupurShah,,2025.1.1,119.4128460958515,2025-10-02 15h57.58.102804 +0530,
50,c,107,107,26,c,1,0.9311335819947999,None,,,,,26,107,107,2,834.9292744999984,,834.9194237500051,834.9292744999984,835.9172622080077,835.9172622080077,835.9172622080077,835.9172622080077,835.9246183330106,836.9171118750091,836.9171118750091,837.8518775830016,,,,,c,1,0.9311335819947999,None,parti3,001,2025-10-02_15h57.01.041,MotorSequenceLearning_NupurShah,,2025.1.1,119.4128460958515,2025-10-02 15h57.58.102804 +0530,
-50,x,108,108,27,x,1,0.7438684570079204,None,,,,,27,108,108,0,837.8611189580115,,837.8523990420072,837.8611189580115,838.8504758750059,838.8504758750059,838.8504758750059,838.8504758750059,838.8581959580042,839.8505135830055,839.8505135830055,840.6019938329991,,,,,x,1,0.7438684570079204,None,parti3,001,2025-10-02_15h57.01.041,MotorSequenceLearning_NupurShah,,2025.1.1,119.4128460958515,2025-10-02 15h57.58.102804 +0530,
-150,z,109,109,26,z,1,0.8087022489926312,None,,,,,26,109,109,3,840.6118200420024,,840.6025242920005,840.6118200420024,841.5945298330043,841.5945298330043,841.5945298330043,841.5945298330043,841.6024878330063,842.6006246670004,842.6006246670004,843.4186948749993,,,,,z,1,0.8087022489926312,None,parti3,001,2025-10-02_15h57.01.041,MotorSequenceLearning_NupurShah,,2025.1.1,119.4128460958515,2025-10-02 15h57.58.102804 +0530,
-50,x,110,110,28,x,1,0.8420240000123158,None,,,,,28,110,110,0,843.4287855420116,,843.419219708012,843.4287855420116,844.4168207920011,844.4168207920011,844.4168207920011,844.4168207920011,844.424495291998,845.417339208012,845.417339208012,846.2686137080018,,,,,x,1,0.8420240000123158,None,parti3,001,2025-10-02_15h57.01.041,MotorSequenceLearning_NupurShah,,2025.1.1,119.4128460958515,2025-10-02 15h57.58.102804 +0530,
-50,x,111,111,29,x,1,0.7257631249958649,None,,,,,29,111,111,0,846.2778326670086,,846.2691167919984,846.2778326670086,847.2668190420081,847.2668190420081,847.2668190420081,847.2668190420081,847.2744079580007,848.2674009170005,848.2674009170005,849.0017804170056,,,,,x,1,0.7257631249958649,None,parti3,001,2025-10-02_15h57.01.041,MotorSequenceLearning_NupurShah,,2025.1.1,119.4128460958515,2025-10-02 15h57.58.102804 +0530,
150,v,112,112,28,v,1,1.009313500006101,None,,,,,28,112,112,1,849.0115733330022,,849.0022328750056,849.0115733330022,850.0005270000111,850.0005270000111,850.0005270000111,850.0005270000111,850.0082830000028,851.0007299999997,851.0007299999997,852.0187157920009,,,,,v,1,1.009313500006101,None,parti3,001,2025-10-02_15h57.01.041,MotorSequenceLearning_NupurShah,,2025.1.1,119.4128460958515,2025-10-02 15h57.58.102804 +0530,
-50,x,113,113,30,x,1,2.1440473749971716,None,,,,,30,113,113,0,852.0291322499979,,852.0193092500122,852.0291322499979,853.0173111250042,853.0173111250042,853.0173111250042,853.0173111250042,853.0243905420066,854.0173281669995,854.0173281669995,856.1684870419995,,,,,x,1,2.1440473749971716,None,parti3,001,2025-10-02_15h57.01.041,MotorSequenceLearning_NupurShah,,2025.1.1,119.4128460958515,2025-10-02 15h57.58.102804 +0530,
50,c,114,114,27,c,1,0.9838523329963209,None,,,,,27,114,114,2,856.1781475830066,,856.1689796670107,856.1781475830066,857.1606116670009,857.1606116670009,857.1606116670009,857.1606116670009,857.1682329169998,858.1674289580114,858.1674289580114,859.1591148750013,,,,,c,1,0.9838523329963209,None,parti3,001,2025-10-02_15h57.01.041,MotorSequenceLearning_NupurShah,,2025.1.1,119.4128460958515,2025-10-02 15h57.58.102804 +0530,
50,c,115,115,28,c,1,0.8655758739914745,None,,,,,28,115,115,2,859.1691721250099,,859.1596499170118,859.1691721250099,860.1601715830038,860.1601715830038,860.1601715830038,860.1601715830038,860.1683557920041,861.1585762920004,861.1585762920004,862.0256762500067,,,,,c,1,0.8655758739914745,None,parti3,001,2025-10-02_15h57.01.041,MotorSequenceLearning_NupurShah,,2025.1.1,119.4128460958515,2025-10-02 15h57.58.102804 +0530,
50,c,116,116,29,c,1,2.1511770830111345,None,,,,,29,116,116,2,862.0355517499993,,862.0261728750047,862.0355517499993,863.0263593330019,863.0263593330019,863.0263593330019,863.0263593330019,863.0341847920063,864.0169610000012,864.0169610000012,866.1758924580063,,,,,c,1,2.1511770830111345,None,parti3,001,2025-10-02_15h57.01.041,MotorSequenceLearning_NupurShah,,2025.1.1,119.4128460958515,2025-10-02 15h57.58.102804 +0530,
150,v,117,117,29,v,1,1.0149166240007617,None,,,,,29,117,117,1,866.1860913749988,,866.1763870420109,866.1860913749988,867.1768272500049,867.1768272500049,867.1768272500049,867.1768272500049,867.1848759170098,868.1759968330007,868.1759968330007,869.1927564170037,,,,,v,1,1.0149166240007617,None,parti3,001,2025-10-02_15h57.01.041,MotorSequenceLearning_NupurShah,,2025.1.1,119.4128460958515,2025-10-02 15h57.58.102804 +0530,
-150,z,118,118,27,z,1,1.0181175820034696,None,,,,,27,118,118,3,869.2028404169978,,869.1932388749992,869.2028404169978,870.1934814580018,870.1934814580018,870.1934814580018,870.1934814580018,870.2018317500042,871.1919187080057,871.1919187080057,872.219239833008,,,,,z,1,1.0181175820034696,None,parti3,001,2025-10-02_15h57.01.041,MotorSequenceLearning_NupurShah,,2025.1.1,119.4128460958515,2025-10-02 15h57.58.102804 +0530,
150,v,119,119,30,v,1,0.9320463320036652,None,,,,,30,119,119,1,872.2295207499992,,872.219847750006,872.2295207499992,873.2172338750097,873.2172338750097,873.2172338750097,873.2172338750097,873.2254887080053,874.2178209999984,874.2178209999984,875.1520995419996,,,,,v,1,0.9320463320036652,None,parti3,001,2025-10-02_15h57.01.041,MotorSequenceLearning_NupurShah,,2025.1.1,119.4128460958515,2025-10-02 15h57.58.102804 +0530,
-50,x,120,120,31,x,1,1.2314783749898197,None,,,,,31,120,120,0,875.1613482500106,,875.1525930830103,875.1613482500106,876.1433112080122,876.1433112080122,876.1433112080122,876.1433112080122,876.1587061669998,877.1425396249979,877.1425396249979,878.3764216249983,,,,,x,1,1.2314783749898197,None,parti3,001,2025-10-02_15h57.01.041,MotorSequenceLearning_NupurShah,,2025.1.1,119.4128460958515,2025-10-02 15h57.58.102804 +0530,
150,v,121,121,31,v,1,0.9012133740034187,None,,,,,31,121,121,1,878.386367708008,,878.3769112080045,878.386367708008,879.3768806670123,879.3768806670123,879.3768806670123,879.3768806670123,879.3849399580067,880.3756784580037,880.3756784580037,881.2854732920096,,,,,v,1,0.9012133740034187,None,parti3,001,2025-10-02_15h57.01.041,MotorSequenceLearning_NupurShah,,2025.1.1,119.4128460958515,2025-10-02 15h57.58.102804 +0530,
50,c,122,122,30,c,1,0.7432859989930876,None,,,,,30,122,122,2,881.2950935000117,,881.2859614580084,881.2950935000117,882.2766637500026,882.2766637500026,882.2766637500026,882.2766637500026,882.292118042009,883.2766390830075,883.2766390830075,884.0262725420034,,,,,c,1,0.7432859989930876,None,parti3,001,2025-10-02_15h57.01.041,MotorSequenceLearning_NupurShah,,2025.1.1,119.4128460958515,2025-10-02 15h57.58.102804 +0530,
-50,x,123,123,32,x,1,0.9099987910012715,None,,,,,32,123,123,0,884.036177957998,,884.026773000005,884.036177957998,885.0268657499983,885.0268657499983,885.0268657499983,885.0268657499983,885.0348970420018,886.0258153330069,886.0258153330069,886.9435132920044,,,,,x,1,0.9099987910012715,None,parti3,001,2025-10-02_15h57.01.041,MotorSequenceLearning_NupurShah,,2025.1.1,119.4128460958515,2025-10-02 15h57.58.102804 +0530,
50,c,124,124,31,c,1,0.8724367909890134,None,,,,,31,124,124,2,886.967891207998,,886.9440528749983,886.967891207998,887.9341453750094,887.9341453750094,887.9341453750094,887.9341453750094,887.9583596669981,888.9424404580059,888.9424404580059,889.8192114580015,,,,,c,1,0.8724367909890134,None,parti3,001,2025-10-02_15h57.01.041,MotorSequenceLearning_NupurShah,,2025.1.1,119.4128460958515,2025-10-02 15h57.58.102804 +0530,
150,v,125,125,32,v,1,1.7265539159998298,None,,,,,32,125,125,1,889.8291284170118,,889.8197205420001,889.8291284170118,890.8105283750047,890.8105283750047,890.8105283750047,890.8105283750047,890.8259336250048,891.8173277080059,891.8173277080059,893.5528599579993,,,,,v,1,1.7265539159998298,None,parti3,001,2025-10-02_15h57.01.041,MotorSequenceLearning_NupurShah,,2025.1.1,119.4128460958515,2025-10-02 15h57.58.102804 +0530,
-150,z,126,126,28,z,1,1.6114825819968246,None,,,,,28,126,126,3,893.5630733330036,,893.5534307500056,893.5630733330036,894.5507898330106,894.5507898330106,894.5507898330106,894.5507898330106,894.5584983750014,895.5513185830059,895.5513185830059,897.169662625005,,,,,z,1,1.6114825819968246,None,parti3,001,2025-10-02_15h57.01.041,MotorSequenceLearning_NupurShah,,2025.1.1,119.4128460958515,2025-10-02 15h57.58.102804 +0530,
-150,z,127,127,29,z,1,0.806388707991573,None,,,,,29,127,127,3,897.1796227080049,,897.1702496250073,897.1796227080049,898.1672852080083,898.1672852080083,898.1672852080083,898.1672852080083,898.1750200829993,899.1682588330004,899.1682588330004,899.9764800000121,,,,,z,1,0.806388707991573,None,parti3,001,2025-10-02_15h57.01.041,MotorSequenceLearning_NupurShah,,2025.1.1,119.4128460958515,2025-10-02 15h57.58.102804 +0530,
150,v,128,128,33,v,1,1.2579137489956338,None,,,,,33,128,128,1,899.9866043330112,,899.9769962080027,899.9866043330112,900.9766693749989,900.9766693749989,900.9766693749989,900.9766693749989,900.9847984580119,901.9768600000098,901.9768600000098,903.2426469170023,,,,,v,1,1.2579137489956338,None,parti3,001,2025-10-02_15h57.01.041,MotorSequenceLearning_NupurShah,,2025.1.1,119.4128460958515,2025-10-02 15h57.58.102804 +0530,
-50,x,129,129,33,x,1,1.0501964579889318,None,,,,,33,129,129,0,903.2528056250012,,903.2431504999986,903.2528056250012,904.243265875004,904.243265875004,904.243265875004,904.243265875004,904.2513845000067,905.2436605830007,905.2436605830007,906.3022430830024,,,,,x,1,1.0501964579889318,None,parti3,001,2025-10-02_15h57.01.041,MotorSequenceLearning_NupurShah,,2025.1.1,119.4128460958515,2025-10-02 15h57.58.102804 +0530,
150,v,130,130,34,v,1,1.834522958000889,None,,,,,34,130,130,1,906.3120738750004,,906.302725667003,906.3120738750004,907.2935908750078,907.2935908750078,907.2935908750078,907.2935908750078,907.3084272080014,908.2932227499987,908.2932227499987,910.1364763750025,,,,,v,1,1.834522958000889,None,parti3,001,2025-10-02_15h57.01.041,MotorSequenceLearning_NupurShah,,2025.1.1,119.4128460958515,2025-10-02 15h57.58.102804 +0530,
-150,z,131,131,30,z,1,0.9560645830060821,None,,,,,30,131,131,3,910.1467800829996,,910.1371093750058,910.1467800829996,911.1343722919992,911.1343722919992,911.1343722919992,911.1343722919992,911.1420521670079,912.1347257080051,912.1347257080051,913.0941295000084,,,,,z,1,0.9560645830060821,None,parti3,001,2025-10-02_15h57.01.041,MotorSequenceLearning_NupurShah,,2025.1.1,119.4128460958515,2025-10-02 15h57.58.102804 +0530,
150,v,132,132,35,v,1,1.200093665989698,None,,,,,35,132,132,1,913.1043021670048,,913.0946501670114,913.1043021670048,914.0936351249984,914.0936351249984,914.0936351249984,914.0936351249984,914.1017777079978,915.0935473330028,915.0935473330028,916.3032097079995,,,,,v,1,1.200093665989698,None,parti3,001,2025-10-02_15h57.01.041,MotorSequenceLearning_NupurShah,,2025.1.1,119.4128460958515,2025-10-02 15h57.58.102804 +0530,
50,c,133,133,32,c,1,1.2120517909934279,None,,,,,32,133,133,2,916.3137692080054,,916.3037946670083,916.3137692080054,917.3010044580005,917.3010044580005,917.3010044580005,917.3010044580005,917.308710917001,918.3015449170052,918.3015449170052,919.5197258750122,,,,,c,1,1.2120517909934279,None,parti3,001,2025-10-02_15h57.01.041,MotorSequenceLearning_NupurShah,,2025.1.1,119.4128460958515,2025-10-02 15h57.58.102804 +0530,
-50,x,134,134,34,x,1,0.8899385820113821,None,,,,,34,134,134,0,919.5302963330032,,919.5203040830093,919.5302963330032,920.5177215420117,920.5177215420117,920.5177215420117,920.5177215420117,920.5253282500053,921.5177102919988,921.5177102919988,922.4099262079981,,,,,x,1,0.8899385820113821,None,parti3,001,2025-10-02_15h57.01.041,MotorSequenceLearning_NupurShah,,2025.1.1,119.4128460958515,2025-10-02 15h57.58.102804 +0530,
50,c,135,135,33,c,1,1.1552727910020621,None,,,,,33,135,135,2,922.4176235420018,,922.4104225000046,922.4176235420018,923.4113462920068,923.4113462920068,923.4113462920068,923.4113462920068,923.4113462920068,924.4104754580039,924.4104754580039,925.5696460830077,,,,,c,1,1.1552727910020621,None,parti3,001,2025-10-02_15h57.01.041,MotorSequenceLearning_NupurShah,,2025.1.1,119.4128460958515,2025-10-02 15h57.58.102804 +0530,
150,v,136,136,36,v,1,0.7503197909973096,None,,,,,36,136,136,1,925.5795390830026,,925.5701376250072,925.5795390830026,926.5690902500064,926.5690902500064,926.5690902500064,926.5690902500064,926.576677582998,927.5683290000015,927.5683290000015,928.326599625012,,,,,v,1,0.7503197909973096,None,parti3,001,2025-10-02_15h57.01.041,MotorSequenceLearning_NupurShah,,2025.1.1,119.4128460958515,2025-10-02 15h57.58.102804 +0530,
50,c,137,137,34,c,1,0.7138136240100721,None,,,,,34,137,137,2,928.3363795830082,,928.3270875830058,928.3363795830082,929.3184264170122,929.3184264170122,929.3184264170122,929.3184264170122,929.3344256670098,930.3178547499992,930.3178547499992,931.0362918330065,,,,,c,1,0.7138136240100721,None,parti3,001,2025-10-02_15h57.01.041,MotorSequenceLearning_NupurShah,,2025.1.1,119.4128460958515,2025-10-02 15h57.58.102804 +0530,
-150,z,138,138,31,z,1,0.9575363740004832,None,,,,,31,138,138,3,931.0458770000114,,931.0367824580026,931.0458770000114,932.0273840000009,932.0273840000009,932.0273840000009,932.0273840000009,932.0432712080074,933.0350290420029,933.0350290420029,934.0025652920012,,,,,z,1,0.9575363740004832,None,parti3,001,2025-10-02_15h57.01.041,MotorSequenceLearning_NupurShah,,2025.1.1,119.4128460958515,2025-10-02 15h57.58.102804 +0530,
-150,z,139,139,32,z,1,0.5144737499940675,None,,,,,32,139,139,3,934.0120687080052,,934.0030610000103,934.0120687080052,935.001241667007,935.001241667007,935.001241667007,935.001241667007,935.0091886250011,935.9932215830049,935.9932215830049,936.5097713330033,,,,,z,1,0.5144737499940675,None,parti3,001,2025-10-02_15h57.01.041,MotorSequenceLearning_NupurShah,,2025.1.1,119.4128460958515,2025-10-02 15h57.58.102804 +0530,
-150,z,140,140,33,z,1,0.4712648739950964,None,,,,,33,140,140,3,936.5184065830108,,936.5102412080014,936.5184065830108,937.5019412080001,937.5019412080001,937.5019412080001,937.5019412080001,937.5095038330037,938.5012980419997,938.5012980419997,938.9772007499996,,,,,z,1,0.4712648739950964,None,parti3,001,2025-10-02_15h57.01.041,MotorSequenceLearning_NupurShah,,2025.1.1,119.4128460958515,2025-10-02 15h57.58.102804 +0530,
150,v,141,141,37,v,1,2.288752791006118,None,,,,,37,141,141,1,938.9868627920077,,938.9776616669988,938.9868627920077,939.9769343330117,939.9769343330117,939.9769343330117,939.9769343330117,939.9846227920061,940.9766907080048,940.9766907080048,943.2700585830025,,,,,v,1,2.288752791006118,None,parti3,001,2025-10-02_15h57.01.041,MotorSequenceLearning_NupurShah,,2025.1.1,119.4128460958515,2025-10-02 15h57.58.102804 +0530,
-150,z,142,142,34,z,1,1.519866999995429,None,,,,,34,142,142,3,943.2800649170094,,943.2705804580037,943.2800649170094,944.2680737920018,944.2680737920018,944.2680737920018,944.2680737920018,944.2758913750004,945.2685685420001,945.2685685420001,946.7937943750003,,,,,z,1,1.519866999995429,None,parti3,001,2025-10-02_15h57.01.041,MotorSequenceLearning_NupurShah,,2025.1.1,119.4128460958515,2025-10-02 15h57.58.102804 +0530,
50,c,143,143,35,c,1,1.5543215829966357,None,,,,,35,143,143,2,946.8036578330066,,946.7942977080093,946.8036578330066,947.7945747080084,947.7945747080084,947.7945747080084,947.7945747080084,947.8026030830079,948.7934160000004,948.7934160000004,950.353487750006,,,,,c,1,1.5543215829966357,None,parti3,001,2025-10-02_15h57.01.041,MotorSequenceLearning_NupurShah,,2025.1.1,119.4128460958515,2025-10-02 15h57.58.102804 +0530,
-50,x,144,144,35,x,1,1.7383522080053808,None,,,,,35,144,144,0,950.3638759580062,,950.3541491250071,950.3638759580062,951.3514250830049,951.3514250830049,951.3514250830049,951.3514250830049,951.3590211250121,952.351944250011,952.351944250011,954.0941418750008,,,,,x,1,1.7383522080053808,None,parti3,001,2025-10-02_15h57.01.041,MotorSequenceLearning_NupurShah,,2025.1.1,119.4128460958515,2025-10-02 15h57.58.102804 +0530,
150,v,145,145,38,v,1,1.091013916011434,None,,,,,38,145,145,1,954.1041099170106,,954.0946287920087,954.1041099170106,955.0942934580089,955.0942934580089,955.0942934580089,955.0942934580089,955.1021503750089,956.09424291701,956.09424291701,957.1865676669986,,,,,v,1,1.091013916011434,None,parti3,001,2025-10-02_15h57.01.041,MotorSequenceLearning_NupurShah,,2025.1.1,119.4128460958515,2025-10-02 15h57.58.102804 +0530,
150,v,146,146,39,v,1,0.8497651659999974,None,,,,,39,146,146,1,957.1930419170094,,957.1870507080021,957.1930419170094,958.1778893330047,958.1778893330047,958.1778893330047,958.1778893330047,958.1860714170034,959.1848821669992,959.1848821669992,960.0366352499987,,,,,v,1,0.8497651659999974,None,parti3,001,2025-10-02_15h57.01.041,MotorSequenceLearning_NupurShah,,2025.1.1,119.4128460958515,2025-10-02 15h57.58.102804 +0530,
150,v,147,147,40,v,1,0.5169036660081474,None,,,,,40,147,147,1,960.0431149170035,,960.0371199580113,960.0431149170035,961.0357798750047,961.0357798750047,961.0357798750047,961.0357798750047,961.0357798750047,962.035494374999,962.035494374999,962.5604468329984,,,,,v,1,0.5169036660081474,None,parti3,001,2025-10-02_15h57.01.041,MotorSequenceLearning_NupurShah,,2025.1.1,119.4128460958515,2025-10-02 15h57.58.102804 +0530,
-150,z,148,148,35,z,1,1.1914691240090178,None,,,,,35,148,148,3,962.5705571670114,,962.5609437500098,962.5705571670114,963.5613393329986,963.5613393329986,963.5613393329986,963.5613393329986,963.569584375,964.559918125,964.559918125,965.7534253330086,,,,,z,1,1.1914691240090178,None,parti3,001,2025-10-02_15h57.01.041,MotorSequenceLearning_NupurShah,,2025.1.1,119.4128460958515,2025-10-02 15h57.58.102804 +0530,
50,c,149,149,36,c,1,1.3612758320086868,None,,,,,36,149,149,2,965.7600854170014,,965.7539186250069,965.7600854170014,966.7521608750103,966.7521608750103,966.7521608750103,966.7521608750103,966.7521608750103,967.7520907500002,967.7520907500002,969.1195079169993,,,,,c,1,1.3612758320086868,None,parti3,001,2025-10-02_15h57.01.041,MotorSequenceLearning_NupurShah,,2025.1.1,119.4128460958515,2025-10-02 15h57.58.102804 +0530,
150,v,150,150,41,v,1,0.9312921660020947,None,,,,,41,150,150,1,969.1284036670113,,969.1199263330054,969.1284036670113,970.1113554170006,970.1113554170006,970.1113554170006,970.1113554170006,970.1190557500086,971.1188436250086,971.1188436250086,972.053558042011,,,,,v,1,0.9312921660020947,None,parti3,001,2025-10-02_15h57.01.041,MotorSequenceLearning_NupurShah,,2025.1.1,119.4128460958515,2025-10-02 15h57.58.102804 +0530,
-50,x,151,151,36,x,1,1.4268564999947557,None,,,,,36,151,151,0,972.0634088330116,,972.0540898330073,972.0634088330116,973.0522290420049,973.0522290420049,973.0522290420049,973.0522290420049,973.0596594579984,974.052196042001,974.052196042001,975.4867812500015,,,,,x,1,1.4268564999947557,None,parti3,001,2025-10-02_15h57.01.041,MotorSequenceLearning_NupurShah,,2025.1.1,119.4128460958515,2025-10-02 15h57.58.102804 +0530,
150,v,152,152,42,v,1,1.1641636659915093,None,,,,,42,152,152,1,975.4968760420015,,975.4873019580118,975.4968760420015,976.485207500009,976.485207500009,976.485207500009,976.485207500009,976.49290883301,977.4858588750067,977.4858588750067,978.6536380420002,,,,,v,1,1.1641636659915093,None,parti3,001,2025-10-02_15h57.01.041,MotorSequenceLearning_NupurShah,,2025.1.1,119.4128460958515,2025-10-02 15h57.58.102804 +0530,
-50,x,153,153,37,x,1,1.2438135410047835,None,,,,,37,153,153,0,978.6637967080023,,978.6542269170022,978.6637967080023,979.6522908750048,979.6522908750048,979.6522908750048,979.6522908750048,979.6600762919988,980.6523830000078,980.6523830000078,981.9034697919997,,,,,x,1,1.2438135410047835,None,parti3,001,2025-10-02_15h57.01.041,MotorSequenceLearning_NupurShah,,2025.1.1,119.4128460958515,2025-10-02 15h57.58.102804 +0530,
50,c,154,154,37,c,1,1.1939711240120232,None,,,,,37,154,154,2,981.9133028330107,,981.9039842920029,981.9133028330107,982.8946468330105,982.8946468330105,982.8946468330105,982.8946468330105,982.9105937920103,983.9023109580012,983.9023109580012,985.1038644170039,,,,,c,1,1.1939711240120232,None,parti3,001,2025-10-02_15h57.01.041,MotorSequenceLearning_NupurShah,,2025.1.1,119.4128460958515,2025-10-02 15h57.58.102804 +0530,
150,v,155,155,43,v,1,1.2387954580044607,None,,,,,43,155,155,1,985.1130618330062,,985.1043442920054,985.1130618330062,986.1026132080005,986.1026132080005,986.1026132080005,986.1026132080005,986.1103166670073,987.1023098330043,987.1023098330043,988.3442000000068,,,,,v,1,1.2387954580044607,None,parti3,001,2025-10-02_15h57.01.041,MotorSequenceLearning_NupurShah,,2025.1.1,119.4128460958515,2025-10-02 15h57.58.102804 +0530,
-50,x,156,156,38,x,1,1.0982626659970265,None,,,,,38,156,156,0,988.3545957919996,,988.3447166250116,988.3545957919996,989.3445822500071,989.3445822500071,989.3445822500071,989.3445822500071,989.3525247080106,990.335716542002,990.335716542002,991.4372353330109,,,,,x,1,1.0982626659970265,None,parti3,001,2025-10-02_15h57.01.041,MotorSequenceLearning_NupurShah,,2025.1.1,119.4128460958515,2025-10-02 15h57.58.102804 +0530,
50,c,157,157,38,c,1,0.9890823330060812,None,,,,,38,157,157,2,991.4475797920022,,991.4378245420085,991.4475797920022,992.435828792004,992.435828792004,992.435828792004,992.435828792004,992.4441209170036,993.4357983330119,993.4357983330119,994.4277401250001,,,,,c,1,0.9890823330060812,None,parti3,001,2025-10-02_15h57.01.041,MotorSequenceLearning_NupurShah,,2025.1.1,119.4128460958515,2025-10-02 15h57.58.102804 +0530,
50,c,158,158,39,c,1,0.6640576659992803,None,,,,,39,158,158,2,994.4525308330049,,994.428382750004,994.4525308330049,995.4283496249991,995.4283496249991,995.4283496249991,995.4283496249991,995.4440375830018,996.4268461669999,996.4268461669999,997.094231791998,,,,,c,1,0.6640576659992803,None,parti3,001,2025-10-02_15h57.01.041,MotorSequenceLearning_NupurShah,,2025.1.1,119.4128460958515,2025-10-02 15h57.58.102804 +0530,
-50,x,159,159,39,x,1,1.297864666004898,None,,,,,39,159,159,0,997.1045255830104,,997.0947933330026,997.1045255830104,998.0948531250033,998.0948531250033,998.0948531250033,998.0948531250033,998.1026878330013,999.0940764170082,999.0940764170082,1000.3941740420123,,,,,x,1,1.297864666004898,None,parti3,001,2025-10-02_15h57.01.041,MotorSequenceLearning_NupurShah,,2025.1.1,119.4128460958515,2025-10-02 15h57.58.102804 +0530,
-50,x,160,160,40,x,1,0.6291777909937082,None,,,,,40,160,160,0,1000.4020404580078,,1000.3946592499997,1000.4020404580078,1001.394003207999,1001.394003207999,1001.394003207999,1001.394003207999,1001.394003207999,1002.38589783301,1002.38589783301,1003.0203956250043,,,,,x,1,0.6291777909937082,None,parti3,001,2025-10-02_15h57.01.041,MotorSequenceLearning_NupurShah,,2025.1.1,119.4128460958515,2025-10-02 15h57.58.102804 +0530,
-50,x,161,161,41,x,1,0.481839123996906,None,,,,,41,161,161,0,1003.0303378750104,,1003.0208577500016,1003.0303378750104,1004.0116134580021,1004.0116134580021,1004.0116134580021,1004.0116134580021,1004.0275448330067,1005.0110055420082,1005.0110055420082,1005.4943970000022,,,,,x,1,0.481839123996906,None,parti3,001,2025-10-02_15h57.01.041,MotorSequenceLearning_NupurShah,,2025.1.1,119.4128460958515,2025-10-02 15h57.58.102804 +0530,
-150,z,162,162,36,z,1,1.1379794160020538,None,,,,,36,162,162,3,1005.5049731250037,,1005.4950067500031,1005.5049731250037,1006.496111542001,1006.496111542001,1006.496111542001,1006.496111542001,1006.5041406250093,1007.4948864580074,1007.4948864580074,1008.6372307080019,,,,,z,1,1.1379794160020538,None,parti3,001,2025-10-02_15h57.01.041,MotorSequenceLearning_NupurShah,,2025.1.1,119.4128460958515,2025-10-02 15h57.58.102804 +0530,
150,v,163,163,44,v,1,1.7739322909910697,None,,,,,44,163,163,1,1008.6472426250111,,1008.6378030830092,1008.6472426250111,1009.6355749580107,1009.6355749580107,1009.6355749580107,1009.6355749580107,1009.6433481670101,1010.6359530420013,1010.6359530420013,1012.4212081250007,,,,,v,1,1.7739322909910697,None,parti3,001,2025-10-02_15h57.01.041,MotorSequenceLearning_NupurShah,,2025.1.1,119.4128460958515,2025-10-02 15h57.58.102804 +0530,
-150,z,164,164,37,z,1,1.603899416004424,None,,,,,37,164,164,3,1012.431125957999,,1012.4219047920051,1012.431125957999,1013.418870583002,1013.418870583002,1013.418870583002,1013.418870583002,1013.4265428330109,1014.4188289580052,1014.4188289580052,1016.0279515000002,,,,,z,1,1.603899416004424,None,parti3,001,2025-10-02_15h57.01.041,MotorSequenceLearning_NupurShah,,2025.1.1,119.4128460958515,2025-10-02 15h57.58.102804 +0530,
150,v,165,165,45,v,1,1.3012313739891397,None,,,,,45,165,165,1,1016.0527395829995,,1016.0285192919982,1016.0527395829995,1017.0281908330071,1017.0281908330071,1017.0281908330071,1017.0281908330071,1017.0431699170003,1018.0275343329995,1018.0275343329995,1019.3377081250073,,,,,v,1,1.3012313739891397,None,parti3,001,2025-10-02_15h57.01.041,MotorSequenceLearning_NupurShah,,2025.1.1,119.4128460958515,2025-10-02 15h57.58.102804 +0530,
-50,x,166,166,42,x,1,1.405645665989141,None,,,,,42,166,166,0,1019.347835958004,,1019.3383134169999,1019.347835958004,1020.3361978330067,1020.3361978330067,1020.3361978330067,1020.3361978330067,1020.3446399579989,1021.3361314580106,1021.3361314580106,1022.7445177500049,,,,,x,1,1.405645665989141,None,parti3,001,2025-10-02_15h57.01.041,MotorSequenceLearning_NupurShah,,2025.1.1,119.4128460958515,2025-10-02 15h57.58.102804 +0530,
-150,z,167,167,38,z,1,0.8684415409952635,None,,,,,38,167,167,3,1022.7546656250051,,1022.7450409169978,1022.7546656250051,1023.74502058301,1023.74502058301,1023.74502058301,1023.74502058301,1023.7528849170048,1024.7361716669984,1024.7361716669984,1025.6117315419979,,,,,z,1,0.8684415409952635,None,parti3,001,2025-10-02_15h57.01.041,MotorSequenceLearning_NupurShah,,2025.1.1,119.4128460958515,2025-10-02 15h57.58.102804 +0530,
50,c,168,168,40,c,1,0.9009744580107508,None,,,,,40,168,168,2,1025.6216937920108,,1025.6122454170109,1025.6216937920108,1026.611538666999,1026.611538666999,1026.611538666999,1026.611538666999,1026.619511375,1027.6116551250016,1027.6116551250016,1028.5210066250002,,,,,c,1,0.9009744580107508,None,parti3,001,2025-10-02_15h57.01.041,MotorSequenceLearning_NupurShah,,2025.1.1,119.4128460958515,2025-10-02 15h57.58.102804 +0530,
-150,z,169,169,39,z,1,1.206941790995188,None,,,,,39,169,169,3,1028.5301729170023,,1028.5215045830118,1028.5301729170023,1029.519105917003,1029.519105917003,1029.519105917003,1029.519105917003,1029.5268551250047,1030.5195588330098,1030.5195588330098,1031.7381813750108,,,,,z,1,1.206941790995188,None,parti3,001,2025-10-02_15h57.01.041,MotorSequenceLearning_NupurShah,,2025.1.1,119.4128460958515,2025-10-02 15h57.58.102804 +0530,
-50,x,170,170,43,x,1,0.7152576239896007,None,,,,,43,170,170,0,1031.7444535420072,,1031.7386123750039,1031.7444535420072,1032.7362825419987,1032.7362825419987,1032.7362825419987,1032.7362825419987,1032.7362825419987,1033.7362756670045,1033.7362756670045,1034.4540381250117,,,,,x,1,0.7152576239896007,None,parti3,001,2025-10-02_15h57.01.041,MotorSequenceLearning_NupurShah,,2025.1.1,119.4128460958515,2025-10-02 15h57.58.102804 +0530,
50,c,171,171,41,c,1,0.8367796240054304,None,,,,,41,171,171,2,1034.463413999998,,1034.4545120830007,1034.463413999998,1035.445397375006,1035.445397375006,1035.445397375006,1035.445397375006,1035.461049999998,1036.452904167003,1036.452904167003,1037.2945938750054,,,,,c,1,0.8367796240054304,None,parti3,001,2025-10-02_15h57.01.041,MotorSequenceLearning_NupurShah,,2025.1.1,119.4128460958515,2025-10-02 15h57.58.102804 +0530,
-150,z,172,172,40,z,1,0.8963827080006013,None,,,,,40,172,172,3,1037.3046765000036,,1037.2950730830053,1037.3046765000036,1038.2945473750005,1038.2945473750005,1038.2945473750005,1038.2945473750005,1038.302561375007,1039.2863682500029,1039.2863682500029,1040.187641417011,,,,,z,1,0.8963827080006013,None,parti3,001,2025-10-02_15h57.01.041,MotorSequenceLearning_NupurShah,,2025.1.1,119.4128460958515,2025-10-02 15h57.58.102804 +0530,
50,c,173,173,42,c,1,1.1723408329999074,None,,,,,42,173,173,2,1040.1973082080076,,1040.18813533301,1040.1973082080076,1041.1864789170068,1041.1864789170068,1041.1864789170068,1041.1864789170068,1041.194157750011,1042.186369832998,1042.186369832998,1043.3613127499993,,,,,c,1,1.1723408329999074,None,parti3,001,2025-10-02_15h57.01.041,MotorSequenceLearning_NupurShah,,2025.1.1,119.4128460958515,2025-10-02 15h57.58.102804 +0530,
-50,x,174,174,44,x,1,0.9325185409979895,None,,,,,44,174,174,0,1043.371335917007,,1043.361791333009,1043.371335917007,1044.3622985830007,1044.3622985830007,1044.3622985830007,1044.3622985830007,1044.3703170830122,1045.3531471669994,1045.3531471669994,1046.287695667008,,,,,x,1,0.9325185409979895,None,parti3,001,2025-10-02_15h57.01.041,MotorSequenceLearning_NupurShah,,2025.1.1,119.4128460958515,2025-10-02 15h57.58.102804 +0530,
-150,z,175,175,41,z,1,0.7941305410058703,None,,,,,41,175,175,3,1046.2943025830027,,1046.288156374998,1046.2943025830027,1047.2864865419979,1047.2864865419979,1047.2864865419979,1047.2864865419979,1047.2864865419979,1048.2864578330045,1048.2864578330045,1049.0877516250039,,,,,z,1,0.7941305410058703,None,parti3,001,2025-10-02_15h57.01.041,MotorSequenceLearning_NupurShah,,2025.1.1,119.4128460958515,2025-10-02 15h57.58.102804 +0530,
-50,x,176,176,45,x,1,0.8904053330043098,None,,,,,45,176,176,0,1049.0978755420074,,1049.0883549999999,1049.0978755420074,1050.0798738750018,1050.0798738750018,1050.0798738750018,1050.0798738750018,1050.095443750004,1051.0861358750117,1051.0861358750117,1051.9779285420082,,,,,x,1,0.8904053330043098,None,parti3,001,2025-10-02_15h57.01.041,MotorSequenceLearning_NupurShah,,2025.1.1,119.4128460958515,2025-10-02 15h57.58.102804 +0530,
-150,z,177,177,42,z,1,0.8248735829984071,None,,,,,42,177,177,3,1051.9861021670076,,1051.978430083007,1051.9861021670076,1052.9785571250104,1052.9785571250104,1052.9785571250104,1052.9785571250104,1052.9785571250104,1053.9694082920032,1053.9694082920032,1054.804873333007,,,,,z,1,0.8248735829984071,None,parti3,001,2025-10-02_15h57.01.041,MotorSequenceLearning_NupurShah,,2025.1.1,119.4128460958515,2025-10-02 15h57.58.102804 +0530,
-150,z,178,178,43,z,1,0.5284178319998318,None,,,,,43,178,178,3,1054.8153736250097,,1054.805561125002,1054.8153736250097,1055.802759750004,1055.802759750004,1055.802759750004,1055.802759750004,1055.8104312500072,1056.8031630830083,1056.8031630830083,1057.3379942080064,,,,,z,1,0.5284178319998318,None,parti3,001,2025-10-02_15h57.01.041,MotorSequenceLearning_NupurShah,,2025.1.1,119.4128460958515,2025-10-02 15h57.58.102804 +0530,
150,v,179,179,46,v,1,1.1087677489995258,None,,,,,46,179,179,1,1057.3480305830017,,1057.3384882920072,1057.3480305830017,1058.3361018330033,1058.3361018330033,1058.3361018330033,1058.3361018330033,1058.3437229999981,1059.3366386670095,1059.3366386670095,1060.4546278750058,,,,,v,1,1.1087677489995258,None,parti3,001,2025-10-02_15h57.01.041,MotorSequenceLearning_NupurShah,,2025.1.1,119.4128460958515,2025-10-02 15h57.58.102804 +0530,
150,v,180,180,47,v,1,0.7351328329968965,None,,,,,47,180,180,1,1060.4643807079992,,1060.4551308750088,1060.4643807079992,1061.4528339579992,1061.4528339579992,1061.4528339579992,1061.4528339579992,1061.4603093750047,1062.4533133330115,1062.4533133330115,1063.1949282080022,,,,,v,1,0.7351328329968965,None,parti3,001,2025-10-02_15h57.01.041,MotorSequenceLearning_NupurShah,,2025.1.1,119.4128460958515,2025-10-02 15h57.58.102804 +0530,
-150,z,181,181,44,z,1,1.292627957998775,None,,,,,44,181,181,3,1063.2050954580045,,1063.1953962920088,1063.2050954580045,1064.1957837500086,1064.1957837500086,1064.1957837500086,1064.1957837500086,1064.2038099580095,1065.1947366250097,1065.1947366250097,1066.4942027920042,,,,,z,1,1.292627957998775,None,parti3,001,2025-10-02_15h57.01.041,MotorSequenceLearning_NupurShah,,2025.1.1,119.4128460958515,2025-10-02 15h57.58.102804 +0530,
50,c,182,182,43,c,1,0.8957154570089187,None,,,,,43,182,182,2,1066.5041489580035,,1066.4946823330101,1066.5041489580035,1067.4868876250111,1067.4868876250111,1067.4868876250111,1067.4868876250111,1067.4946442500077,1068.4866998330108,1068.4866998330108,1069.3880129580066,,,,,c,1,0.8957154570089187,None,parti3,001,2025-10-02_15h57.01.041,MotorSequenceLearning_NupurShah,,2025.1.1,119.4128460958515,2025-10-02 15h57.58.102804 +0530,
-150,z,183,183,45,z,1,1.2467852489935467,None,,,,,45,183,183,3,1069.397872667003,,1069.3885794579983,1069.397872667003,1070.386960917007,1070.386960917007,1070.386960917007,1070.386960917007,1070.3945682080084,1071.3866794170026,1071.3866794170026,1072.638102583005,,,,,z,1,1.2467852489935467,None,parti3,001,2025-10-02_15h57.01.041,MotorSequenceLearning_NupurShah,,2025.1.1,119.4128460958515,2025-10-02 15h57.58.102804 +0530,
-50,x,184,184,46,x,1,1.5905077079951297,None,,,,,46,184,184,0,1072.6476526670012,,1072.6385915830033,1072.6476526670012,1073.636326250009,1073.636326250009,1073.636326250009,1073.636326250009,1073.6440600830101,1074.6367773750098,1074.6367773750098,1076.2286865830101,,,,,x,1,1.5905077079951297,None,parti3,001,2025-10-02_15h57.01.041,MotorSequenceLearning_NupurShah,,2025.1.1,119.4128460958515,2025-10-02 15h57.58.102804 +0530,
50,c,185,185,44,c,1,2.5830804580036784,None,,,,,44,185,185,2,1076.253522583007,,1076.2292794170062,1076.253522583007,1077.2290505420096,1077.2290505420096,1077.2290505420096,1077.2290505420096,1077.2445509170066,1078.2202755000035,1078.2202755000035,1080.8105765000073,,,,,c,1,2.5830804580036784,None,parti3,001,2025-10-02_15h57.01.041,MotorSequenceLearning_NupurShah,,2025.1.1,119.4128460958515,2025-10-02 15h57.58.102804 +0530,
-50,x,186,186,47,x,1,1.2978055410058005,None,,,,,47,186,186,0,1080.820689125001,,1080.8110923330096,1080.820689125001,1081.80354454201,1081.80354454201,1081.80354454201,1081.80354454201,1081.811224917008,1082.803489833008,1082.803489833008,1084.1049289580114,,,,,x,1,1.2978055410058005,None,parti3,001,2025-10-02_15h57.01.041,MotorSequenceLearning_NupurShah,,2025.1.1,119.4128460958515,2025-10-02 15h57.58.102804 +0530,
50,c,187,187,45,c,1,1.3446677909960272,None,,,,,45,187,187,2,1084.1142970830115,,1084.105433542005,1084.1142970830115,1085.0961207500077,1085.0961207500077,1085.0961207500077,1085.0961207500077,1085.1110145420098,1086.1035297920025,1086.1035297920025,1087.455586000011,,,,,c,1,1.3446677909960272,None,parti3,001,2025-10-02_15h57.01.041,MotorSequenceLearning_NupurShah,,2025.1.1,119.4128460958515,2025-10-02 15h57.58.102804 +0530,
-50,x,188,188,48,x,1,1.7751020410069032,None,,,,,48,188,188,0,1087.4656113750098,,1087.4563037500047,1087.4656113750098,1088.4531421670108,1088.4531421670108,1088.4531421670108,1088.4531421670108,1088.4608208749996,1089.453924750007,1089.453924750007,1091.2385357080057,,,,,x,1,1.7751020410069032,None,parti3,001,2025-10-02_15h57.01.041,MotorSequenceLearning_NupurShah,,2025.1.1,119.4128460958515,2025-10-02 15h57.58.102804 +0530,
-150,z,189,189,46,z,1,2.757261249003932,None,,,,,46,189,189,3,1091.247946250005,,1091.2390308330068,1091.247946250005,1092.236552458009,1092.236552458009,1092.236552458009,1092.236552458009,1092.2443303330074,1093.2369331670052,1093.2369331670052,1095.9958046670072,,,,,z,1,2.757261249003932,None,parti3,001,2025-10-02_15h57.01.041,MotorSequenceLearning_NupurShah,,2025.1.1,119.4128460958515,2025-10-02 15h57.58.102804 +0530,
-150,z,190,190,47,z,1,1.2367505830043228,None,,,,,47,190,190,3,1096.0068643330014,,1095.9964909580012,1096.0068643330014,1096.9959002920077,1096.9959002920077,1096.9959002920077,1096.9959002920077,1097.0037962920032,1097.9953217500006,1097.9953217500006,1099.2385603750008,,,,,z,1,1.2367505830043228,None,parti3,001,2025-10-02_15h57.01.041,MotorSequenceLearning_NupurShah,,2025.1.1,119.4128460958515,2025-10-02 15h57.58.102804 +0530,
50,c,191,191,46,c,1,1.6737549989920808,None,,,,,46,191,191,2,1099.2483954580093,,1099.239094500008,1099.2483954580093,1100.2371328330046,1100.2371328330046,1100.2371328330046,1100.2371328330046,1100.244964042009,1101.2371927500062,1101.2371927500062,1102.9125396669988,,,,,c,1,1.6737549989920808,None,parti3,001,2025-10-02_15h57.01.041,MotorSequenceLearning_NupurShah,,2025.1.1,119.4128460958515,2025-10-02 15h57.58.102804 +0530,
150,v,192,192,48,v,1,2.126382956994348,None,,,,,48,192,192,1,1102.9224329170102,,1102.913063583008,1102.9224329170102,1103.912956125001,1103.912956125001,1103.912956125001,1103.912956125001,1103.9206986250065,1104.9115021670004,1104.9115021670004,1107.045850792012,,,,,v,1,2.126382956994348,None,parti3,001,2025-10-02_15h57.01.041,MotorSequenceLearning_NupurShah,,2025.1.1,119.4128460958515,2025-10-02 15h57.58.102804 +0530,
-150,z,193,193,48,z,1,4.589672332003829,None,,,,,48,193,193,3,1107.0703271250095,,1107.0463735000085,1107.0703271250095,1108.046320583002,1108.046320583002,1108.046320583002,1108.046320583002,1108.0618933750084,1109.0453244170058,1109.0453244170058,1113.6385297079978,,,,,z,1,4.589672332003829,None,parti3,001,2025-10-02_15h57.01.041,MotorSequenceLearning_NupurShah,,2025.1.1,119.4128460958515,2025-10-02 15h57.58.102804 +0530,
-50,x,194,194,49,x,1,1.0058134579885518,None,,,,,49,194,194,0,1113.649013708011,,1113.6390910000046,1113.649013708011,1114.6373254580103,1114.6373254580103,1114.6373254580103,1114.6373254580103,1114.6447478750051,1115.6372810419998,1115.6372810419998,1116.6454859170044,,,,,x,1,1.0058134579885518,None,parti3,001,2025-10-02_15h57.01.041,MotorSequenceLearning_NupurShah,,2025.1.1,119.4128460958515,2025-10-02 15h57.58.102804 +0530,
-150,z,195,195,49,z,1,1.0085754160099896,None,,,,,49,195,195,3,1116.655139458002,,1116.6458921669982,1116.655139458002,1117.6368275830027,1117.6368275830027,1117.6368275830027,1117.6368275830027,1117.6542031249992,1118.646352249998,1118.646352249998,1119.662287750005,,,,,z,1,1.0085754160099896,None,parti3,001,2025-10-02_15h57.01.041,MotorSequenceLearning_NupurShah,,2025.1.1,119.4128460958515,2025-10-02 15h57.58.102804 +0530,
150,v,196,196,49,v,1,1.321447000009357,None,,,,,49,196,196,1,1119.6723374170106,,1119.6628014580056,1119.6723374170106,1120.6628995420033,1120.6628995420033,1120.6628995420033,1120.6628995420033,1120.6707057500025,1121.653510958,1121.653510958,1122.979616208002,,,,,v,1,1.321447000009357,None,parti3,001,2025-10-02_15h57.01.041,MotorSequenceLearning_NupurShah,,2025.1.1,119.4128460958515,2025-10-02 15h57.58.102804 +0530,
50,c,197,197,47,c,1,1.1070157500071218,None,,,,,47,197,197,2,1122.9896232080064,,1122.9801189999998,1122.9896232080064,1123.9798573330045,1123.9798573330045,1123.9798573330045,1123.9798573330045,1123.988026292005,1124.9707412080024,1124.9707412080024,1126.078985458007,,,,,c,1,1.1070157500071218,None,parti3,001,2025-10-02_15h57.01.041,MotorSequenceLearning_NupurShah,,2025.1.1,119.4128460958515,2025-10-02 15h57.58.102804 +0530,
50,c,198,198,48,c,1,1.3334204989951104,None,,,,,48,198,198,2,1126.0868362500041,,1126.0795156250097,1126.0868362500041,1127.0796026250027,1127.0796026250027,1127.0796026250027,1127.0796026250027,1127.0796026250027,1128.070297541999,1128.070297541999,1129.4051742080046,,,,,c,1,1.3334204989951104,None,parti3,001,2025-10-02_15h57.01.041,MotorSequenceLearning_NupurShah,,2025.1.1,119.4128460958515,2025-10-02 15h57.58.102804 +0530,
50,c,199,199,49,c,1,1.2355747069959762,None,,,,,49,199,199,2,1129.4150350830023,,1129.4056684579991,1129.4150350830023,1130.3965832920076,1130.3965832920076,1130.3965832920076,1130.3965832920076,1130.4121673330083,1131.4041850420035,1131.4041850420035,1132.6465891250118,,,,,c,1,1.2355747069959762,None,parti3,001,2025-10-02_15h57.01.041,MotorSequenceLearning_NupurShah,,2025.1.1,119.4128460958515,2025-10-02 15h57.58.102804 +0530,
